"File","Offset","Expression","Value"
"PvfCode\AppSetting.cs","0","0x2F9AA85A ^ _003CModule_003E_007Bca6a0dd5_002Dc5c4_002D415b_002Db834_002D43407116930c_007D.m_85a9146d95c445febccf19a89589f9ed.m_ffdf07cd419c4048ae81f7fe42516fc1","Options"
"PvfCode\AppSetting.cs","18","0x4CE9BA74 ^ _003CModule_003E_007Bca6a0dd5_002Dc5c4_002D415b_002Db834_002D43407116930c_007D.m_85a9146d95c445febccf19a89589f9ed.m_be9ee334797b4b96b06bf02729756884","pvfUtility.Layout"
"PvfCode\AppSetting.cs","56","0x129C0E40 ^ _003CModule_003E_007Bca6a0dd5_002Dc5c4_002D415b_002Db834_002D43407116930c_007D.m_85a9146d95c445febccf19a89589f9ed.m_5af5ce3e732a4544805a6d53df0b38f3","AppConfig.bin"
"PvfCode\AppSetting.cs","86","0x4D7C2391 ^ _003CModule_003E_007Bca6a0dd5_002Dc5c4_002D415b_002Db834_002D43407116930c_007D.m_85a9146d95c445febccf19a89589f9ed.m_e7a16d566a7344fa9fc075b01f65053f","AniDesigner"
"PvfCode\AppSetting.cs","112","0x43FEBE00 ^ _003CModule_003E_007Bca6a0dd5_002Dc5c4_002D415b_002Db834_002D43407116930c_007D.m_85a9146d95c445febccf19a89589f9ed.m_76a5329ba89c419bb504977e60bee020","CurrentLang"
"PvfCode\AppSetting.cs","138","0x688B02D7 ^ _003CModule_003E_007Bca6a0dd5_002Dc5c4_002D415b_002Db834_002D43407116930c_007D.m_85a9146d95c445febccf19a89589f9ed.m_fe79ec19ea654f38b817b93aa0f16bb8","ChildWindowAttachmentMainWindow"
"PvfCode\AppSetting.cs","204","0x4D7C230B ^ _003CModule_003E_007Bca6a0dd5_002Dc5c4_002D415b_002Db834_002D43407116930c_007D.m_85a9146d95c445febccf19a89589f9ed.m_e7a16d566a7344fa9fc075b01f65053f","FontSize"
"PvfCode\AppSetting.cs","224","0x24C1DA11 ^ _003CModule_003E_007Bca6a0dd5_002Dc5c4_002D415b_002Db834_002D43407116930c_007D.m_85a9146d95c445febccf19a89589f9ed.m_b44dc61355f746e296ab2869249a148a","UploadScriptFileContentFormatting"
"PvfCode\AppSetting.cs","294","0x57677D7 ^ _003CModule_003E_007Bca6a0dd5_002Dc5c4_002D415b_002Db834_002D43407116930c_007D.m_85a9146d95c445febccf19a89589f9ed.m_6f35923f7e3c448e89885f2a3e304f16","MacroGroup"
"PvfCode\AppSetting.cs","318","0x4D7C22F9 ^ _003CModule_003E_007Bca6a0dd5_002Dc5c4_002D415b_002Db834_002D43407116930c_007D.m_85a9146d95c445febccf19a89589f9ed.m_e7a16d566a7344fa9fc075b01f65053f","NowThemeType"
"PvfCode\AppSetting.cs","346","0x129C0F22 ^ _003CModule_003E_007Bca6a0dd5_002Dc5c4_002D415b_002Db834_002D43407116930c_007D.m_85a9146d95c445febccf19a89589f9ed.m_5af5ce3e732a4544805a6d53df0b38f3","AppConfig("
"PvfCode\AppSetting.cs","346","0x4AAC672C ^ _003CModule_003E_007Bca6a0dd5_002Dc5c4_002D415b_002Db834_002D43407116930c_007D.m_85a9146d95c445febccf19a89589f9ed.m_462d5774e5b343638785f870c8a2368d","AppConfig("
"PvfCode\AppSetting.cs","370","0x24C1DB83 ^ _003CModule_003E_007Bca6a0dd5_002Dc5c4_002D415b_002Db834_002D43407116930c_007D.m_85a9146d95c445febccf19a89589f9ed.m_b44dc61355f746e296ab2869249a148a",").bin"
"PvfCode\AppSetting.cs","370","0x4D181FFC ^ _003CModule_003E_007Bca6a0dd5_002Dc5c4_002D415b_002Db834_002D43407116930c_007D.m_85a9146d95c445febccf19a89589f9ed.m_ae8e5535a56e41c088957a236c4dbbbb",").bin"
"PvfCode\AppSetting.cs","384","0x53B0D19F ^ _003CModule_003E_007Bca6a0dd5_002Dc5c4_002D415b_002Db834_002D43407116930c_007D.m_85a9146d95c445febccf19a89589f9ed.m_6337ac5176b94e4fbc82458203a33980","配置文件加载时发生错误："
"PvfCode\AppSetting.cs","412","-2058136330 ^ -1517416171 ^ _003CModule_003E_007Bca6a0dd5_002Dc5c4_002D415b_002Db834_002D43407116930c_007D.m_85a9146d95c445febccf19a89589f9ed.m_da86af125ef44472bcb7ee017043046c","

已为您将配置文件备份到："
"PvfCode\AppSetting.cs","448","0x785FEA9B ^ _003CModule_003E_007Bca6a0dd5_002Dc5c4_002D415b_002Db834_002D43407116930c_007D.m_85a9146d95c445febccf19a89589f9ed.m_ee9019ee278a483f841ec956772ff02e","

请发送给作者分析修复"
"PvfCode\AppSetting.cs","480","0x6854CDEC ^ _003CModule_003E_007Bca6a0dd5_002Dc5c4_002D415b_002Db834_002D43407116930c_007D.m_85a9146d95c445febccf19a89589f9ed.m_41ad5cab4cce48768ab95608091291f1","错误"
"PvfCode\AppSetting.cs","488","0x4337FE0A ^ _003CModule_003E_007Bca6a0dd5_002Dc5c4_002D415b_002Db834_002D43407116930c_007D.m_85a9146d95c445febccf19a89589f9ed.m_65201c1aa71149eca034db0cff153bd8","MainWindowIsEnabled"
"PvfCode\AppSetting.cs","530","0x28E203E9 ^ _003CModule_003E_007Bca6a0dd5_002Dc5c4_002D415b_002Db834_002D43407116930c_007D.m_85a9146d95c445febccf19a89589f9ed.m_e9f521b2cedb42298066f13a8308d8df","InsertIndependent_drop_ListOrder"
"PvfCode\AppSetting.cs","598","0x1C1E3E53 ^ _003CModule_003E_007Bca6a0dd5_002Dc5c4_002D415b_002Db834_002D43407116930c_007D.m_85a9146d95c445febccf19a89589f9ed.m_70c8fd8404cf43c49abc052e4d3493da","pvfUtility"
"PvfCode\AppSetting.cs","622","0x785FE935 ^ _003CModule_003E_007Bca6a0dd5_002Dc5c4_002D415b_002Db834_002D43407116930c_007D.m_85a9146d95c445febccf19a89589f9ed.m_ee9019ee278a483f841ec956772ff02e","!#$%&*((qsdV2321SDFSD"
"PvfCode\AutoTheBackupPvfOptions.cs","668","0x20DD46E3 ^ _003CModule_003E_007Bca6a0dd5_002Dc5c4_002D415b_002Db834_002D43407116930c_007D.m_85a9146d95c445febccf19a89589f9ed.m_da86af125ef44472bcb7ee017043046c","AutoTheBackupPvfIsOpen"
"PvfCode\AutoTheBackupPvfOptions.cs","716","0x576743D ^ _003CModule_003E_007Bca6a0dd5_002Dc5c4_002D415b_002Db834_002D43407116930c_007D.m_85a9146d95c445febccf19a89589f9ed.m_6f35923f7e3c448e89885f2a3e304f16","SleepTimeMinutes"
"PvfCode\AutoTheBackupPvfOptions.cs","752","- -265447410 ^ 0x2B13BFF3 ^ _003CModule_003E_007Bca6a0dd5_002Dc5c4_002D415b_002Db834_002D43407116930c_007D.m_85a9146d95c445febccf19a89589f9ed.m_b44dc61355f746e296ab2869249a148a","BackupPvfMaxCount"
"PvfCode\AutoTheBackupPvfOptions.cs","790","0x317FCDF2 ^ _003CModule_003E_007Bca6a0dd5_002Dc5c4_002D415b_002Db834_002D43407116930c_007D.m_85a9146d95c445febccf19a89589f9ed.m_c8a3a7f5afbc4fc4b6ff1911680fdf15","BackupSuccessLog"
"PvfCode\AutoTheBackupPvfOptions.cs","826","0x2965D14A ^ _003CModule_003E_007Bca6a0dd5_002Dc5c4_002D415b_002Db834_002D43407116930c_007D.m_85a9146d95c445febccf19a89589f9ed.m_c8a6e237ba5e4929b4e63ed86132c747","BackupPvf"
"PvfCode\AutoTheBackupPvfOptions.cs","826","0x74C42860 ^ _003CModule_003E_007Bca6a0dd5_002Dc5c4_002D415b_002Db834_002D43407116930c_007D.m_85a9146d95c445febccf19a89589f9ed.m_946c564fa5bd4978b05e48a363369447","BackupPvf"
"PvfCode\AutoTheBackupPvfOptions.cs","848","0x73AEAA66 ^ _003CModule_003E_007Bca6a0dd5_002Dc5c4_002D415b_002Db834_002D43407116930c_007D.m_85a9146d95c445febccf19a89589f9ed.m_d0bedb8ed954407788e10a44ffb71f41","BackupPath"
"PvfCode\AutoTheBackupPvfOptions.cs","872","0x4201520 ^ _003CModule_003E_007Bca6a0dd5_002Dc5c4_002D415b_002Db834_002D43407116930c_007D.m_85a9146d95c445febccf19a89589f9ed.m_e5cd12d216b1498fb26aa29e2d96165a","ShowBackUpDirName"
"PvfCode\AutoTheBackupPvfOptions.cs","910","0x1C1E3F8B ^ _003CModule_003E_007Bca6a0dd5_002Dc5c4_002D415b_002Db834_002D43407116930c_007D.m_85a9146d95c445febccf19a89589f9ed.m_70c8fd8404cf43c49abc052e4d3493da","pvfUtility_BackUpPvf"
"PvfCode\AutoTheBackupPvfOptions.cs","954","0x4337FC58 ^ _003CModule_003E_007Bca6a0dd5_002Dc5c4_002D415b_002Db834_002D43407116930c_007D.m_85a9146d95c445febccf19a89589f9ed.m_65201c1aa71149eca034db0cff153bd8","BackUpDirName"
"PvfCode\AutoTheBackupPvfOptions.cs","984","0x66B3444A ^ _003CModule_003E_007Bca6a0dd5_002Dc5c4_002D415b_002Db834_002D43407116930c_007D.m_85a9146d95c445febccf19a89589f9ed.m_92f741ef5b364ad3b7d2745060db6ed7","script_"
"PvfCode\AutoTheBackupPvfOptions.cs","1002","0x394B2CB1 ^ _003CModule_003E_007Bca6a0dd5_002Dc5c4_002D415b_002Db834_002D43407116930c_007D.m_85a9146d95c445febccf19a89589f9ed.m_043dbbb5c70a4a1fade9fef173522ca3",".pvf"
"PvfCode\AutoTheBackupPvfOptions.cs","1014","- -320613038 ^ 0x173C3F10 ^ _003CModule_003E_007Bca6a0dd5_002Dc5c4_002D415b_002Db834_002D43407116930c_007D.m_85a9146d95c445febccf19a89589f9ed.m_e5cd12d216b1498fb26aa29e2d96165a","mess_PleaseSelectPvfPath"
"PvfCode\ClientApiOptions.cs","1066","0x67BC5E23 ^ _003CModule_003E_007Bca6a0dd5_002Dc5c4_002D415b_002Db834_002D43407116930c_007D.m_85a9146d95c445febccf19a89589f9ed.m_da16609e2e45436cb9599265ac249e45","Port"
"PvfCode\ClientApiOptions.cs","1078","- -971443473 ^ 0x4A49A011 ^ _003CModule_003E_007Bca6a0dd5_002Dc5c4_002D415b_002Db834_002D43407116930c_007D.m_85a9146d95c445febccf19a89589f9ed.m_d0bedb8ed954407788e10a44ffb71f41","StartLoading"
"PvfCode\ClientApiOptions.cs","1106","0x1D48617A ^ _003CModule_003E_007Bca6a0dd5_002Dc5c4_002D415b_002Db834_002D43407116930c_007D.m_85a9146d95c445febccf19a89589f9ed.m_de1f8a36425541afa677302f17d6b50a","UseCompatibleDecompiler"
"PvfCode\Models\BatchOperation\BatchOperationConfig.cs","14164","0x57641A5 ^ _003CModule_003E_007Bca6a0dd5_002Dc5c4_002D415b_002Db834_002D43407116930c_007D.m_85a9146d95c445febccf19a89589f9ed.m_6f35923f7e3c448e89885f2a3e304f16","RemoveOrKeepFileType"
"PvfCode\Models\BatchOperation\BatchOperationConfig.cs","14208","- -1550668123 ^ 0x28B549F2 ^ _003CModule_003E_007Bca6a0dd5_002Dc5c4_002D415b_002Db834_002D43407116930c_007D.m_85a9146d95c445febccf19a89589f9ed.m_bb6682a830894276b8bd5aef887f12e5","FileTypes"
"PvfCode\Models\BatchOperation\BatchOperationConfig.cs","22082","0x3A4A3788 ^ _003CModule_003E_007Bca6a0dd5_002Dc5c4_002D415b_002Db834_002D43407116930c_007D.m_85a9146d95c445febccf19a89589f9ed.m_a42832252e5045a78f8c39de3ab569ac","FindKeyword"
"PvfCode\Models\BatchOperation\BatchOperationConfig.cs","22108","0x266BFC5C ^ _003CModule_003E_007Bca6a0dd5_002Dc5c4_002D415b_002Db834_002D43407116930c_007D.m_85a9146d95c445febccf19a89589f9ed.m_f4ab16c1a26b4e079612d99382e8f0cd","ReplaceKeyword"
"PvfCode\Models\BatchOperation\BatchOperationConfig.cs","22140","0x3F56CC6F ^ _003CModule_003E_007Bca6a0dd5_002Dc5c4_002D415b_002Db834_002D43407116930c_007D.m_85a9146d95c445febccf19a89589f9ed.m_fd100ef32cc0434788a375e247f8f9c6","FindStartKeyword"
"PvfCode\Models\BatchOperation\BatchOperationConfig.cs","22176","0x4D7C7567 ^ _003CModule_003E_007Bca6a0dd5_002Dc5c4_002D415b_002Db834_002D43407116930c_007D.m_85a9146d95c445febccf19a89589f9ed.m_e7a16d566a7344fa9fc075b01f65053f","FindEndKeyword"
"PvfCode\Models\BatchOperation\BatchOperationConfig.cs","22208","0x66B31152 ^ _003CModule_003E_007Bca6a0dd5_002Dc5c4_002D415b_002Db834_002D43407116930c_007D.m_85a9146d95c445febccf19a89589f9ed.m_92f741ef5b364ad3b7d2745060db6ed7","TraitReplaceKeyword"
"PvfCode\Models\BatchOperation\BatchOperationConfig.cs","22250","0x2965849A ^ _003CModule_003E_007Bca6a0dd5_002Dc5c4_002D415b_002Db834_002D43407116930c_007D.m_85a9146d95c445febccf19a89589f9ed.m_c8a6e237ba5e4929b4e63ed86132c747","AddContent"
"PvfCode\Models\BatchOperation\BatchOperationConfig.cs","22274","0x65C0F0DA ^ _003CModule_003E_007Bca6a0dd5_002Dc5c4_002D415b_002Db834_002D43407116930c_007D.m_85a9146d95c445febccf19a89589f9ed.m_0fdeeb58c74b4bbc8c8b08ea297bbe71","标签不能为空！且长度不能小于3"
"PvfCode\Models\BatchOperation\BatchOperationConfig.cs","22308","0x7FC41C5C ^ _003CModule_003E_007Bca6a0dd5_002Dc5c4_002D415b_002Db834_002D43407116930c_007D.m_85a9146d95c445febccf19a89589f9ed.m_5bc082d3f4be4b0381caca1c5291fbbd","错误的标签名 起始和结束字符必须时 []"
"PvfCode\Models\BatchOperation\BatchOperationConfig.cs","22352","0x58FC5FBD ^ _003CModule_003E_007Bca6a0dd5_002Dc5c4_002D415b_002Db834_002D43407116930c_007D.m_85a9146d95c445febccf19a89589f9ed.m_65f6650189a24507afbf9f6fb93e3d47","[/"
"PvfCode\Models\BatchOperation\BatchOperationConfig.cs","22360","-2058136330 ^ -471841732 ^ _003CModule_003E_007Bca6a0dd5_002Dc5c4_002D415b_002Db834_002D43407116930c_007D.m_85a9146d95c445febccf19a89589f9ed.m_92f741ef5b364ad3b7d2745060db6ed7","DeleteSectionLineNumber"
"PvfCode\Models\BatchOperation\BatchOperationConfig.cs","22410","0x27E356A9 ^ _003CModule_003E_007Bca6a0dd5_002Dc5c4_002D415b_002Db834_002D43407116930c_007D.m_85a9146d95c445febccf19a89589f9ed.m_6933bc0b4bde451e837cb2abeda63ddf","TabControlSelectedIndex"
"PvfCode\Models\BatchOperation\BatchOperationConfig.cs","22460","0x24C18D4D ^ _003CModule_003E_007Bca6a0dd5_002Dc5c4_002D415b_002Db834_002D43407116930c_007D.m_85a9146d95c445febccf19a89589f9ed.m_b44dc61355f746e296ab2869249a148a","RegularExpressionVisibility"
"PvfCode\Models\CodeCompletionModels\CodeCompletionData.cs","6956","0x4337E4CE ^ _003CModule_003E_007Bca6a0dd5_002Dc5c4_002D415b_002Db834_002D43407116930c_007D.m_85a9146d95c445febccf19a89589f9ed.m_65201c1aa71149eca034db0cff153bd8","/"
"PvfCode\Models\CodeCompletionModels\CodeCompletionData.cs","13704","0x5764379 ^ _003CModule_003E_007Bca6a0dd5_002Dc5c4_002D415b_002Db834_002D43407116930c_007D.m_85a9146d95c445febccf19a89589f9ed.m_6f35923f7e3c448e89885f2a3e304f16","
"
"PvfCode\Models\CodeCompletionModels\CodeCompletionData.cs","21712","0x53B084CF ^ _003CModule_003E_007Bca6a0dd5_002Dc5c4_002D415b_002Db834_002D43407116930c_007D.m_85a9146d95c445febccf19a89589f9ed.m_6337ac5176b94e4fbc82458203a33980",")"
"PvfCode\Models\CodeCompletionModels\CodeCompletionData.cs","21712","- -440750154 ^ 0x50E962EC ^ _003CModule_003E_007Bca6a0dd5_002Dc5c4_002D415b_002Db834_002D43407116930c_007D.m_85a9146d95c445febccf19a89589f9ed.m_462d5774e5b343638785f870c8a2368d",")"
"PvfCode\Models\CodeCompletionModels\CodeCompletionData.cs","21844","0x27E35477 ^ _003CModule_003E_007Bca6a0dd5_002Dc5c4_002D415b_002Db834_002D43407116930c_007D.m_85a9146d95c445febccf19a89589f9ed.m_6933bc0b4bde451e837cb2abeda63ddf","Text"
"PvfCode\Models\CodeCompletionModels\CodeCompletionData.cs","21856","0x53B0857F ^ _003CModule_003E_007Bca6a0dd5_002Dc5c4_002D415b_002Db834_002D43407116930c_007D.m_85a9146d95c445febccf19a89589f9ed.m_6337ac5176b94e4fbc82458203a33980","

"
"PvfCode\Models\CodeCompletionModels\CodeCompletionData.cs","21868","0x576239D ^ _003CModule_003E_007Bca6a0dd5_002Dc5c4_002D415b_002Db834_002D43407116930c_007D.m_85a9146d95c445febccf19a89589f9ed.m_6f35923f7e3c448e89885f2a3e304f16","CompleteText"
"PvfCode\Models\CodeCompletionModels\CodeCompletionData.cs","21896","0x4AAC33FE ^ _003CModule_003E_007Bca6a0dd5_002Dc5c4_002D415b_002Db834_002D43407116930c_007D.m_85a9146d95c445febccf19a89589f9ed.m_462d5774e5b343638785f870c8a2368d","CodeCompletScriptType"
"PvfCode\Models\CodeCompletionModels\CodeCompletionData.cs","21942","0x28E2544D ^ _003CModule_003E_007Bca6a0dd5_002Dc5c4_002D415b_002Db834_002D43407116930c_007D.m_85a9146d95c445febccf19a89589f9ed.m_e9f521b2cedb42298066f13a8308d8df","IsShare"
"PvfCode\Models\CodeCompletionModels\CodeCompletionData.cs","21960","0x73AEFCFE ^ _003CModule_003E_007Bca6a0dd5_002Dc5c4_002D415b_002Db834_002D43407116930c_007D.m_85a9146d95c445febccf19a89589f9ed.m_d0bedb8ed954407788e10a44ffb71f41","NickNames"
"PvfCode\Models\CodeCompletionModels\CodeCompletionData.cs","21982","0x394B7A85 ^ _003CModule_003E_007Bca6a0dd5_002Dc5c4_002D415b_002Db834_002D43407116930c_007D.m_85a9146d95c445febccf19a89589f9ed.m_043dbbb5c70a4a1fade9fef173522ca3","$光标"
"PvfCode\Models\CodeCompletionModels\CodeCompletionData.cs","21982","0x3FED4D6E ^ _003CModule_003E_007Bca6a0dd5_002Dc5c4_002D415b_002Db834_002D43407116930c_007D.m_85a9146d95c445febccf19a89589f9ed.m_0749d7c4b9b54770bbb31347d356f299","$光标"
"PvfCode\Models\CodeCompletionModels\CodeCompletionData.cs","21982","- -440750154 ^ 0xE4488F6 ^ _003CModule_003E_007Bca6a0dd5_002Dc5c4_002D415b_002Db834_002D43407116930c_007D.m_85a9146d95c445febccf19a89589f9ed.m_f60d815fce0c42ac93b0d2803c2e35e7","$光标"
"PvfCode\Models\CodeCompletionModels\CodeCompletionData.cs","21992","0x3FED4D58 ^ _003CModule_003E_007Bca6a0dd5_002Dc5c4_002D415b_002Db834_002D43407116930c_007D.m_85a9146d95c445febccf19a89589f9ed.m_0749d7c4b9b54770bbb31347d356f299","$光标("
"PvfCode\Models\CodeCompletionModels\CodeCompletionData.cs","21992","0x35B4A5D2 ^ _003CModule_003E_007Bca6a0dd5_002Dc5c4_002D415b_002Db834_002D43407116930c_007D.m_85a9146d95c445febccf19a89589f9ed.m_0d6928e3391c40eba26b7c2395e7588c","$光标("
"PvfCode\Models\CodeCompletionModels\CodeCompletionData.cs","21992","-1774323743 ^ -1551281613 ^ _003CModule_003E_007Bca6a0dd5_002Dc5c4_002D415b_002Db834_002D43407116930c_007D.m_85a9146d95c445febccf19a89589f9ed.m_0d6928e3391c40eba26b7c2395e7588c","$光标("
"PvfCode\Models\CodeCompletionModels\CodeCompletionData.cs","22004","0x4AAC3382 ^ _003CModule_003E_007Bca6a0dd5_002Dc5c4_002D415b_002Db834_002D43407116930c_007D.m_85a9146d95c445febccf19a89589f9ed.m_462d5774e5b343638785f870c8a2368d","mess_InsertContentWhenPressTabOrEnter"
"PvfCode\Models\Edit\UnitViewModelBase.cs","20592","0x2F9AF82A ^ _003CModule_003E_007Bca6a0dd5_002Dc5c4_002D415b_002Db834_002D43407116930c_007D.m_85a9146d95c445febccf19a89589f9ed.m_ffdf07cd419c4048ae81f7fe42516fc1","#####"
"PvfCode\Models\Edit\UnitViewModelBase.cs","20636","0x4337AF7E ^ _003CModule_003E_007Bca6a0dd5_002Dc5c4_002D415b_002Db834_002D43407116930c_007D.m_85a9146d95c445febccf19a89589f9ed.m_65201c1aa71149eca034db0cff153bd8","25"
"PvfCode\Models\Edit\UnitViewModelBase.cs","20644","0x3A4A316E ^ _003CModule_003E_007Bca6a0dd5_002Dc5c4_002D415b_002Db834_002D43407116930c_007D.m_85a9146d95c445febccf19a89589f9ed.m_a42832252e5045a78f8c39de3ab569ac","50"
"PvfCode\Models\Edit\UnitViewModelBase.cs","20652","0x65C0F774 ^ _003CModule_003E_007Bca6a0dd5_002Dc5c4_002D415b_002Db834_002D43407116930c_007D.m_85a9146d95c445febccf19a89589f9ed.m_0fdeeb58c74b4bbc8c8b08ea297bbe71","75"
"PvfCode\Models\Edit\UnitViewModelBase.cs","20660","0x1D48359C ^ _003CModule_003E_007Bca6a0dd5_002Dc5c4_002D415b_002Db834_002D43407116930c_007D.m_85a9146d95c445febccf19a89589f9ed.m_de1f8a36425541afa677302f17d6b50a","100"
"PvfCode\Models\Edit\UnitViewModelBase.cs","20670","0x266BFABE ^ _003CModule_003E_007Bca6a0dd5_002Dc5c4_002D415b_002Db834_002D43407116930c_007D.m_85a9146d95c445febccf19a89589f9ed.m_f4ab16c1a26b4e079612d99382e8f0cd","125"
"PvfCode\Models\Edit\UnitViewModelBase.cs","20680","0x3F56CADB ^ _003CModule_003E_007Bca6a0dd5_002Dc5c4_002D415b_002Db834_002D43407116930c_007D.m_85a9146d95c445febccf19a89589f9ed.m_fd100ef32cc0434788a375e247f8f9c6","150"
"PvfCode\Models\Edit\UnitViewModelBase.cs","20690","0x1C1E6CD7 ^ _003CModule_003E_007Bca6a0dd5_002Dc5c4_002D415b_002Db834_002D43407116930c_007D.m_85a9146d95c445febccf19a89589f9ed.m_70c8fd8404cf43c49abc052e4d3493da","175"
"PvfCode\Models\Edit\UnitViewModelBase.cs","20700","-1003077614 ^ -1141744714 ^ _003CModule_003E_007Bca6a0dd5_002Dc5c4_002D415b_002Db834_002D43407116930c_007D.m_85a9146d95c445febccf19a89589f9ed.m_5bc082d3f4be4b0381caca1c5291fbbd","200"
"PvfCode\Models\Edit\UnitViewModelBase.cs","20710","0x4AAC3690 ^ _003CModule_003E_007Bca6a0dd5_002Dc5c4_002D415b_002Db834_002D43407116930c_007D.m_85a9146d95c445febccf19a89589f9ed.m_462d5774e5b343638785f870c8a2368d","300"
"PvfCode\Models\Edit\UnitViewModelBase.cs","20720","0x7270A416 ^ _003CModule_003E_007Bca6a0dd5_002Dc5c4_002D415b_002Db834_002D43407116930c_007D.m_85a9146d95c445febccf19a89589f9ed.m_fd1104b8a4f4413cadab00ed808204cc","400"
"PvfCode\Models\Edit\UnitViewModelBase.cs","20730","0x43FEEE8A ^ _003CModule_003E_007Bca6a0dd5_002Dc5c4_002D415b_002Db834_002D43407116930c_007D.m_85a9146d95c445febccf19a89589f9ed.m_76a5329ba89c419bb504977e60bee020","500"
"PvfCode\Models\Edit\UnitViewModelBase.cs","20740","0x44FA2A8F ^ _003CModule_003E_007Bca6a0dd5_002Dc5c4_002D415b_002Db834_002D43407116930c_007D.m_85a9146d95c445febccf19a89589f9ed.m_951adc67b6d2421c9c5fe30b42d4e38a","Percent"
"PvfCode\Models\Edit\UnitViewModelBase.cs","20758","0x73AEF820 ^ _003CModule_003E_007Bca6a0dd5_002Dc5c4_002D415b_002Db834_002D43407116930c_007D.m_85a9146d95c445febccf19a89589f9ed.m_d0bedb8ed954407788e10a44ffb71f41","%"
"PvfCode\Models\Edit\UnitViewModelBase.cs","21732","- -1680247538 ^ 0x780729E5 ^ _003CModule_003E_007Bca6a0dd5_002Dc5c4_002D415b_002Db834_002D43407116930c_007D.m_85a9146d95c445febccf19a89589f9ed.m_73758cb68bd841bd919ebc14c7dd65b6","3"
"PvfCode\Models\Edit\UnitViewModelBase.cs","21738","0x22DA611F ^ _003CModule_003E_007Bca6a0dd5_002Dc5c4_002D415b_002Db834_002D43407116930c_007D.m_85a9146d95c445febccf19a89589f9ed.m_65914779fc8a4f69bc272be591a5a205","6"
"PvfCode\Models\Edit\UnitViewModelBase.cs","21744","0x317F9A14 ^ _003CModule_003E_007Bca6a0dd5_002Dc5c4_002D415b_002Db834_002D43407116930c_007D.m_85a9146d95c445febccf19a89589f9ed.m_c8a3a7f5afbc4fc4b6ff1911680fdf15","8"
"PvfCode\Models\Edit\UnitViewModelBase.cs","21750","0x4337AB14 ^ _003CModule_003E_007Bca6a0dd5_002Dc5c4_002D415b_002Db834_002D43407116930c_007D.m_85a9146d95c445febccf19a89589f9ed.m_65201c1aa71149eca034db0cff153bd8","9"
"PvfCode\Models\Edit\UnitViewModelBase.cs","21756","0x266BFEFC ^ _003CModule_003E_007Bca6a0dd5_002Dc5c4_002D415b_002Db834_002D43407116930c_007D.m_85a9146d95c445febccf19a89589f9ed.m_f4ab16c1a26b4e079612d99382e8f0cd","10"
"PvfCode\Models\Edit\UnitViewModelBase.cs","21764","0x57623F5 ^ _003CModule_003E_007Bca6a0dd5_002Dc5c4_002D415b_002Db834_002D43407116930c_007D.m_85a9146d95c445febccf19a89589f9ed.m_6f35923f7e3c448e89885f2a3e304f16","12"
"PvfCode\Models\Edit\UnitViewModelBase.cs","21772","0x3F56CF1F ^ _003CModule_003E_007Bca6a0dd5_002Dc5c4_002D415b_002Db834_002D43407116930c_007D.m_85a9146d95c445febccf19a89589f9ed.m_fd100ef32cc0434788a375e247f8f9c6","14"
"PvfCode\Models\Edit\UnitViewModelBase.cs","21780","0x666DFB27 ^ _003CModule_003E_007Bca6a0dd5_002Dc5c4_002D415b_002Db834_002D43407116930c_007D.m_85a9146d95c445febccf19a89589f9ed.m_419fccdd318844b8972d6f6aa35cd856","16"
"PvfCode\Models\Edit\UnitViewModelBase.cs","21788","0x4D7C76DB ^ _003CModule_003E_007Bca6a0dd5_002Dc5c4_002D415b_002Db834_002D43407116930c_007D.m_85a9146d95c445febccf19a89589f9ed.m_e7a16d566a7344fa9fc075b01f65053f","18"
"PvfCode\Models\Edit\UnitViewModelBase.cs","21796","0x29658754 ^ _003CModule_003E_007Bca6a0dd5_002Dc5c4_002D415b_002Db834_002D43407116930c_007D.m_85a9146d95c445febccf19a89589f9ed.m_c8a6e237ba5e4929b4e63ed86132c747","20"
"PvfCode\Models\Edit\UnitViewModelBase.cs","21804","0x1401D84E ^ _003CModule_003E_007Bca6a0dd5_002Dc5c4_002D415b_002Db834_002D43407116930c_007D.m_85a9146d95c445febccf19a89589f9ed.m_f60d815fce0c42ac93b0d2803c2e35e7","24"
"PvfCode\Models\Edit\UnitViewModelBase.cs","21812","0x43FEEB44 ^ _003CModule_003E_007Bca6a0dd5_002Dc5c4_002D415b_002Db834_002D43407116930c_007D.m_85a9146d95c445febccf19a89589f9ed.m_76a5329ba89c419bb504977e60bee020","26"
"PvfCode\Models\Edit\UnitViewModelBase.cs","21820","0x1401D85E ^ _003CModule_003E_007Bca6a0dd5_002Dc5c4_002D415b_002Db834_002D43407116930c_007D.m_85a9146d95c445febccf19a89589f9ed.m_f60d815fce0c42ac93b0d2803c2e35e7","32"
"PvfCode\Models\Edit\UnitViewModelBase.cs","21828","0x66B312D6 ^ _003CModule_003E_007Bca6a0dd5_002Dc5c4_002D415b_002Db834_002D43407116930c_007D.m_85a9146d95c445febccf19a89589f9ed.m_92f741ef5b364ad3b7d2745060db6ed7","48"
"PvfCode\Models\Edit\UnitViewModelBase.cs","21836","0x3F56CF5F ^ _003CModule_003E_007Bca6a0dd5_002Dc5c4_002D415b_002Db834_002D43407116930c_007D.m_85a9146d95c445febccf19a89589f9ed.m_fd100ef32cc0434788a375e247f8f9c6","60"
"PvfCode\Models\Macro\MacroGroup.cs","21692","0x266BFEBC ^ _003CModule_003E_007Bca6a0dd5_002Dc5c4_002D415b_002Db834_002D43407116930c_007D.m_85a9146d95c445febccf19a89589f9ed.m_f4ab16c1a26b4e079612d99382e8f0cd","Trees"
"PvfCode\Models\Macro\MacroGroup.cs","21692","0x41D961AC ^ _003CModule_003E_007Bca6a0dd5_002Dc5c4_002D415b_002Db834_002D43407116930c_007D.m_85a9146d95c445febccf19a89589f9ed.m_0149495e7a594d8d937b630d3ae072b3","Trees"
"PvfCode\Models\Macro\MacroGroup.cs","21706","-491056111 ^ -853415807 ^ _003CModule_003E_007Bca6a0dd5_002Dc5c4_002D415b_002Db834_002D43407116930c_007D.m_85a9146d95c445febccf19a89589f9ed.m_ffdf07cd419c4048ae81f7fe42516fc1","("
"PvfCode\Models\Macro\MacroGroup.cs","21712","0x266BFED0 ^ _003CModule_003E_007Bca6a0dd5_002Dc5c4_002D415b_002Db834_002D43407116930c_007D.m_85a9146d95c445febccf19a89589f9ed.m_f4ab16c1a26b4e079612d99382e8f0cd",")"
"PvfCode\Models\Macro\MacroGroup.cs","21718","0x74D87BFF ^ _003CModule_003E_007Bca6a0dd5_002Dc5c4_002D415b_002Db834_002D43407116930c_007D.m_85a9146d95c445febccf19a89589f9ed.m_bb6682a830894276b8bd5aef887f12e5","15165"
"PvfCode\Models\NpkModel\SqlQueryData.cs","21674","- -440750154 ^ 0x5972FB02 ^ _003CModule_003E_007Bca6a0dd5_002Dc5c4_002D415b_002Db834_002D43407116930c_007D.m_85a9146d95c445febccf19a89589f9ed.m_65201c1aa71149eca034db0cff153bd8","NpkName"
"PvfCode\Models\Options\AniDesigner\AniDesignerConfig.cs","21602","0x58FC5C8F ^ _003CModule_003E_007Bca6a0dd5_002Dc5c4_002D415b_002Db834_002D43407116930c_007D.m_85a9146d95c445febccf19a89589f9ed.m_65f6650189a24507afbf9f6fb93e3d47","PreviewBackBrush"
"PvfCode\Models\Options\AniDesigner\AniDesignerConfig.cs","21638","0x73AEFDB0 ^ _003CModule_003E_007Bca6a0dd5_002Dc5c4_002D415b_002Db834_002D43407116930c_007D.m_85a9146d95c445febccf19a89589f9ed.m_d0bedb8ed954407788e10a44ffb71f41","ImageBorderBrush"
"PvfCode\Models\Options\Editor\ItemCodeConvertItemNameConfiger.cs","6950","0x3F568135 ^ _003CModule_003E_007Bca6a0dd5_002Dc5c4_002D415b_002Db834_002D43407116930c_007D.m_85a9146d95c445febccf19a89589f9ed.m_fd100ef32cc0434788a375e247f8f9c6","\"
"PvfCode\Models\Options\Editor\ItemCodeConvertItemNameConfiger.cs","6956","0x199F3FFE ^ _003CModule_003E_007Bca6a0dd5_002Dc5c4_002D415b_002Db834_002D43407116930c_007D.m_85a9146d95c445febccf19a89589f9ed.m_ae5b1488c73c49aeb10614e5c153f865","/"
"PvfCode\Models\Options\Editor\ItemCodeConvertItemNameConfiger.cs","18086","0x66B30134 ^ _003CModule_003E_007Bca6a0dd5_002Dc5c4_002D415b_002Db834_002D43407116930c_007D.m_85a9146d95c445febccf19a89589f9ed.m_92f741ef5b364ad3b7d2745060db6ed7","ItemCodeHoverConfig.xml"
"PvfCode\Models\Options\Editor\ItemCodeConvertItemNameConfiger.cs","18136","-1003077614 ^ -1236864468 ^ _003CModule_003E_007Bca6a0dd5_002Dc5c4_002D415b_002Db834_002D43407116930c_007D.m_85a9146d95c445febccf19a89589f9ed.m_fd1104b8a4f4413cadab00ed808204cc","etc/independentdrop"
"PvfCode\Models\Options\Editor\ItemCodeConvertItemNameConfiger.cs","18136","0x58FC4E35 ^ _003CModule_003E_007Bca6a0dd5_002Dc5c4_002D415b_002Db834_002D43407116930c_007D.m_85a9146d95c445febccf19a89589f9ed.m_65f6650189a24507afbf9f6fb93e3d47","etc/independentdrop"
"PvfCode\Models\Options\Editor\ItemCodeConvertItemNameConfiger.cs","18178","0x785FAC59 ^ _003CModule_003E_007Bca6a0dd5_002Dc5c4_002D415b_002Db834_002D43407116930c_007D.m_85a9146d95c445febccf19a89589f9ed.m_ee9019ee278a483f841ec956772ff02e","1.0"
"PvfCode\Models\Options\Editor\ItemCodeConvertItemNameConfiger.cs","18188","0x2965957C ^ _003CModule_003E_007Bca6a0dd5_002Dc5c4_002D415b_002Db834_002D43407116930c_007D.m_85a9146d95c445febccf19a89589f9ed.m_c8a6e237ba5e4929b4e63ed86132c747","UTF-8"
"PvfCode\Models\Options\Editor\ItemCodeConvertItemNameConfiger.cs","18202","0x3FED5FAA ^ _003CModule_003E_007Bca6a0dd5_002Dc5c4_002D415b_002Db834_002D43407116930c_007D.m_85a9146d95c445febccf19a89589f9ed.m_0749d7c4b9b54770bbb31347d356f299","root"
"PvfCode\Models\Options\Editor\ItemCodeConvertItemNameConfiger.cs","18214","0x7663751B ^ _003CModule_003E_007Bca6a0dd5_002Dc5c4_002D415b_002Db834_002D43407116930c_007D.m_85a9146d95c445febccf19a89589f9ed.m_0b91fa1ff6e949e39fbbaf40993e22f1","File"
"PvfCode\Models\Options\Editor\ItemCodeConvertItemNameConfiger.cs","18226","0x28E246C9 ^ _003CModule_003E_007Bca6a0dd5_002Dc5c4_002D415b_002Db834_002D43407116930c_007D.m_85a9146d95c445febccf19a89589f9ed.m_e9f521b2cedb42298066f13a8308d8df","FileName"
"PvfCode\Models\Options\Editor\ItemCodeConvertItemNameConfiger.cs","18226","0x67BC1D3B ^ _003CModule_003E_007Bca6a0dd5_002Dc5c4_002D415b_002Db834_002D43407116930c_007D.m_85a9146d95c445febccf19a89589f9ed.m_da16609e2e45436cb9599265ac249e45","FileName"
"PvfCode\Models\Options\Editor\ItemCodeConvertItemNameConfiger.cs","18246","0x1401CA24 ^ _003CModule_003E_007Bca6a0dd5_002Dc5c4_002D415b_002Db834_002D43407116930c_007D.m_85a9146d95c445febccf19a89589f9ed.m_f60d815fce0c42ac93b0d2803c2e35e7","mess_LoadCodeIntelliSenseErrorFileNotExist"
"PvfCode\Models\Options\Editor\ItemCodeConvertItemNameConfiger.cs","18334","0x53B09781 ^ _003CModule_003E_007Bca6a0dd5_002Dc5c4_002D415b_002Db834_002D43407116930c_007D.m_85a9146d95c445febccf19a89589f9ed.m_6337ac5176b94e4fbc82458203a33980","/root"
"PvfCode\Models\Options\Editor\ItemCodeConvertItemNameConfiger.cs","18348","0x74D86885 ^ _003CModule_003E_007Bca6a0dd5_002Dc5c4_002D415b_002Db834_002D43407116930c_007D.m_85a9146d95c445febccf19a89589f9ed.m_bb6682a830894276b8bd5aef887f12e5","SectionName"
"PvfCode\Models\Options\Editor\ItemCodeConvertItemNameConfiger.cs","18374","0x43FEF9B6 ^ _003CModule_003E_007Bca6a0dd5_002Dc5c4_002D415b_002Db834_002D43407116930c_007D.m_85a9146d95c445febccf19a89589f9ed.m_76a5329ba89c419bb504977e60bee020","LstFileName"
"PvfCode\Models\Options\Editor\ItemCodeConvertItemNameConfiger.cs","18374","0x6540EF08 ^ _003CModule_003E_007Bca6a0dd5_002Dc5c4_002D415b_002Db834_002D43407116930c_007D.m_85a9146d95c445febccf19a89589f9ed.m_b78a16215383430bb9c82d017daba94e","LstFileName"
"PvfCode\Models\Options\Editor\ItemCodeConvertItemNameConfiger.cs","18400","-2058136330 ^ -49481651 ^ _003CModule_003E_007Bca6a0dd5_002Dc5c4_002D415b_002Db834_002D43407116930c_007D.m_85a9146d95c445febccf19a89589f9ed.m_ee9019ee278a483f841ec956772ff02e","Description"
"PvfCode\Models\Options\Editor\ItemCodeConvertItemNameConfiger.cs","18400","0x29659590 ^ _003CModule_003E_007Bca6a0dd5_002Dc5c4_002D415b_002Db834_002D43407116930c_007D.m_85a9146d95c445febccf19a89589f9ed.m_c8a6e237ba5e4929b4e63ed86132c747","Description"
"PvfCode\Models\Options\Editor\ItemCodeConvertItemNameConfiger.cs","18426","0x20DD0385 ^ _003CModule_003E_007Bca6a0dd5_002Dc5c4_002D415b_002Db834_002D43407116930c_007D.m_85a9146d95c445febccf19a89589f9ed.m_da86af125ef44472bcb7ee017043046c","ParentSectionName"
"PvfCode\Models\Options\Editor\ItemCodeConvertItemNameConfiger.cs","18464","0x3FED5090 ^ _003CModule_003E_007Bca6a0dd5_002Dc5c4_002D415b_002Db834_002D43407116930c_007D.m_85a9146d95c445febccf19a89589f9ed.m_0749d7c4b9b54770bbb31347d356f299","Section"
"PvfCode\Models\Options\Editor\ItemCodeConvertItemNameConfiger.cs","18482","0x317F86D6 ^ _003CModule_003E_007Bca6a0dd5_002Dc5c4_002D415b_002Db834_002D43407116930c_007D.m_85a9146d95c445febccf19a89589f9ed.m_c8a3a7f5afbc4fc4b6ff1911680fdf15","Index"
"PvfCode\Models\Options\Editor\ItemCodeConvertItemNameConfiger.cs","18482","0x67BC123B ^ _003CModule_003E_007Bca6a0dd5_002Dc5c4_002D415b_002Db834_002D43407116930c_007D.m_85a9146d95c445febccf19a89589f9ed.m_da16609e2e45436cb9599265ac249e45","Index"
"PvfCode\Models\Options\Editor\ItemCodeConvertItemNameConfiger.cs","18482","0x24C192C3 ^ _003CModule_003E_007Bca6a0dd5_002Dc5c4_002D415b_002Db834_002D43407116930c_007D.m_85a9146d95c445febccf19a89589f9ed.m_b44dc61355f746e296ab2869249a148a","Index"
"PvfCode\Models\Options\Editor\ItemCodeConvertItemNameConfiger.cs","18496","0x65C0EF98 ^ _003CModule_003E_007Bca6a0dd5_002Dc5c4_002D415b_002Db834_002D43407116930c_007D.m_85a9146d95c445febccf19a89589f9ed.m_0fdeeb58c74b4bbc8c8b08ea297bbe71","IgnoreItemCode"
"PvfCode\Models\Options\Editor\ItemCodeConvertItemNameConfiger.cs","18496","0x199F6C92 ^ _003CModule_003E_007Bca6a0dd5_002Dc5c4_002D415b_002Db834_002D43407116930c_007D.m_85a9146d95c445febccf19a89589f9ed.m_ae5b1488c73c49aeb10614e5c153f865","IgnoreItemCode"
"PvfCode\Models\Options\Editor\ItemCodeConvertItemNameConfiger.cs","18496","0x199F6C92 ^ _003CModule_003E_007Bca6a0dd5_002Dc5c4_002D415b_002Db834_002D43407116930c_007D.m_85a9146d95c445febccf19a89589f9ed.m_ae5b1488c73c49aeb10614e5c153f865","IgnoreItemCode"
"PvfCode\Models\Options\Editor\ItemCodeConvertItemNameConfiger.cs","18528","0x43FEF610 ^ _003CModule_003E_007Bca6a0dd5_002Dc5c4_002D415b_002Db834_002D43407116930c_007D.m_85a9146d95c445febccf19a89589f9ed.m_76a5329ba89c419bb504977e60bee020","SectionGroup"
"PvfCode\Models\Options\Editor\ItemCodeConvertItemNameConfiger.cs","18556","0x6540E0B2 ^ _003CModule_003E_007Bca6a0dd5_002Dc5c4_002D415b_002Db834_002D43407116930c_007D.m_85a9146d95c445febccf19a89589f9ed.m_b78a16215383430bb9c82d017daba94e","Value"
"PvfCode\Models\Options\Editor\ItemCodeConvertItemNameConfiger.cs","18556","0x7270BC9A ^ _003CModule_003E_007Bca6a0dd5_002Dc5c4_002D415b_002Db834_002D43407116930c_007D.m_85a9146d95c445febccf19a89589f9ed.m_fd1104b8a4f4413cadab00ed808204cc","Value"
"PvfCode\Models\Options\Editor\ItemCodeConvertItemNameConfiger.cs","18570","0x43FEF6FA ^ _003CModule_003E_007Bca6a0dd5_002Dc5c4_002D415b_002Db834_002D43407116930c_007D.m_85a9146d95c445febccf19a89589f9ed.m_76a5329ba89c419bb504977e60bee020","SectionRange"
"PvfCode\Models\Options\Editor\ItemCodeConvertItemNameConfiger.cs","18598","0x6540E068 ^ _003CModule_003E_007Bca6a0dd5_002Dc5c4_002D415b_002Db834_002D43407116930c_007D.m_85a9146d95c445febccf19a89589f9ed.m_b78a16215383430bb9c82d017daba94e","StartIndex"
"PvfCode\Models\Options\Editor\ItemCodeConvertItemNameConfiger.cs","18622","0x4D7C6B79 ^ _003CModule_003E_007Bca6a0dd5_002Dc5c4_002D415b_002Db834_002D43407116930c_007D.m_85a9146d95c445febccf19a89589f9ed.m_e7a16d566a7344fa9fc075b01f65053f","mess_LoadCodeIntelliSenseError"
"PvfCode\Models\Options\Editor\ItemCodeConvertItemNameConfiger.cs","18686","0x24C1920F ^ _003CModule_003E_007Bca6a0dd5_002Dc5c4_002D415b_002Db834_002D43407116930c_007D.m_85a9146d95c445febccf19a89589f9ed.m_b44dc61355f746e296ab2869249a148a","ValidationSection"
"PvfCode\Models\Options\Editor\ItemCodeConvertItemNameConfiger.cs","18724","-1003077614 ^ -646026210 ^ _003CModule_003E_007Bca6a0dd5_002Dc5c4_002D415b_002Db834_002D43407116930c_007D.m_85a9146d95c445febccf19a89589f9ed.m_de1f8a36425541afa677302f17d6b50a","CurrentLine"
"PvfCode\Models\Options\Editor\ItemCodeConvertItemNameConfiger.cs","18750","- -320613038 ^ 0x1806DE8 ^ _003CModule_003E_007Bca6a0dd5_002Dc5c4_002D415b_002Db834_002D43407116930c_007D.m_85a9146d95c445febccf19a89589f9ed.m_5af5ce3e732a4544805a6d53df0b38f3","Name"
"PvfCode\Models\Options\Editor\ItemCodeConvertItemNameConfiger.cs","18762","0x394B6611 ^ _003CModule_003E_007Bca6a0dd5_002Dc5c4_002D415b_002Db834_002D43407116930c_007D.m_85a9146d95c445febccf19a89589f9ed.m_043dbbb5c70a4a1fade9fef173522ca3",","
"PvfCode\Models\Options\Editor\ItemCodeConvertItemNameConfiger.cs","18762","0x3A4A2880 ^ _003CModule_003E_007Bca6a0dd5_002Dc5c4_002D415b_002Db834_002D43407116930c_007D.m_85a9146d95c445febccf19a89589f9ed.m_a42832252e5045a78f8c39de3ab569ac",","
"PvfCode\Models\Options\Editor\ItemCodeHoverConfigModels\Resource1.cs","17764","0x394B6A3F ^ _003CModule_003E_007Bca6a0dd5_002Dc5c4_002D415b_002Db834_002D43407116930c_007D.m_85a9146d95c445febccf19a89589f9ed.m_043dbbb5c70a4a1fade9fef173522ca3","Comment"
"PvfCode\Models\Options\Editor\PvfEdiorHighlightingColorOptions.cs","4872","0x74D83C21 ^ _003CModule_003E_007Bca6a0dd5_002Dc5c4_002D415b_002Db834_002D43407116930c_007D.m_85a9146d95c445febccf19a89589f9ed.m_bb6682a830894276b8bd5aef887f12e5","#a31515"
"PvfCode\Models\Options\Editor\PvfEdiorHighlightingColorOptions.cs","4872","0x43FEAD78 ^ _003CModule_003E_007Bca6a0dd5_002Dc5c4_002D415b_002Db834_002D43407116930c_007D.m_85a9146d95c445febccf19a89589f9ed.m_76a5329ba89c419bb504977e60bee020","#a31515"
"PvfCode\Models\Options\Editor\PvfEdiorHighlightingColorOptions.cs","4872","0x74C43852 ^ _003CModule_003E_007Bca6a0dd5_002Dc5c4_002D415b_002Db834_002D43407116930c_007D.m_85a9146d95c445febccf19a89589f9ed.m_946c564fa5bd4978b05e48a363369447","#a31515"
"PvfCode\Models\Options\Editor\PvfEdiorHighlightingColorOptions.cs","4872","0x129C1D70 ^ _003CModule_003E_007Bca6a0dd5_002Dc5c4_002D415b_002Db834_002D43407116930c_007D.m_85a9146d95c445febccf19a89589f9ed.m_5af5ce3e732a4544805a6d53df0b38f3","#a31515"
"PvfCode\Models\Options\Editor\PvfEdiorHighlightingColorOptions.cs","4872","0x24C1C9F9 ^ _003CModule_003E_007Bca6a0dd5_002Dc5c4_002D415b_002Db834_002D43407116930c_007D.m_85a9146d95c445febccf19a89589f9ed.m_b44dc61355f746e296ab2869249a148a","#a31515"
"PvfCode\Models\Options\Editor\PvfEdiorHighlightingColorOptions.cs","4872","0x199F37DA ^ _003CModule_003E_007Bca6a0dd5_002Dc5c4_002D415b_002Db834_002D43407116930c_007D.m_85a9146d95c445febccf19a89589f9ed.m_ae5b1488c73c49aeb10614e5c153f865","#a31515"
"PvfCode\Models\Options\Editor\PvfEdiorHighlightingColorOptions.cs","4890","0x28E212E1 ^ _003CModule_003E_007Bca6a0dd5_002Dc5c4_002D415b_002Db834_002D43407116930c_007D.m_85a9146d95c445febccf19a89589f9ed.m_e9f521b2cedb42298066f13a8308d8df","#af7a66"
"PvfCode\Models\Options\Editor\PvfEdiorHighlightingColorOptions.cs","4890","0x3A4A72D0 ^ _003CModule_003E_007Bca6a0dd5_002Dc5c4_002D415b_002Db834_002D43407116930c_007D.m_85a9146d95c445febccf19a89589f9ed.m_a42832252e5045a78f8c39de3ab569ac","#af7a66"
"PvfCode\Models\Options\Editor\PvfEdiorHighlightingColorOptions.cs","4890","0x41D9260A ^ _003CModule_003E_007Bca6a0dd5_002Dc5c4_002D415b_002Db834_002D43407116930c_007D.m_85a9146d95c445febccf19a89589f9ed.m_0149495e7a594d8d937b630d3ae072b3","#af7a66"
"PvfCode\Models\Options\Editor\PvfEdiorHighlightingColorOptions.cs","4938","0x4200502 ^ _003CModule_003E_007Bca6a0dd5_002Dc5c4_002D415b_002Db834_002D43407116930c_007D.m_85a9146d95c445febccf19a89589f9ed.m_e5cd12d216b1498fb26aa29e2d96165a","#5b2da8"
"PvfCode\Models\Options\Editor\PvfEdiorHighlightingColorOptions.cs","4938","0x24C1C9BB ^ _003CModule_003E_007Bca6a0dd5_002Dc5c4_002D415b_002Db834_002D43407116930c_007D.m_85a9146d95c445febccf19a89589f9ed.m_b44dc61355f746e296ab2869249a148a","#5b2da8"
"PvfCode\Models\Options\Editor\PvfEdiorHighlightingColorOptions.cs","4938","0x41D9265A ^ _003CModule_003E_007Bca6a0dd5_002Dc5c4_002D415b_002Db834_002D43407116930c_007D.m_85a9146d95c445febccf19a89589f9ed.m_0149495e7a594d8d937b630d3ae072b3","#5b2da8"
"PvfCode\Models\Options\Editor\PvfEdiorHighlightingColorOptions.cs","4938","0x20DD5735 ^ _003CModule_003E_007Bca6a0dd5_002Dc5c4_002D415b_002Db834_002D43407116930c_007D.m_85a9146d95c445febccf19a89589f9ed.m_da86af125ef44472bcb7ee017043046c","#5b2da8"
"PvfCode\Models\Options\Editor\PvfEdiorHighlightingColorOptions.cs","4956","0x688B1101 ^ _003CModule_003E_007Bca6a0dd5_002Dc5c4_002D415b_002Db834_002D43407116930c_007D.m_85a9146d95c445febccf19a89589f9ed.m_fe79ec19ea654f38b817b93aa0f16bb8","#b5cea8"
"PvfCode\Models\Options\Editor\PvfEdiorHighlightingColorOptions.cs","4956","0x41D9264C ^ _003CModule_003E_007Bca6a0dd5_002Dc5c4_002D415b_002Db834_002D43407116930c_007D.m_85a9146d95c445febccf19a89589f9ed.m_0149495e7a594d8d937b630d3ae072b3","#b5cea8"
"PvfCode\Models\Options\Editor\PvfEdiorHighlightingColorOptions.cs","17674","0x1401C868 ^ _003CModule_003E_007Bca6a0dd5_002Dc5c4_002D415b_002Db834_002D43407116930c_007D.m_85a9146d95c445febccf19a89589f9ed.m_f60d815fce0c42ac93b0d2803c2e35e7","#007acc"
"PvfCode\Models\Options\Editor\PvfEdiorHighlightingColorOptions.cs","17674","0x3A4A24C0 ^ _003CModule_003E_007Bca6a0dd5_002Dc5c4_002D415b_002Db834_002D43407116930c_007D.m_85a9146d95c445febccf19a89589f9ed.m_a42832252e5045a78f8c39de3ab569ac","#007acc"
"PvfCode\Models\Options\Editor\PvfEdiorHighlightingColorOptions.cs","17764","0x394B6A3F ^ _003CModule_003E_007Bca6a0dd5_002Dc5c4_002D415b_002Db834_002D43407116930c_007D.m_85a9146d95c445febccf19a89589f9ed.m_043dbbb5c70a4a1fade9fef173522ca3","Comment"
"PvfCode\Models\Options\Editor\PvfEdiorHighlightingColorOptions.cs","18464","0x5763ED1 ^ _003CModule_003E_007Bca6a0dd5_002Dc5c4_002D415b_002Db834_002D43407116930c_007D.m_85a9146d95c445febccf19a89589f9ed.m_6f35923f7e3c448e89885f2a3e304f16","Section"
"PvfCode\Models\Options\Editor\PvfEdiorHighlightingColorOptions.cs","18768","0x44FA32DB ^ _003CModule_003E_007Bca6a0dd5_002Dc5c4_002D415b_002Db834_002D43407116930c_007D.m_85a9146d95c445febccf19a89589f9ed.m_951adc67b6d2421c9c5fe30b42d4e38a","Gray"
"PvfCode\Models\Options\Editor\PvfEdiorHighlightingColorOptions.cs","18768","0x3F56D343 ^ _003CModule_003E_007Bca6a0dd5_002Dc5c4_002D415b_002Db834_002D43407116930c_007D.m_85a9146d95c445febccf19a89589f9ed.m_fd100ef32cc0434788a375e247f8f9c6","Gray"
"PvfCode\Models\Options\Editor\PvfEdiorHighlightingColorOptions.cs","18768","0x3F56D343 ^ _003CModule_003E_007Bca6a0dd5_002Dc5c4_002D415b_002Db834_002D43407116930c_007D.m_85a9146d95c445febccf19a89589f9ed.m_fd100ef32cc0434788a375e247f8f9c6","Gray"
"PvfCode\Models\Options\Editor\PvfEdiorHighlightingColorOptions.cs","18768","0x266BE350 ^ _003CModule_003E_007Bca6a0dd5_002Dc5c4_002D415b_002Db834_002D43407116930c_007D.m_85a9146d95c445febccf19a89589f9ed.m_f4ab16c1a26b4e079612d99382e8f0cd","Gray"
"PvfCode\Models\Options\Editor\PvfEdiorHighlightingColorOptions.cs","18768","0x4AAC2F26 ^ _003CModule_003E_007Bca6a0dd5_002Dc5c4_002D415b_002Db834_002D43407116930c_007D.m_85a9146d95c445febccf19a89589f9ed.m_462d5774e5b343638785f870c8a2368d","Gray"
"PvfCode\Models\Options\Editor\PvfEdiorHighlightingColorOptions.cs","18768","0x4D1857DE ^ _003CModule_003E_007Bca6a0dd5_002Dc5c4_002D415b_002Db834_002D43407116930c_007D.m_85a9146d95c445febccf19a89589f9ed.m_ae8e5535a56e41c088957a236c4dbbbb","Gray"
"PvfCode\Models\Options\Editor\PvfEdiorHighlightingColorOptions.cs","18780","0x4D1857D2 ^ _003CModule_003E_007Bca6a0dd5_002Dc5c4_002D415b_002Db834_002D43407116930c_007D.m_85a9146d95c445febccf19a89589f9ed.m_ae8e5535a56e41c088957a236c4dbbbb","Header"
"PvfCode\Models\Options\Editor\PvfEdiorHighlightingColorOptions.cs","18796","0x4AAC2F1A ^ _003CModule_003E_007Bca6a0dd5_002Dc5c4_002D415b_002Db834_002D43407116930c_007D.m_85a9146d95c445febccf19a89589f9ed.m_462d5774e5b343638785f870c8a2368d","#f92672"
"PvfCode\Models\Options\Editor\PvfEdiorHighlightingColorOptions.cs","18796","0x5763F9D ^ _003CModule_003E_007Bca6a0dd5_002Dc5c4_002D415b_002Db834_002D43407116930c_007D.m_85a9146d95c445febccf19a89589f9ed.m_6f35923f7e3c448e89885f2a3e304f16","#f92672"
"PvfCode\Models\Options\Editor\PvfEdiorHighlightingColorOptions.cs","18796","0x43FEF71C ^ _003CModule_003E_007Bca6a0dd5_002Dc5c4_002D415b_002Db834_002D43407116930c_007D.m_85a9146d95c445febccf19a89589f9ed.m_76a5329ba89c419bb504977e60bee020","#f92672"
"PvfCode\Models\Options\Editor\PvfEdiorHighlightingColorOptions.cs","18796","0x28E24897 ^ _003CModule_003E_007Bca6a0dd5_002Dc5c4_002D415b_002Db834_002D43407116930c_007D.m_85a9146d95c445febccf19a89589f9ed.m_e9f521b2cedb42298066f13a8308d8df","#f92672"
"PvfCode\Models\Options\Editor\PvfEdiorHighlightingColorOptions.cs","18796","0x1C21BE9F ^ _003CModule_003E_007Bca6a0dd5_002Dc5c4_002D415b_002Db834_002D43407116930c_007D.m_85a9146d95c445febccf19a89589f9ed.m_73758cb68bd841bd919ebc14c7dd65b6","#f92672"
"PvfCode\Models\Options\Editor\PvfEdiorHighlightingColorOptions.cs","18796","- -931219739 ^ 0x76583567 ^ _003CModule_003E_007Bca6a0dd5_002Dc5c4_002D415b_002Db834_002D43407116930c_007D.m_85a9146d95c445febccf19a89589f9ed.m_0149495e7a594d8d937b630d3ae072b3","#f92672"
"PvfCode\Models\Options\Editor\PvfEdiorHighlightingColorOptions.cs","18814","0x35B4B944 ^ _003CModule_003E_007Bca6a0dd5_002Dc5c4_002D415b_002Db834_002D43407116930c_007D.m_85a9146d95c445febccf19a89589f9ed.m_0d6928e3391c40eba26b7c2395e7588c","String"
"PvfCode\Models\Options\Editor\PvfEdiorHighlightingColorOptions.cs","18830","-2058136330 ^ -997578648 ^ _003CModule_003E_007Bca6a0dd5_002Dc5c4_002D415b_002Db834_002D43407116930c_007D.m_85a9146d95c445febccf19a89589f9ed.m_0149495e7a594d8d937b630d3ae072b3","FilePath"
"PvfCode\Models\Options\Editor\PvfEdiorHighlightingColorOptions.cs","18850","-1003077614 ^ -1577669016 ^ _003CModule_003E_007Bca6a0dd5_002Dc5c4_002D415b_002Db834_002D43407116930c_007D.m_85a9146d95c445febccf19a89589f9ed.m_0fdeeb58c74b4bbc8c8b08ea297bbe71","Digits"
"PvfCode\Models\Options\Editor\PvfEdiorHighlightingColorOptions.cs","18866","- -971443473 ^ 0x1F8CEEA3 ^ _003CModule_003E_007Bca6a0dd5_002Dc5c4_002D415b_002Db834_002D43407116930c_007D.m_85a9146d95c445febccf19a89589f9ed.m_f4ab16c1a26b4e079612d99382e8f0cd","Green"
"PvfCode\Models\Options\Editor\PvfEdiorHighlightingColorOptions.cs","18866","0x44FA3239 ^ _003CModule_003E_007Bca6a0dd5_002Dc5c4_002D415b_002Db834_002D43407116930c_007D.m_85a9146d95c445febccf19a89589f9ed.m_951adc67b6d2421c9c5fe30b42d4e38a","Green"
"PvfCode\Models\Options\Editor\PvfEdiorHighlightingColorOptions.cs","18880","0x43FEF7B0 ^ _003CModule_003E_007Bca6a0dd5_002Dc5c4_002D415b_002Db834_002D43407116930c_007D.m_85a9146d95c445febccf19a89589f9ed.m_76a5329ba89c419bb504977e60bee020","#3f9b4a"
"PvfCode\Models\Options\Editor\PvfEdiorHighlightingColorOptions.cs","18898","0x73AEE0E4 ^ _003CModule_003E_007Bca6a0dd5_002Dc5c4_002D415b_002Db834_002D43407116930c_007D.m_85a9146d95c445febccf19a89589f9ed.m_d0bedb8ed954407788e10a44ffb71f41","#8064A2"
"PvfCode\Models\Options\Editor\PvfEdiorHighlightingColorOptions.cs","18898","0x58FC413F ^ _003CModule_003E_007Bca6a0dd5_002Dc5c4_002D415b_002Db834_002D43407116930c_007D.m_85a9146d95c445febccf19a89589f9ed.m_65f6650189a24507afbf9f6fb93e3d47","#8064A2"
"PvfCode\Models\Options\Editor\PvfEdiorHighlightingColorOptions.cs","18916","0x4D7C6A23 ^ _003CModule_003E_007Bca6a0dd5_002Dc5c4_002D415b_002Db834_002D43407116930c_007D.m_85a9146d95c445febccf19a89589f9ed.m_e7a16d566a7344fa9fc075b01f65053f","#85A543"
"PvfCode\Models\Options\Editor\PvfEdiorHighlightingColorOptions.cs","18934","0x509E5963 ^ _003CModule_003E_007Bca6a0dd5_002Dc5c4_002D415b_002Db834_002D43407116930c_007D.m_85a9146d95c445febccf19a89589f9ed.m_79ee40d8c1904975a8b7f8abe878f623","KorStringMarkSymbol"
"PvfCode\Models\Options\Editor\PvfEdiorHighlightingColorOptions.cs","18976","0x129C4458 ^ _003CModule_003E_007Bca6a0dd5_002Dc5c4_002D415b_002Db834_002D43407116930c_007D.m_85a9146d95c445febccf19a89589f9ed.m_5af5ce3e732a4544805a6d53df0b38f3","#0A588C"
"PvfCode\Models\Options\Editor\PvfEdiorHighlightingColorOptions.cs","18976","0x3F56D033 ^ _003CModule_003E_007Bca6a0dd5_002Dc5c4_002D415b_002Db834_002D43407116930c_007D.m_85a9146d95c445febccf19a89589f9ed.m_fd100ef32cc0434788a375e247f8f9c6","#0A588C"
"PvfCode\Models\Options\Editor\PvfEdiorHighlightingColorOptions.cs","18994","0x28E24BC9 ^ _003CModule_003E_007Bca6a0dd5_002Dc5c4_002D415b_002Db834_002D43407116930c_007D.m_85a9146d95c445febccf19a89589f9ed.m_e9f521b2cedb42298066f13a8308d8df","#C0504D"
"PvfCode\Models\Options\Editor\PvfEdiorHighlightingColorOptions.cs","19012","- -931219739 ^ 0xDCB6295 ^ _003CModule_003E_007Bca6a0dd5_002Dc5c4_002D415b_002Db834_002D43407116930c_007D.m_85a9146d95c445febccf19a89589f9ed.m_a42832252e5045a78f8c39de3ab569ac","KorName"
"PvfCode\Models\Options\Editor\PvfEdiorHighlightingColorOptions.cs","19030","- -653001974 ^ 0x43ACE66E ^ _003CModule_003E_007Bca6a0dd5_002Dc5c4_002D415b_002Db834_002D43407116930c_007D.m_85a9146d95c445febccf19a89589f9ed.m_b78a16215383430bb9c82d017daba94e","#FF9B98"
"PvfCode\Models\Options\Editor\PvfEdiorHighlightingColorOptions.cs","19030","-491056111 ^ -1306177838 ^ _003CModule_003E_007Bca6a0dd5_002Dc5c4_002D415b_002Db834_002D43407116930c_007D.m_85a9146d95c445febccf19a89589f9ed.m_79ee40d8c1904975a8b7f8abe878f623","#FF9B98"
"PvfCode\Models\Options\Editor\PvfEdiorHighlightingColorOptions.cs","19048","0x44FA31E3 ^ _003CModule_003E_007Bca6a0dd5_002Dc5c4_002D415b_002Db834_002D43407116930c_007D.m_85a9146d95c445febccf19a89589f9ed.m_951adc67b6d2421c9c5fe30b42d4e38a","#4BACC6"
"PvfCode\Models\Options\Editor\PvfEdiorHighlightingColorOptions.cs","19066","0x66B30DE8 ^ _003CModule_003E_007Bca6a0dd5_002Dc5c4_002D415b_002Db834_002D43407116930c_007D.m_85a9146d95c445febccf19a89589f9ed.m_92f741ef5b364ad3b7d2745060db6ed7","KorColon"
"PvfCode\Models\Options\Editor\PvfEdiorHighlightingColorOptions.cs","19086","0x266BE08E ^ _003CModule_003E_007Bca6a0dd5_002Dc5c4_002D415b_002Db834_002D43407116930c_007D.m_85a9146d95c445febccf19a89589f9ed.m_f4ab16c1a26b4e079612d99382e8f0cd","#ffc813"
"PvfCode\Models\Options\Editor\PvfEdiorHighlightingColorOptions.cs","19104","0x35B4BA9A ^ _003CModule_003E_007Bca6a0dd5_002Dc5c4_002D415b_002Db834_002D43407116930c_007D.m_85a9146d95c445febccf19a89589f9ed.m_0d6928e3391c40eba26b7c2395e7588c","Curlybraces"
"PvfCode\Models\Options\Editor\PvfEdiorHighlightingColorOptions.cs","19130","0x58FC4257 ^ _003CModule_003E_007Bca6a0dd5_002Dc5c4_002D415b_002Db834_002D43407116930c_007D.m_85a9146d95c445febccf19a89589f9ed.m_65f6650189a24507afbf9f6fb93e3d47","#000000"
"PvfCode\Models\Options\Editor\PvfEdiorHighlightingColorOptions.cs","19130","0x6805C04F ^ _003CModule_003E_007Bca6a0dd5_002Dc5c4_002D415b_002Db834_002D43407116930c_007D.m_85a9146d95c445febccf19a89589f9ed.m_46a7eabf2bd948528e76daeb47e51566","#000000"
"PvfCode\Models\Options\Editor\PvfEdiorHighlightingColorOptions.cs","19148","0x394B6597 ^ _003CModule_003E_007Bca6a0dd5_002Dc5c4_002D415b_002Db834_002D43407116930c_007D.m_85a9146d95c445febccf19a89589f9ed.m_043dbbb5c70a4a1fade9fef173522ca3","#b4b4b4"
"PvfCode\Models\Options\Editor\PvfEdiorHighlightingColorOptions.cs","19166","0x5763C2F ^ _003CModule_003E_007Bca6a0dd5_002Dc5c4_002D415b_002Db834_002D43407116930c_007D.m_85a9146d95c445febccf19a89589f9ed.m_6f35923f7e3c448e89885f2a3e304f16","Punctuation"
"PvfCode\Models\Options\Editor\PvfEdiorHighlightingColorOptions.cs","19192","-2058136330 ^ -1720522243 ^ _003CModule_003E_007Bca6a0dd5_002Dc5c4_002D415b_002Db834_002D43407116930c_007D.m_85a9146d95c445febccf19a89589f9ed.m_73758cb68bd841bd919ebc14c7dd65b6","#74531f"
"PvfCode\Models\Options\Editor\PvfEdiorHighlightingColorOptions.cs","19192","0x24C19009 ^ _003CModule_003E_007Bca6a0dd5_002Dc5c4_002D415b_002Db834_002D43407116930c_007D.m_85a9146d95c445febccf19a89589f9ed.m_b44dc61355f746e296ab2869249a148a","#74531f"
"PvfCode\Models\Options\Editor\PvfEdiorHighlightingColorOptions.cs","19210","0x4205D42 ^ _003CModule_003E_007Bca6a0dd5_002Dc5c4_002D415b_002Db834_002D43407116930c_007D.m_85a9146d95c445febccf19a89589f9ed.m_e5cd12d216b1498fb26aa29e2d96165a","#FFdcdcaa"
"PvfCode\Models\Options\Editor\PvfEdiorHighlightingColorOptions.cs","19232","0x3FED5390 ^ _003CModule_003E_007Bca6a0dd5_002Dc5c4_002D415b_002Db834_002D43407116930c_007D.m_85a9146d95c445febccf19a89589f9ed.m_0749d7c4b9b54770bbb31347d356f299","MethodCall"
"PvfCode\Models\Options\Editor\PvfEdiorHighlightingColorOptions.cs","19256","0x3A4A2AF2 ^ _003CModule_003E_007Bca6a0dd5_002Dc5c4_002D415b_002Db834_002D43407116930c_007D.m_85a9146d95c445febccf19a89589f9ed.m_a42832252e5045a78f8c39de3ab569ac","Teal"
"PvfCode\Models\Options\Editor\PvfEdiorHighlightingColorOptions.cs","19256","0x4205D70 ^ _003CModule_003E_007Bca6a0dd5_002Dc5c4_002D415b_002Db834_002D43407116930c_007D.m_85a9146d95c445febccf19a89589f9ed.m_e5cd12d216b1498fb26aa29e2d96165a","Teal"
"PvfCode\Models\Options\Editor\PvfEdiorHighlightingColorOptions.cs","19268","- -320613038 ^ 0x33C12595 ^ _003CModule_003E_007Bca6a0dd5_002Dc5c4_002D415b_002Db834_002D43407116930c_007D.m_85a9146d95c445febccf19a89589f9ed.m_da86af125ef44472bcb7ee017043046c","#FFd8a0df"
"PvfCode\Models\Options\Editor\PvfEdiorHighlightingColorOptions.cs","19290","0x394B6401 ^ _003CModule_003E_007Bca6a0dd5_002Dc5c4_002D415b_002Db834_002D43407116930c_007D.m_85a9146d95c445febccf19a89589f9ed.m_043dbbb5c70a4a1fade9fef173522ca3","GGenObject"
"PvfCode\Models\Options\Editor\PvfEdiorHighlightingColorOptions.cs","19314","0x509E5BE7 ^ _003CModule_003E_007Bca6a0dd5_002Dc5c4_002D415b_002Db834_002D43407116930c_007D.m_85a9146d95c445febccf19a89589f9ed.m_79ee40d8c1904975a8b7f8abe878f623","#8f08c4"
"PvfCode\Models\Options\Editor\PvfEdiorHighlightingColorOptions.cs","19314","- -320613038 ^ 0xF025DD9 ^ _003CModule_003E_007Bca6a0dd5_002Dc5c4_002D415b_002Db834_002D43407116930c_007D.m_85a9146d95c445febccf19a89589f9ed.m_70c8fd8404cf43c49abc052e4d3493da","#8f08c4"
"PvfCode\Models\Options\Editor\PvfEdiorHighlightingColorOptions.cs","19332","- -1550668123 ^ 0x591B6C2E ^ _003CModule_003E_007Bca6a0dd5_002Dc5c4_002D415b_002Db834_002D43407116930c_007D.m_85a9146d95c445febccf19a89589f9ed.m_6f35923f7e3c448e89885f2a3e304f16","#D8A0CC"
"PvfCode\Models\Options\Editor\PvfEdiorHighlightingColorOptions.cs","19350","0x24C19167 ^ _003CModule_003E_007Bca6a0dd5_002Dc5c4_002D415b_002Db834_002D43407116930c_007D.m_85a9146d95c445febccf19a89589f9ed.m_b44dc61355f746e296ab2869249a148a","Keywords"
"PvfCode\Models\Options\Editor\PvfEdiorHighlightingColorOptions.cs","19370","0x1401C6C8 ^ _003CModule_003E_007Bca6a0dd5_002Dc5c4_002D415b_002Db834_002D43407116930c_007D.m_85a9146d95c445febccf19a89589f9ed.m_f60d815fce0c42ac93b0d2803c2e35e7","#0000ff"
"PvfCode\Models\Options\Editor\PvfEdiorHighlightingColorOptions.cs","19370","0x3F56D1B9 ^ _003CModule_003E_007Bca6a0dd5_002Dc5c4_002D415b_002Db834_002D43407116930c_007D.m_85a9146d95c445febccf19a89589f9ed.m_fd100ef32cc0434788a375e247f8f9c6","#0000ff"
"PvfCode\Models\Options\Editor\PvfEdiorHighlightingColorOptions.cs","19388","0x73AEE28A ^ _003CModule_003E_007Bca6a0dd5_002Dc5c4_002D415b_002Db834_002D43407116930c_007D.m_85a9146d95c445febccf19a89589f9ed.m_d0bedb8ed954407788e10a44ffb71f41","#569CD6"
"PvfCode\Models\Options\Editor\PvfEdiorHighlightingColorOptions.cs","19406","- -265447410 ^ 0x572E24D1 ^ _003CModule_003E_007Bca6a0dd5_002Dc5c4_002D415b_002Db834_002D43407116930c_007D.m_85a9146d95c445febccf19a89589f9ed.m_65f6650189a24507afbf9f6fb93e3d47","Keywords2"
"PvfCode\Models\Options\Editor\PvfEdiorHighlightingColorOptions.cs","19428","0x4D7C6823 ^ _003CModule_003E_007Bca6a0dd5_002Dc5c4_002D415b_002Db834_002D43407116930c_007D.m_85a9146d95c445febccf19a89589f9ed.m_e7a16d566a7344fa9fc075b01f65053f","LstItemNameForeBrush"
"PvfCode\Models\Options\Editor\PvfEdiorHighlightingColorOptions.cs","19472","0x394B634B ^ _003CModule_003E_007Bca6a0dd5_002Dc5c4_002D415b_002Db834_002D43407116930c_007D.m_85a9146d95c445febccf19a89589f9ed.m_043dbbb5c70a4a1fade9fef173522ca3","KorStrIndex"
"PvfCode\Models\Options\Editor\PvfEdiorHighlightingColorOptions.cs","19498","0x4205A62 ^ _003CModule_003E_007Bca6a0dd5_002Dc5c4_002D415b_002Db834_002D43407116930c_007D.m_85a9146d95c445febccf19a89589f9ed.m_e5cd12d216b1498fb26aa29e2d96165a","KorStrValue"
"PvfCode\Models\Options\Editor\PvfEdiorHighlightingColorOptions.cs","19524","0x4337B3A6 ^ _003CModule_003E_007Bca6a0dd5_002Dc5c4_002D415b_002Db834_002D43407116930c_007D.m_85a9146d95c445febccf19a89589f9ed.m_65201c1aa71149eca034db0cff153bd8","KorStrAngleBrackets"
"PvfCode\Models\Options\Editor\TextEditConfig.cs","1812","0x14018A76 ^ _003CModule_003E_007Bca6a0dd5_002Dc5c4_002D415b_002Db834_002D43407116930c_007D.m_85a9146d95c445febccf19a89589f9ed.m_f60d815fce0c42ac93b0d2803c2e35e7","n_quest/epicquest.lst"
"PvfCode\Models\Options\Editor\TextEditConfig.cs","18464","0x58FC40CD ^ _003CModule_003E_007Bca6a0dd5_002Dc5c4_002D415b_002Db834_002D43407116930c_007D.m_85a9146d95c445febccf19a89589f9ed.m_65f6650189a24507afbf9f6fb93e3d47","Section"
"PvfCode\Models\Options\Editor\TextEditConfig.cs","18814","0x67BC1377 ^ _003CModule_003E_007Bca6a0dd5_002Dc5c4_002D415b_002Db834_002D43407116930c_007D.m_85a9146d95c445febccf19a89589f9ed.m_da16609e2e45436cb9599265ac249e45","String"
"PvfCode\Models\Options\Editor\TextEditConfig.cs","19566","0x44FA37E5 ^ _003CModule_003E_007Bca6a0dd5_002Dc5c4_002D415b_002Db834_002D43407116930c_007D.m_85a9146d95c445febccf19a89589f9ed.m_951adc67b6d2421c9c5fe30b42d4e38a","NutDefaultEncodingType"
"PvfCode\Models\Options\Editor\TextEditConfig.cs","19614","0x666DE2AD ^ _003CModule_003E_007Bca6a0dd5_002Dc5c4_002D415b_002Db834_002D43407116930c_007D.m_85a9146d95c445febccf19a89589f9ed.m_419fccdd318844b8972d6f6aa35cd856","OpenKorStrQuote"
"PvfCode\Models\Options\Editor\TextEditConfig.cs","19648","0x65C0EB18 ^ _003CModule_003E_007Bca6a0dd5_002Dc5c4_002D415b_002Db834_002D43407116930c_007D.m_85a9146d95c445febccf19a89589f9ed.m_0fdeeb58c74b4bbc8c8b08ea297bbe71","AddEndTab"
"PvfCode\Models\Options\Editor\TextEditConfig.cs","19670","0x2F9AE48C ^ _003CModule_003E_007Bca6a0dd5_002Dc5c4_002D415b_002Db834_002D43407116930c_007D.m_85a9146d95c445febccf19a89589f9ed.m_ffdf07cd419c4048ae81f7fe42516fc1","LstDocumentNameGoFileNeedCtrl"
"PvfCode\Models\Options\Editor\TextEditConfig.cs","19732","0x5763BE5 ^ _003CModule_003E_007Bca6a0dd5_002Dc5c4_002D415b_002Db834_002D43407116930c_007D.m_85a9146d95c445febccf19a89589f9ed.m_6f35923f7e3c448e89885f2a3e304f16","ShowFirstColumnTab"
"PvfCode\Models\Options\Editor\TextEditConfig.cs","19772","0x199F69EE ^ _003CModule_003E_007Bca6a0dd5_002Dc5c4_002D415b_002Db834_002D43407116930c_007D.m_85a9146d95c445febccf19a89589f9ed.m_ae5b1488c73c49aeb10614e5c153f865","PreviewAniPanelWidht"
"PvfCode\Models\Options\Editor\TextEditConfig.cs","19816","0x28E24C93 ^ _003CModule_003E_007Bca6a0dd5_002Dc5c4_002D415b_002Db834_002D43407116930c_007D.m_85a9146d95c445febccf19a89589f9ed.m_e9f521b2cedb42298066f13a8308d8df","PreviewAniPanelHeight"
"PvfCode\Models\Options\Editor\TextEditConfig.cs","19862","0x24C19767 ^ _003CModule_003E_007Bca6a0dd5_002Dc5c4_002D415b_002Db834_002D43407116930c_007D.m_85a9146d95c445febccf19a89589f9ed.m_b44dc61355f746e296ab2869249a148a","ShowAniPreviewPanel"
"PvfCode\Models\Options\Editor\TextEditConfig.cs","19904","0x20DD09BF ^ _003CModule_003E_007Bca6a0dd5_002Dc5c4_002D415b_002Db834_002D43407116930c_007D.m_85a9146d95c445febccf19a89589f9ed.m_da86af125ef44472bcb7ee017043046c","ItemCodeConvertItemNameConfiger"
"PvfCode\Models\Options\Editor\TextEditConfig.cs","19970","0x199F6AD0 ^ _003CModule_003E_007Bca6a0dd5_002Dc5c4_002D415b_002Db834_002D43407116930c_007D.m_85a9146d95c445febccf19a89589f9ed.m_ae5b1488c73c49aeb10614e5c153f865","aicharactername.lst"
"PvfCode\Models\Options\Editor\TextEditConfig.cs","20012","0x317F80C8 ^ _003CModule_003E_007Bca6a0dd5_002Dc5c4_002D415b_002Db834_002D43407116930c_007D.m_85a9146d95c445febccf19a89589f9ed.m_c8a3a7f5afbc4fc4b6ff1911680fdf15","itemname.lst"
"PvfCode\Models\Options\Editor\TextEditConfig.cs","20040","0x1C21B9BB ^ _003CModule_003E_007Bca6a0dd5_002Dc5c4_002D415b_002Db834_002D43407116930c_007D.m_85a9146d95c445febccf19a89589f9ed.m_73758cb68bd841bd919ebc14c7dd65b6","monstername.lst"
"PvfCode\Models\Options\Editor\TextEditConfig.cs","20074","0x29659C1A ^ _003CModule_003E_007Bca6a0dd5_002Dc5c4_002D415b_002Db834_002D43407116930c_007D.m_85a9146d95c445febccf19a89589f9ed.m_c8a6e237ba5e4929b4e63ed86132c747","npcname.lst"
"PvfCode\Models\Options\Editor\TextEditConfig.cs","20100","0x67BC148D ^ _003CModule_003E_007Bca6a0dd5_002Dc5c4_002D415b_002Db834_002D43407116930c_007D.m_85a9146d95c445febccf19a89589f9ed.m_da16609e2e45436cb9599265ac249e45","passiveobjectname.lst"
"PvfCode\Models\Options\Editor\TextEditConfig.cs","20146","0x4D7C6D75 ^ _003CModule_003E_007Bca6a0dd5_002Dc5c4_002D415b_002Db834_002D43407116930c_007D.m_85a9146d95c445febccf19a89589f9ed.m_e7a16d566a7344fa9fc075b01f65053f","skillname0.lst"
"PvfCode\Models\Options\Editor\TextEditConfig.cs","20178","0x1C1E72D7 ^ _003CModule_003E_007Bca6a0dd5_002Dc5c4_002D415b_002Db834_002D43407116930c_007D.m_85a9146d95c445febccf19a89589f9ed.m_70c8fd8404cf43c49abc052e4d3493da","skillname1.lst"
"PvfCode\Models\Options\Editor\TextEditConfig.cs","20210","0x73AEE7C4 ^ _003CModule_003E_007Bca6a0dd5_002Dc5c4_002D415b_002Db834_002D43407116930c_007D.m_85a9146d95c445febccf19a89589f9ed.m_d0bedb8ed954407788e10a44ffb71f41","skillname2.lst"
"PvfCode\Models\Options\Editor\TextEditConfig.cs","20242","-491056111 ^ -22714618 ^ _003CModule_003E_007Bca6a0dd5_002Dc5c4_002D415b_002Db834_002D43407116930c_007D.m_85a9146d95c445febccf19a89589f9ed.m_70c8fd8404cf43c49abc052e4d3493da","skillname3.lst"
"PvfCode\Models\Options\Editor\TextEditConfig.cs","20274","0x4337B0D0 ^ _003CModule_003E_007Bca6a0dd5_002Dc5c4_002D415b_002Db834_002D43407116930c_007D.m_85a9146d95c445febccf19a89589f9ed.m_65201c1aa71149eca034db0cff153bd8","skillname4.lst"
"PvfCode\Models\Options\Editor\TextEditConfig.cs","20306","0x53B09F4D ^ _003CModule_003E_007Bca6a0dd5_002Dc5c4_002D415b_002Db834_002D43407116930c_007D.m_85a9146d95c445febccf19a89589f9ed.m_6337ac5176b94e4fbc82458203a33980","skillname5.lst"
"PvfCode\Models\Options\Editor\TextEditConfig.cs","20338","0x44FA34F9 ^ _003CModule_003E_007Bca6a0dd5_002Dc5c4_002D415b_002Db834_002D43407116930c_007D.m_85a9146d95c445febccf19a89589f9ed.m_951adc67b6d2421c9c5fe30b42d4e38a","skillname6.lst"
"PvfCode\Models\Options\Editor\TextEditConfig.cs","20370","0x4AAC29E4 ^ _003CModule_003E_007Bca6a0dd5_002Dc5c4_002D415b_002Db834_002D43407116930c_007D.m_85a9146d95c445febccf19a89589f9ed.m_462d5774e5b343638785f870c8a2368d","skillname7.lst"
"PvfCode\Models\Options\Editor\TextEditConfig.cs","20402","0x3A4A2E78 ^ _003CModule_003E_007Bca6a0dd5_002Dc5c4_002D415b_002Db834_002D43407116930c_007D.m_85a9146d95c445febccf19a89589f9ed.m_a42832252e5045a78f8c39de3ab569ac","skillname8.lst"
"PvfCode\Models\Options\Editor\TextEditConfig.cs","20434","0x3F56D5C1 ^ _003CModule_003E_007Bca6a0dd5_002Dc5c4_002D415b_002Db834_002D43407116930c_007D.m_85a9146d95c445febccf19a89589f9ed.m_fd100ef32cc0434788a375e247f8f9c6","skillname9.lst"
"PvfCode\Models\Options\Editor\TextEditConfig.cs","20466","0x24C19503 ^ _003CModule_003E_007Bca6a0dd5_002Dc5c4_002D415b_002Db834_002D43407116930c_007D.m_85a9146d95c445febccf19a89589f9ed.m_b44dc61355f746e296ab2869249a148a","EditorCommentHoverTooltipMode"
"PvfCode\Models\Options\Editor\TextEditConfig.cs","20528","0x4D7C73F7 ^ _003CModule_003E_007Bca6a0dd5_002Dc5c4_002D415b_002Db834_002D43407116930c_007D.m_85a9146d95c445febccf19a89589f9ed.m_e7a16d566a7344fa9fc075b01f65053f","EditorItemCodeHoverTooltipMode"
"PvfCode\Models\Options\Editor\TextEditConfig.cs","20592","- -265447410 ^ 0x2FB39024 ^ _003CModule_003E_007Bca6a0dd5_002Dc5c4_002D415b_002Db834_002D43407116930c_007D.m_85a9146d95c445febccf19a89589f9ed.m_3fb7d066d8c041df8004697423b599db","#####"
"PvfCode\Models\Options\Editor\TextEditConfig.cs","20606","0x3F56CA6D ^ _003CModule_003E_007Bca6a0dd5_002Dc5c4_002D415b_002Db834_002D43407116930c_007D.m_85a9146d95c445febccf19a89589f9ed.m_fd100ef32cc0434788a375e247f8f9c6","SizeUnitLabel"
"PvfCode\Models\Options\Editor\TextEditConfig.cs","20636","- -265447410 ^ 0x6786FB62 ^ _003CModule_003E_007Bca6a0dd5_002Dc5c4_002D415b_002Db834_002D43407116930c_007D.m_85a9146d95c445febccf19a89589f9ed.m_41ad5cab4cce48768ab95608091291f1","25"
"PvfCode\Models\Options\Editor\TextEditConfig.cs","20644","0x4337AF46 ^ _003CModule_003E_007Bca6a0dd5_002Dc5c4_002D415b_002Db834_002D43407116930c_007D.m_85a9146d95c445febccf19a89589f9ed.m_65201c1aa71149eca034db0cff153bd8","50"
"PvfCode\Models\Options\Editor\TextEditConfig.cs","20652","0x4D184E22 ^ _003CModule_003E_007Bca6a0dd5_002Dc5c4_002D415b_002Db834_002D43407116930c_007D.m_85a9146d95c445febccf19a89589f9ed.m_ae8e5535a56e41c088957a236c4dbbbb","75"
"PvfCode\Models\Options\Editor\TextEditConfig.cs","20660","0x199F7466 ^ _003CModule_003E_007Bca6a0dd5_002Dc5c4_002D415b_002Db834_002D43407116930c_007D.m_85a9146d95c445febccf19a89589f9ed.m_ae5b1488c73c49aeb10614e5c153f865","100"
"PvfCode\Models\Options\Editor\TextEditConfig.cs","20670","0x43FEEECE ^ _003CModule_003E_007Bca6a0dd5_002Dc5c4_002D415b_002Db834_002D43407116930c_007D.m_85a9146d95c445febccf19a89589f9ed.m_76a5329ba89c419bb504977e60bee020","125"
"PvfCode\Models\Options\Editor\TextEditConfig.cs","20680","0x4204680 ^ _003CModule_003E_007Bca6a0dd5_002Dc5c4_002D415b_002Db834_002D43407116930c_007D.m_85a9146d95c445febccf19a89589f9ed.m_e5cd12d216b1498fb26aa29e2d96165a","150"
"PvfCode\Models\Options\Editor\TextEditConfig.cs","20690","0x20DD14AD ^ _003CModule_003E_007Bca6a0dd5_002Dc5c4_002D415b_002Db834_002D43407116930c_007D.m_85a9146d95c445febccf19a89589f9ed.m_da86af125ef44472bcb7ee017043046c","175"
"PvfCode\Models\Options\Editor\TextEditConfig.cs","20700","0x129C5EA4 ^ _003CModule_003E_007Bca6a0dd5_002Dc5c4_002D415b_002Db834_002D43407116930c_007D.m_85a9146d95c445febccf19a89589f9ed.m_5af5ce3e732a4544805a6d53df0b38f3","200"
"PvfCode\Models\Options\Editor\TextEditConfig.cs","20710","0x29658296 ^ _003CModule_003E_007Bca6a0dd5_002Dc5c4_002D415b_002Db834_002D43407116930c_007D.m_85a9146d95c445febccf19a89589f9ed.m_c8a6e237ba5e4929b4e63ed86132c747","300"
"PvfCode\Models\Options\Editor\TextEditConfig.cs","20720","0x3A4A313A ^ _003CModule_003E_007Bca6a0dd5_002Dc5c4_002D415b_002Db834_002D43407116930c_007D.m_85a9146d95c445febccf19a89589f9ed.m_a42832252e5045a78f8c39de3ab569ac","400"
"PvfCode\Models\Options\Editor\TextEditConfig.cs","20730","0x3F56CAE9 ^ _003CModule_003E_007Bca6a0dd5_002Dc5c4_002D415b_002Db834_002D43407116930c_007D.m_85a9146d95c445febccf19a89589f9ed.m_fd100ef32cc0434788a375e247f8f9c6","500"
"PvfCode\Models\Options\Editor\TextEditConfig.cs","20740","0x420474C ^ _003CModule_003E_007Bca6a0dd5_002Dc5c4_002D415b_002Db834_002D43407116930c_007D.m_85a9146d95c445febccf19a89589f9ed.m_e5cd12d216b1498fb26aa29e2d96165a","Percent"
"PvfCode\Models\Options\Editor\TextEditConfig.cs","20758","0x2F9AF94C ^ _003CModule_003E_007Bca6a0dd5_002Dc5c4_002D415b_002Db834_002D43407116930c_007D.m_85a9146d95c445febccf19a89589f9ed.m_ffdf07cd419c4048ae81f7fe42516fc1","%"
"PvfCode\Models\Options\Editor\TextEditConfig.cs","20764","0x4AAC376A ^ _003CModule_003E_007Bca6a0dd5_002Dc5c4_002D415b_002Db834_002D43407116930c_007D.m_85a9146d95c445febccf19a89589f9ed.m_462d5774e5b343638785f870c8a2368d","TruncateLongLineLength"
"PvfCode\Models\Options\Editor\TextEditConfig.cs","20812","0x76636371 ^ _003CModule_003E_007Bca6a0dd5_002Dc5c4_002D415b_002Db834_002D43407116930c_007D.m_85a9146d95c445febccf19a89589f9ed.m_0b91fa1ff6e949e39fbbaf40993e22f1","SectionEnd"
"PvfCode\Models\Options\Editor\TextEditConfig.cs","20836","0x68549D68 ^ _003CModule_003E_007Bca6a0dd5_002Dc5c4_002D415b_002Db834_002D43407116930c_007D.m_85a9146d95c445febccf19a89589f9ed.m_41ad5cab4cce48768ab95608091291f1","ShowSpaces"
"PvfCode\Models\Options\Editor\TextEditConfig.cs","20860","0x74D87E55 ^ _003CModule_003E_007Bca6a0dd5_002Dc5c4_002D415b_002Db834_002D43407116930c_007D.m_85a9146d95c445febccf19a89589f9ed.m_bb6682a830894276b8bd5aef887f12e5","ShowTabs"
"PvfCode\Models\Options\Editor\TextEditConfig.cs","20880","0x1C1E6D95 ^ _003CModule_003E_007Bca6a0dd5_002Dc5c4_002D415b_002Db834_002D43407116930c_007D.m_85a9146d95c445febccf19a89589f9ed.m_70c8fd8404cf43c49abc052e4d3493da","ShowEndOfLine"
"PvfCode\Models\Options\Editor\TextEditConfig.cs","20910","-1774323743 ^ -488273562 ^ _003CModule_003E_007Bca6a0dd5_002Dc5c4_002D415b_002Db834_002D43407116930c_007D.m_85a9146d95c445febccf19a89589f9ed.m_bb6682a830894276b8bd5aef887f12e5","WordWrap"
"PvfCode\Models\Options\Editor\TextEditConfig.cs","20930","0x317F9F26 ^ _003CModule_003E_007Bca6a0dd5_002Dc5c4_002D415b_002Db834_002D43407116930c_007D.m_85a9146d95c445febccf19a89589f9ed.m_c8a3a7f5afbc4fc4b6ff1911680fdf15","EnableTextDragDrop"
"PvfCode\Models\Options\Editor\TextEditConfig.cs","20970","0x766363D7 ^ _003CModule_003E_007Bca6a0dd5_002Dc5c4_002D415b_002Db834_002D43407116930c_007D.m_85a9146d95c445febccf19a89589f9ed.m_0b91fa1ff6e949e39fbbaf40993e22f1","EnableVirtualSpace"
"PvfCode\Models\Options\Editor\TextEditConfig.cs","21010","0x43FEEC62 ^ _003CModule_003E_007Bca6a0dd5_002Dc5c4_002D415b_002Db834_002D43407116930c_007D.m_85a9146d95c445febccf19a89589f9ed.m_76a5329ba89c419bb504977e60bee020","UseAutoCodeFolding"
"PvfCode\Models\Options\Editor\TextEditConfig.cs","21050","0x394B7D61 ^ _003CModule_003E_007Bca6a0dd5_002Dc5c4_002D415b_002Db834_002D43407116930c_007D.m_85a9146d95c445febccf19a89589f9ed.m_043dbbb5c70a4a1fade9fef173522ca3","UseFoldingGuideLines"
"PvfCode\Models\Options\Editor\TextEditConfig.cs","21094","0x20DD1619 ^ _003CModule_003E_007Bca6a0dd5_002Dc5c4_002D415b_002Db834_002D43407116930c_007D.m_85a9146d95c445febccf19a89589f9ed.m_da86af125ef44472bcb7ee017043046c","FoldingGuideLineBrush0"
"PvfCode\Models\Options\Editor\TextEditConfig.cs","21142","0x65C0F54E ^ _003CModule_003E_007Bca6a0dd5_002Dc5c4_002D415b_002Db834_002D43407116930c_007D.m_85a9146d95c445febccf19a89589f9ed.m_0fdeeb58c74b4bbc8c8b08ea297bbe71","FoldingGuideLineBrush1"
"PvfCode\Models\Options\Editor\TextEditConfig.cs","21190","-491056111 ^ -1584613067 ^ _003CModule_003E_007Bca6a0dd5_002Dc5c4_002D415b_002Db834_002D43407116930c_007D.m_85a9146d95c445febccf19a89589f9ed.m_65201c1aa71149eca034db0cff153bd8","FoldingGuideLineBrush2"
"PvfCode\Models\Options\Editor\TextEditConfig.cs","21238","0x6540FA38 ^ _003CModule_003E_007Bca6a0dd5_002Dc5c4_002D415b_002Db834_002D43407116930c_007D.m_85a9146d95c445febccf19a89589f9ed.m_b78a16215383430bb9c82d017daba94e","FoldingGuideLineBrush3"
"PvfCode\Models\Options\Editor\TextEditConfig.cs","21286","0x43FEED56 ^ _003CModule_003E_007Bca6a0dd5_002Dc5c4_002D415b_002Db834_002D43407116930c_007D.m_85a9146d95c445febccf19a89589f9ed.m_76a5329ba89c419bb504977e60bee020","FoldingGuideLineBrush4"
"PvfCode\Models\Options\Editor\TextEditConfig.cs","21334","0x2061F4F0 ^ _003CModule_003E_007Bca6a0dd5_002Dc5c4_002D415b_002Db834_002D43407116930c_007D.m_85a9146d95c445febccf19a89589f9ed.m_3fb7d066d8c041df8004697423b599db","red"
"PvfCode\Models\Options\Editor\TextEditConfig.cs","21344","0x7270A786 ^ _003CModule_003E_007Bca6a0dd5_002Dc5c4_002D415b_002Db834_002D43407116930c_007D.m_85a9146d95c445febccf19a89589f9ed.m_fd1104b8a4f4413cadab00ed808204cc","_SearchPanelKeywordConvertTW"
"PvfCode\Models\Options\Editor\TextEditConfig.cs","21404","0x7270A77A ^ _003CModule_003E_007Bca6a0dd5_002Dc5c4_002D415b_002Db834_002D43407116930c_007D.m_85a9146d95c445febccf19a89589f9ed.m_fd1104b8a4f4413cadab00ed808204cc","SearchPanelFindNotFoundAllowMessageBox"
"PvfCode\Models\Options\Editor\TextEditConfig.cs","21484","0x394B7CB7 ^ _003CModule_003E_007Bca6a0dd5_002Dc5c4_002D415b_002Db834_002D43407116930c_007D.m_85a9146d95c445febccf19a89589f9ed.m_043dbbb5c70a4a1fade9fef173522ca3","PvfEditorColorOptionDic"
"PvfCode\Models\Options\Editor\TextEditConfig.cs","21534","0x688B5643 ^ _003CModule_003E_007Bca6a0dd5_002Dc5c4_002D415b_002Db834_002D43407116930c_007D.m_85a9146d95c445febccf19a89589f9ed.m_fe79ec19ea654f38b817b93aa0f16bb8","NowEditorHighlightingColorOption"
"PvfCode\Models\Options\GameServerOptions.cs","16448","0x7270B4A6 ^ _003CModule_003E_007Bca6a0dd5_002Dc5c4_002D415b_002Db834_002D43407116930c_007D.m_85a9146d95c445febccf19a89589f9ed.m_fd1104b8a4f4413cadab00ed808204cc","192.168.200.131"
"PvfCode\Models\Options\GameServerOptions.cs","16482","0x4D7C63A5 ^ _003CModule_003E_007Bca6a0dd5_002Dc5c4_002D415b_002Db834_002D43407116930c_007D.m_85a9146d95c445febccf19a89589f9ed.m_e7a16d566a7344fa9fc075b01f65053f","IP"
"PvfCode\Models\Options\GameServerOptions.cs","16490","- -971443473 ^ 0x7AD0B299 ^ _003CModule_003E_007Bca6a0dd5_002Dc5c4_002D415b_002Db834_002D43407116930c_007D.m_85a9146d95c445febccf19a89589f9ed.m_65201c1aa71149eca034db0cff153bd8","game"
"PvfCode\Models\Options\GameServerOptions.cs","16502","0x394B6F2D ^ _003CModule_003E_007Bca6a0dd5_002Dc5c4_002D415b_002Db834_002D43407116930c_007D.m_85a9146d95c445febccf19a89589f9ed.m_043dbbb5c70a4a1fade9fef173522ca3","SqlUserName"
"PvfCode\Models\Options\GameServerOptions.cs","16528","0x1C1E7C95 ^ _003CModule_003E_007Bca6a0dd5_002Dc5c4_002D415b_002Db834_002D43407116930c_007D.m_85a9146d95c445febccf19a89589f9ed.m_70c8fd8404cf43c49abc052e4d3493da","uu5!^%jg"
"PvfCode\Models\Options\GameServerOptions.cs","16548","0x7270B442 ^ _003CModule_003E_007Bca6a0dd5_002Dc5c4_002D415b_002Db834_002D43407116930c_007D.m_85a9146d95c445febccf19a89589f9ed.m_fd1104b8a4f4413cadab00ed808204cc","SqlPassword"
"PvfCode\Models\Options\GameServerOptions.cs","16574","0x3FED580E ^ _003CModule_003E_007Bca6a0dd5_002Dc5c4_002D415b_002Db834_002D43407116930c_007D.m_85a9146d95c445febccf19a89589f9ed.m_0749d7c4b9b54770bbb31347d356f299","SqlPort"
"PvfCode\Models\Options\GameServerOptions.cs","16592","0x73AEE9E6 ^ _003CModule_003E_007Bca6a0dd5_002Dc5c4_002D415b_002Db834_002D43407116930c_007D.m_85a9146d95c445febccf19a89589f9ed.m_d0bedb8ed954407788e10a44ffb71f41","Server="
"PvfCode\Models\Options\GameServerOptions.cs","16610","0x1C21B711 ^ _003CModule_003E_007Bca6a0dd5_002Dc5c4_002D415b_002Db834_002D43407116930c_007D.m_85a9146d95c445febccf19a89589f9ed.m_73758cb68bd841bd919ebc14c7dd65b6",";Port=3306;Database=d_taiwan;Uid="
"PvfCode\Models\Options\GameServerOptions.cs","16680","0x688B4375 ^ _003CModule_003E_007Bca6a0dd5_002Dc5c4_002D415b_002Db834_002D43407116930c_007D.m_85a9146d95c445febccf19a89589f9ed.m_fe79ec19ea654f38b817b93aa0f16bb8",";Pwd="
"PvfCode\Models\Options\GameServerOptions.cs","16694","0x4D7C62F1 ^ _003CModule_003E_007Bca6a0dd5_002Dc5c4_002D415b_002Db834_002D43407116930c_007D.m_85a9146d95c445febccf19a89589f9ed.m_e7a16d566a7344fa9fc075b01f65053f",";Charset=utf8;Convert Zero Datetime=True;Allow Zero Datetime=True;SslMode=none;"
"PvfCode\Models\Options\GameServerOptions.cs","16856","0x3F56DBCB ^ _003CModule_003E_007Bca6a0dd5_002Dc5c4_002D415b_002Db834_002D43407116930c_007D.m_85a9146d95c445febccf19a89589f9ed.m_fd100ef32cc0434788a375e247f8f9c6","游戏数据库链接失败"
"PvfCode\Models\Options\GMTool\GMToolOptions.cs","598","-1774323743 ^ -1977875900 ^ _003CModule_003E_007Bca6a0dd5_002Dc5c4_002D415b_002Db834_002D43407116930c_007D.m_85a9146d95c445febccf19a89589f9ed.m_73758cb68bd841bd919ebc14c7dd65b6","pvfUtility"
"PvfCode\Models\Options\GMTool\GMToolOptions.cs","17996","0x266BEC4C ^ _003CModule_003E_007Bca6a0dd5_002Dc5c4_002D415b_002Db834_002D43407116930c_007D.m_85a9146d95c445febccf19a89589f9ed.m_f4ab16c1a26b4e079612d99382e8f0cd","PostalSendTitle"
"PvfCode\Models\Options\GMTool\GMToolOptions.cs","18030","0x41D9737E ^ _003CModule_003E_007Bca6a0dd5_002Dc5c4_002D415b_002Db834_002D43407116930c_007D.m_85a9146d95c445febccf19a89589f9ed.m_0149495e7a594d8d937b630d3ae072b3","TestPostal"
"PvfCode\Models\Options\GMTool\GMToolOptions.cs","18054","0x22DA7373 ^ _003CModule_003E_007Bca6a0dd5_002Dc5c4_002D415b_002Db834_002D43407116930c_007D.m_85a9146d95c445febccf19a89589f9ed.m_65914779fc8a4f69bc272be591a5a205","PostalSendText"
"PvfCode\Models\Options\LuanguageOptions.cs","6956","0x22DA2ED9 ^ _003CModule_003E_007Bca6a0dd5_002Dc5c4_002D415b_002Db834_002D43407116930c_007D.m_85a9146d95c445febccf19a89589f9ed.m_65914779fc8a4f69bc272be591a5a205","/"
"PvfCode\Models\Options\LuanguageOptions.cs","6956","0x1401964E ^ _003CModule_003E_007Bca6a0dd5_002Dc5c4_002D415b_002Db834_002D43407116930c_007D.m_85a9146d95c445febccf19a89589f9ed.m_f60d815fce0c42ac93b0d2803c2e35e7","/"
"PvfCode\Models\Options\LuanguageOptions.cs","6956","0x6854D720 ^ _003CModule_003E_007Bca6a0dd5_002Dc5c4_002D415b_002Db834_002D43407116930c_007D.m_85a9146d95c445febccf19a89589f9ed.m_41ad5cab4cce48768ab95608091291f1","/"
"PvfCode\Models\Options\LuanguageOptions.cs","6956","0x3F56813F ^ _003CModule_003E_007Bca6a0dd5_002Dc5c4_002D415b_002Db834_002D43407116930c_007D.m_85a9146d95c445febccf19a89589f9ed.m_fd100ef32cc0434788a375e247f8f9c6","/"
"PvfCode\Models\Options\LuanguageOptions.cs","16878","0x688B43B3 ^ _003CModule_003E_007Bca6a0dd5_002Dc5c4_002D415b_002Db834_002D43407116930c_007D.m_85a9146d95c445febccf19a89589f9ed.m_fe79ec19ea654f38b817b93aa0f16bb8","ViewGlobalOptions_TreeMenu_Setting_ShareSetting"
"PvfCode\Models\Options\LuanguageOptions.cs","16878","0x67BC1BE7 ^ _003CModule_003E_007Bca6a0dd5_002Dc5c4_002D415b_002Db834_002D43407116930c_007D.m_85a9146d95c445febccf19a89589f9ed.m_da16609e2e45436cb9599265ac249e45","ViewGlobalOptions_TreeMenu_Setting_ShareSetting"
"PvfCode\Models\Options\LuanguageOptions.cs","16878","0x28E24015 ^ _003CModule_003E_007Bca6a0dd5_002Dc5c4_002D415b_002Db834_002D43407116930c_007D.m_85a9146d95c445febccf19a89589f9ed.m_e9f521b2cedb42298066f13a8308d8df","ViewGlobalOptions_TreeMenu_Setting_ShareSetting"
"PvfCode\Models\Options\LuanguageOptions.cs","16878","0x53B091F1 ^ _003CModule_003E_007Bca6a0dd5_002Dc5c4_002D415b_002Db834_002D43407116930c_007D.m_85a9146d95c445febccf19a89589f9ed.m_6337ac5176b94e4fbc82458203a33980","ViewGlobalOptions_TreeMenu_Setting_ShareSetting"
"PvfCode\Models\Options\LuanguageOptions.cs","16878","0x41D974FE ^ _003CModule_003E_007Bca6a0dd5_002Dc5c4_002D415b_002Db834_002D43407116930c_007D.m_85a9146d95c445febccf19a89589f9ed.m_0149495e7a594d8d937b630d3ae072b3","ViewGlobalOptions_TreeMenu_Setting_ShareSetting"
"PvfCode\Models\Options\LuanguageOptions.cs","16976","0x1C1E7E55 ^ _003CModule_003E_007Bca6a0dd5_002Dc5c4_002D415b_002Db834_002D43407116930c_007D.m_85a9146d95c445febccf19a89589f9ed.m_70c8fd8404cf43c49abc052e4d3493da","ViewGlobalOptions_TreeMenu_Setting_Bookmark"
"PvfCode\Models\Options\LuanguageOptions.cs","17066","0x509E523F ^ _003CModule_003E_007Bca6a0dd5_002Dc5c4_002D415b_002Db834_002D43407116930c_007D.m_85a9146d95c445febccf19a89589f9ed.m_79ee40d8c1904975a8b7f8abe878f623","ViewGlobalOptions_TreeMenu_Setting_FileExplorerComment"
"PvfCode\Models\Options\LuanguageOptions.cs","17178","0x266BE91A ^ _003CModule_003E_007Bca6a0dd5_002Dc5c4_002D415b_002Db834_002D43407116930c_007D.m_85a9146d95c445febccf19a89589f9ed.m_f4ab16c1a26b4e079612d99382e8f0cd","ViewGlobalOptions_TreeMenu_Setting_TagTranslation"
"PvfCode\Models\Options\LuanguageOptions.cs","17280","0x266BE980 ^ _003CModule_003E_007Bca6a0dd5_002Dc5c4_002D415b_002Db834_002D43407116930c_007D.m_85a9146d95c445febccf19a89589f9ed.m_f4ab16c1a26b4e079612d99382e8f0cd","ViewGlobalOptions_TreeMenu_Setting_CodeIntelliSense"
"PvfCode\Models\Options\LuanguageOptions.cs","17386","0x7FC40892 ^ _003CModule_003E_007Bca6a0dd5_002Dc5c4_002D415b_002Db834_002D43407116930c_007D.m_85a9146d95c445febccf19a89589f9ed.m_5bc082d3f4be4b0381caca1c5291fbbd","ViewGlobalOptions_TreeMenu_StartGameConfig"
"PvfCode\Models\Options\PvfDocumentOptions.cs","17474","0x4D7C6785 ^ _003CModule_003E_007Bca6a0dd5_002Dc5c4_002D415b_002Db834_002D43407116930c_007D.m_85a9146d95c445febccf19a89589f9ed.m_e7a16d566a7344fa9fc075b01f65053f","IconHeight"
"PvfCode\Models\Options\PvfDocumentOptions.cs","17498","0x7270B0BC ^ _003CModule_003E_007Bca6a0dd5_002Dc5c4_002D415b_002Db834_002D43407116930c_007D.m_85a9146d95c445febccf19a89589f9ed.m_fd1104b8a4f4413cadab00ed808204cc","IconWidth"
"PvfCode\Models\Options\PvfFilePreviewColorOptions.cs","17562","0x3A4A2550 ^ _003CModule_003E_007Bca6a0dd5_002Dc5c4_002D415b_002Db834_002D43407116930c_007D.m_85a9146d95c445febccf19a89589f9ed.m_a42832252e5045a78f8c39de3ab569ac","#EA000000"
"PvfCode\Models\Options\PvfFilePreviewColorOptions.cs","17562","0x317F8A7E ^ _003CModule_003E_007Bca6a0dd5_002Dc5c4_002D415b_002Db834_002D43407116930c_007D.m_85a9146d95c445febccf19a89589f9ed.m_c8a3a7f5afbc4fc4b6ff1911680fdf15","#EA000000"
"PvfCode\Models\Options\PvfFilePreviewColorOptions.cs","17584","- -653001974 ^ 0x1FA76F1D ^ _003CModule_003E_007Bca6a0dd5_002Dc5c4_002D415b_002Db834_002D43407116930c_007D.m_85a9146d95c445febccf19a89589f9ed.m_043dbbb5c70a4a1fade9fef173522ca3","#E0052236"
"PvfCode\Models\Options\PvfFilePreviewColorOptions.cs","17606","0x199F6014 ^ _003CModule_003E_007Bca6a0dd5_002Dc5c4_002D415b_002Db834_002D43407116930c_007D.m_85a9146d95c445febccf19a89589f9ed.m_ae5b1488c73c49aeb10614e5c153f865","PvfFilePreviewBackBrush"
"PvfCode\Models\Options\PvfFilePreviewColorOptions.cs","17606","0x67BC1ECF ^ _003CModule_003E_007Bca6a0dd5_002Dc5c4_002D415b_002Db834_002D43407116930c_007D.m_85a9146d95c445febccf19a89589f9ed.m_da16609e2e45436cb9599265ac249e45","PvfFilePreviewBackBrush"
"PvfCode\Models\Options\PvfFilePreviewColorOptions.cs","17656","0x129C4A80 ^ _003CModule_003E_007Bca6a0dd5_002Dc5c4_002D415b_002Db834_002D43407116930c_007D.m_85a9146d95c445febccf19a89589f9ed.m_5af5ce3e732a4544805a6d53df0b38f3","#5d6b99"
"PvfCode\Models\Options\PvfFilePreviewColorOptions.cs","17674","0x44FA3E81 ^ _003CModule_003E_007Bca6a0dd5_002Dc5c4_002D415b_002Db834_002D43407116930c_007D.m_85a9146d95c445febccf19a89589f9ed.m_951adc67b6d2421c9c5fe30b42d4e38a","#007acc"
"PvfCode\Models\Options\PvfFilePreviewColorOptions.cs","17674","0x28E244F1 ^ _003CModule_003E_007Bca6a0dd5_002Dc5c4_002D415b_002Db834_002D43407116930c_007D.m_85a9146d95c445febccf19a89589f9ed.m_e9f521b2cedb42298066f13a8308d8df","#007acc"
"PvfCode\Models\Options\PvfFilePreviewColorOptions.cs","17692","0x666DEB2F ^ _003CModule_003E_007Bca6a0dd5_002Dc5c4_002D415b_002Db834_002D43407116930c_007D.m_85a9146d95c445febccf19a89589f9ed.m_419fccdd318844b8972d6f6aa35cd856","PvfFilePreviewBorderBrush"
"PvfCode\Models\Options\PvfFilePreviewOptions.cs","204","0x766332F1 ^ _003CModule_003E_007Bca6a0dd5_002Dc5c4_002D415b_002Db834_002D43407116930c_007D.m_85a9146d95c445febccf19a89589f9ed.m_0b91fa1ff6e949e39fbbaf40993e22f1","FontSize"
"PvfCode\Models\Options\PvfFilePreviewOptions.cs","17520","0x1C21B383 ^ _003CModule_003E_007Bca6a0dd5_002Dc5c4_002D415b_002Db834_002D43407116930c_007D.m_85a9146d95c445febccf19a89589f9ed.m_73758cb68bd841bd919ebc14c7dd65b6","CurrentColorConfing"
"PvfCode\Models\Options\PvfReleaseLog.cs","17746","0x4D185BDC ^ _003CModule_003E_007Bca6a0dd5_002Dc5c4_002D415b_002Db834_002D43407116930c_007D.m_85a9146d95c445febccf19a89589f9ed.m_ae8e5535a56e41c088957a236c4dbbbb","LastLog"
"PvfCode\Models\Options\Resource1.cs","17764","0x7FC40E1C ^ _003CModule_003E_007Bca6a0dd5_002Dc5c4_002D415b_002Db834_002D43407116930c_007D.m_85a9146d95c445febccf19a89589f9ed.m_5bc082d3f4be4b0381caca1c5291fbbd","Comment"
"PvfCode\Models\Options\Resource1.cs","17782","0x4AAC2300 ^ _003CModule_003E_007Bca6a0dd5_002Dc5c4_002D415b_002Db834_002D43407116930c_007D.m_85a9146d95c445febccf19a89589f9ed.m_462d5774e5b343638785f870c8a2368d","ItemCodeHoverConfig"
"PvfCode\Models\Options\Resource1.cs","17824","0x73AEEC96 ^ _003CModule_003E_007Bca6a0dd5_002Dc5c4_002D415b_002Db834_002D43407116930c_007D.m_85a9146d95c445febccf19a89589f9ed.m_d0bedb8ed954407788e10a44ffb71f41","pvfUtilityLayout"
"PvfCode\Models\Options\StoreOptions.cs","17860","0x685489C8 ^ _003CModule_003E_007Bca6a0dd5_002Dc5c4_002D415b_002Db834_002D43407116930c_007D.m_85a9146d95c445febccf19a89589f9ed.m_41ad5cab4cce48768ab95608091291f1","UploadFileListComment"
"PvfCode\Models\Options\StoreOptions.cs","17906","0x7FC40E8A ^ _003CModule_003E_007Bca6a0dd5_002Dc5c4_002D415b_002Db834_002D43407116930c_007D.m_85a9146d95c445febccf19a89589f9ed.m_5bc082d3f4be4b0381caca1c5291fbbd","UploadTabComment"
"PvfCode\Models\Options\StoreOptions.cs","17942","0x3FED5EA6 ^ _003CModule_003E_007Bca6a0dd5_002Dc5c4_002D415b_002Db834_002D43407116930c_007D.m_85a9146d95c445febccf19a89589f9ed.m_0749d7c4b9b54770bbb31347d356f299","UploadItemCodeHoverConfig"
"PvfCode\Models\Pvf\DataHelper.cs","13696","- -440750154 ^ 0x59BBDBBA ^ _003CModule_003E_007Bca6a0dd5_002Dc5c4_002D415b_002Db834_002D43407116930c_007D.m_85a9146d95c445febccf19a89589f9ed.m_76a5329ba89c419bb504977e60bee020","\n"
"PvfCode\Models\Pvf\DataHelper.cs","14290","0x1C1E0BD7 ^ _003CModule_003E_007Bca6a0dd5_002Dc5c4_002D415b_002Db834_002D43407116930c_007D.m_85a9146d95c445febccf19a89589f9ed.m_70c8fd8404cf43c49abc052e4d3493da",".0"
"PvfCode\Models\Pvf\DataHelper.cs","14290","0x509E2747 ^ _003CModule_003E_007Bca6a0dd5_002Dc5c4_002D415b_002Db834_002D43407116930c_007D.m_85a9146d95c445febccf19a89589f9ed.m_79ee40d8c1904975a8b7f8abe878f623",".0"
"PvfCode\Models\Pvf\DataHelper.cs","14298","0x4337C838 ^ _003CModule_003E_007Bca6a0dd5_002Dc5c4_002D415b_002Db834_002D43407116930c_007D.m_85a9146d95c445febccf19a89589f9ed.m_65201c1aa71149eca034db0cff153bd8","\r\n"
"PvfCode\Models\Pvf\DataHelper.cs","14310","-491056111 ^ -1771893538 ^ _003CModule_003E_007Bca6a0dd5_002Dc5c4_002D415b_002Db834_002D43407116930c_007D.m_85a9146d95c445febccf19a89589f9ed.m_bb6682a830894276b8bd5aef887f12e5","\r"
"PvfCode\Models\Pvf\DataHelper.cs","14318","0x4AAC5198 ^ _003CModule_003E_007Bca6a0dd5_002Dc5c4_002D415b_002Db834_002D43407116930c_007D.m_85a9146d95c445febccf19a89589f9ed.m_462d5774e5b343638785f870c8a2368d","\t"
"PvfCode\Models\Pvf\DataHelper.cs","14326","0x73AE9EC0 ^ _003CModule_003E_007Bca6a0dd5_002Dc5c4_002D415b_002Db834_002D43407116930c_007D.m_85a9146d95c445febccf19a89589f9ed.m_d0bedb8ed954407788e10a44ffb71f41","\0"
"PvfCode\Models\Pvf\DataHelper.cs","14334","0x42021B6 ^ _003CModule_003E_007Bca6a0dd5_002Dc5c4_002D415b_002Db834_002D43407116930c_007D.m_85a9146d95c445febccf19a89589f9ed.m_e5cd12d216b1498fb26aa29e2d96165a","f3"
"PvfCode\Models\Pvf\DataHelper.cs","14334","0x4D182970 ^ _003CModule_003E_007Bca6a0dd5_002Dc5c4_002D415b_002Db834_002D43407116930c_007D.m_85a9146d95c445febccf19a89589f9ed.m_ae8e5535a56e41c088957a236c4dbbbb","f3"
"PvfCode\Models\Pvf\DataHelper.cs","14334","0x3F56ADED ^ _003CModule_003E_007Bca6a0dd5_002Dc5c4_002D415b_002Db834_002D43407116930c_007D.m_85a9146d95c445febccf19a89589f9ed.m_fd100ef32cc0434788a375e247f8f9c6","f3"
"PvfCode\Models\Pvf\DataHelper.cs","14342","0x3F56A215 ^ _003CModule_003E_007Bca6a0dd5_002Dc5c4_002D415b_002Db834_002D43407116930c_007D.m_85a9146d95c445febccf19a89589f9ed.m_fd100ef32cc0434788a375e247f8f9c6"," MiB"
"PvfCode\Models\Pvf\DataHelper.cs","14354","0x67BC621B ^ _003CModule_003E_007Bca6a0dd5_002Dc5c4_002D415b_002Db834_002D43407116930c_007D.m_85a9146d95c445febccf19a89589f9ed.m_da16609e2e45436cb9599265ac249e45"," KiB"
"PvfCode\Models\Pvf\DataHelper.cs","14366","0x317FF6FA ^ _003CModule_003E_007Bca6a0dd5_002Dc5c4_002D415b_002Db834_002D43407116930c_007D.m_85a9146d95c445febccf19a89589f9ed.m_c8a3a7f5afbc4fc4b6ff1911680fdf15"," Bytes"
"PvfCode\Models\Pvf\EquipmentPartSet.cs","14510","0x44FA4325 ^ _003CModule_003E_007Bca6a0dd5_002Dc5c4_002D415b_002Db834_002D43407116930c_007D.m_85a9146d95c445febccf19a89589f9ed.m_951adc67b6d2421c9c5fe30b42d4e38a","被："
"PvfCode\Models\Pvf\EquipmentPartSet.cs","14518","-2058136330 ^ -1743058584 ^ _003CModule_003E_007Bca6a0dd5_002Dc5c4_002D415b_002Db834_002D43407116930c_007D.m_85a9146d95c445febccf19a89589f9ed.m_de1f8a36425541afa677302f17d6b50a","个装备引用"
"PvfCode\Models\Pvf\EquipmentPartSetTable.cs","11170","0x4AAC4DD4 ^ _003CModule_003E_007Bca6a0dd5_002Dc5c4_002D415b_002Db834_002D43407116930c_007D.m_85a9146d95c445febccf19a89589f9ed.m_462d5774e5b343638785f870c8a2368d","[equipment type]"
"PvfCode\Models\Pvf\EquipmentPartSetTable.cs","14382","0x76630A13 ^ _003CModule_003E_007Bca6a0dd5_002Dc5c4_002D415b_002Db834_002D43407116930c_007D.m_85a9146d95c445febccf19a89589f9ed.m_0b91fa1ff6e949e39fbbaf40993e22f1","[part set index]"
"PvfCode\Models\Pvf\EquipmentPartSetTable.cs","14418","0x53B0E84D ^ _003CModule_003E_007Bca6a0dd5_002Dc5c4_002D415b_002Db834_002D43407116930c_007D.m_85a9146d95c445febccf19a89589f9ed.m_6337ac5176b94e4fbc82458203a33980","套装文件加载失败 字符串表中不存在标签：[part set index] "
"PvfCode\Models\Pvf\EquipmentPartSetTable.cs","14496","0x27E33983 ^ _003CModule_003E_007Bca6a0dd5_002Dc5c4_002D415b_002Db834_002D43407116930c_007D.m_85a9146d95c445febccf19a89589f9ed.m_6933bc0b4bde451e837cb2abeda63ddf","套装数量："
"PvfCode\Models\Pvf\EquipmentPartSetTable.cs","14616","0x43FE8768 ^ _003CModule_003E_007Bca6a0dd5_002Dc5c4_002D415b_002Db834_002D43407116930c_007D.m_85a9146d95c445febccf19a89589f9ed.m_76a5329ba89c419bb504977e60bee020","equipment"
"PvfCode\Models\Pvf\ImportModels\ImportConfig.cs","13782","0x1D4850FE ^ _003CModule_003E_007Bca6a0dd5_002Dc5c4_002D415b_002Db834_002D43407116930c_007D.m_85a9146d95c445febccf19a89589f9ed.m_de1f8a36425541afa677302f17d6b50a","TargetPath"
"PvfCode\Models\Pvf\ImportModels\ImportConfig.cs","13912","- -265447410 ^ 0x6A12F672 ^ _003CModule_003E_007Bca6a0dd5_002Dc5c4_002D415b_002Db834_002D43407116930c_007D.m_85a9146d95c445febccf19a89589f9ed.m_0fdeeb58c74b4bbc8c8b08ea297bbe71","Operation"
"PvfCode\Models\Pvf\ImportModels\ImportConfig.cs","14164","0x206190F2 ^ _003CModule_003E_007Bca6a0dd5_002Dc5c4_002D415b_002Db834_002D43407116930c_007D.m_85a9146d95c445febccf19a89589f9ed.m_3fb7d066d8c041df8004697423b599db","RemoveOrKeepFileType"
"PvfCode\Models\Pvf\ImportModels\ImportConfig.cs","14208","0x4D7C1447 ^ _003CModule_003E_007Bca6a0dd5_002Dc5c4_002D415b_002Db834_002D43407116930c_007D.m_85a9146d95c445febccf19a89589f9ed.m_e7a16d566a7344fa9fc075b01f65053f","FileTypes"
"PvfCode\Models\Pvf\ImportModels\ImportConfig.cs","16150","0x67BC651F ^ _003CModule_003E_007Bca6a0dd5_002Dc5c4_002D415b_002Db834_002D43407116930c_007D.m_85a9146d95c445febccf19a89589f9ed.m_da16609e2e45436cb9599265ac249e45","CompileChinaPvfScriptFile"
"PvfCode\Models\Pvf\ImportModels\ImportConfig.cs","16204","0x317FF1A8 ^ _003CModule_003E_007Bca6a0dd5_002Dc5c4_002D415b_002Db834_002D43407116930c_007D.m_85a9146d95c445febccf19a89589f9ed.m_c8a3a7f5afbc4fc4b6ff1911680fdf15","CompileChinaAni"
"PvfCode\Models\Pvf\ImportModels\ImportConfig.cs","16238","0x4202926 ^ _003CModule_003E_007Bca6a0dd5_002Dc5c4_002D415b_002Db834_002D43407116930c_007D.m_85a9146d95c445febccf19a89589f9ed.m_e5cd12d216b1498fb26aa29e2d96165a","ImportSuccessFilePathListAddToSearchPanel"
"PvfCode\Models\Pvf\ImportModels\ImportConfig.cs","16324","0x58FC3729 ^ _003CModule_003E_007Bca6a0dd5_002Dc5c4_002D415b_002Db834_002D43407116930c_007D.m_85a9146d95c445febccf19a89589f9ed.m_65f6650189a24507afbf9f6fb93e3d47","CompileScript"
"PvfCode\Models\Pvf\ImportModels\ImportConfig.cs","16354","0x7FC4749A ^ _003CModule_003E_007Bca6a0dd5_002Dc5c4_002D415b_002Db834_002D43407116930c_007D.m_85a9146d95c445febccf19a89589f9ed.m_5bc082d3f4be4b0381caca1c5291fbbd","CompileBinaryAni"
"PvfCode\Models\Pvf\ImportModels\ImportConfig.cs","16390","0x66B30794 ^ _003CModule_003E_007Bca6a0dd5_002Dc5c4_002D415b_002Db834_002D43407116930c_007D.m_85a9146d95c445febccf19a89589f9ed.m_92f741ef5b364ad3b7d2745060db6ed7","ConvertToTraditionalChinese"
"PvfCode\Models\Pvf\ImportModels\ImportConfig.cs","22586","0x68549436 ^ _003CModule_003E_007Bca6a0dd5_002Dc5c4_002D415b_002Db834_002D43407116930c_007D.m_85a9146d95c445febccf19a89589f9ed.m_41ad5cab4cce48768ab95608091291f1","*.*"
"PvfCode\Models\Pvf\ImportModels\ImportConfig.cs","22586","0x68549436 ^ _003CModule_003E_007Bca6a0dd5_002Dc5c4_002D415b_002Db834_002D43407116930c_007D.m_85a9146d95c445febccf19a89589f9ed.m_41ad5cab4cce48768ab95608091291f1","*.*"
"PvfCode\Models\Pvf\lang.cs","14532","- -1550668123 ^ 0x23A922E7 ^ _003CModule_003E_007Bca6a0dd5_002Dc5c4_002D415b_002Db834_002D43407116930c_007D.m_85a9146d95c445febccf19a89589f9ed.m_5bc082d3f4be4b0381caca1c5291fbbd","PraseInfo"
"PvfCode\Models\Pvf\lang.cs","14554","0x3FED206A ^ _003CModule_003E_007Bca6a0dd5_002Dc5c4_002D415b_002Db834_002D43407116930c_007D.m_85a9146d95c445febccf19a89589f9ed.m_0749d7c4b9b54770bbb31347d356f299","privatekey.pem"
"PvfCode\Models\Pvf\lang.cs","14586","0x66B37F68 ^ _003CModule_003E_007Bca6a0dd5_002Dc5c4_002D415b_002Db834_002D43407116930c_007D.m_85a9146d95c445febccf19a89589f9ed.m_92f741ef5b364ad3b7d2745060db6ed7","publickey.pem"
"PvfCode\Models\Pvf\ListFileTable.cs","10086","0x688B253B ^ _003CModule_003E_007Bca6a0dd5_002Dc5c4_002D415b_002Db834_002D43407116930c_007D.m_85a9146d95c445febccf19a89589f9ed.m_fe79ec19ea654f38b817b93aa0f16bb8","	"
"PvfCode\Models\Pvf\ListFileTable.cs","13704","0x785FDED3 ^ _003CModule_003E_007Bca6a0dd5_002Dc5c4_002D415b_002Db834_002D43407116930c_007D.m_85a9146d95c445febccf19a89589f9ed.m_ee9019ee278a483f841ec956772ff02e","
"
"PvfCode\Models\Pvf\ListFileTable.cs","14616","0x509E298D ^ _003CModule_003E_007Bca6a0dd5_002Dc5c4_002D415b_002Db834_002D43407116930c_007D.m_85a9146d95c445febccf19a89589f9ed.m_79ee40d8c1904975a8b7f8abe878f623","equipment"
"PvfCode\Models\Pvf\ListFileTable.cs","14638","0x66B37EBC ^ _003CModule_003E_007Bca6a0dd5_002Dc5c4_002D415b_002Db834_002D43407116930c_007D.m_85a9146d95c445febccf19a89589f9ed.m_92f741ef5b364ad3b7d2745060db6ed7","stackable"
"PvfCode\Models\Pvf\ListFileTable.cs","14660","- -1550668123 ^ 0x65264744 ^ _003CModule_003E_007Bca6a0dd5_002Dc5c4_002D415b_002Db834_002D43407116930c_007D.m_85a9146d95c445febccf19a89589f9ed.m_043dbbb5c70a4a1fade9fef173522ca3"," "
"PvfCode\Models\Pvf\LstItem.cs","6950","0x35B4EB1C ^ _003CModule_003E_007Bca6a0dd5_002Dc5c4_002D415b_002Db834_002D43407116930c_007D.m_85a9146d95c445febccf19a89589f9ed.m_0d6928e3391c40eba26b7c2395e7588c","\"
"PvfCode\Models\Pvf\LstItem.cs","6956","0x53B0CB33 ^ _003CModule_003E_007Bca6a0dd5_002Dc5c4_002D415b_002Db834_002D43407116930c_007D.m_85a9146d95c445febccf19a89589f9ed.m_6337ac5176b94e4fbc82458203a33980","/"
"PvfCode\Models\Pvf\LstItem.cs","6956","0x43FEA55C ^ _003CModule_003E_007Bca6a0dd5_002Dc5c4_002D415b_002Db834_002D43407116930c_007D.m_85a9146d95c445febccf19a89589f9ed.m_76a5329ba89c419bb504977e60bee020","/"
"PvfCode\Models\Pvf\LstItem.cs","14666","0x44FA42C1 ^ _003CModule_003E_007Bca6a0dd5_002Dc5c4_002D415b_002Db834_002D43407116930c_007D.m_85a9146d95c445febccf19a89589f9ed.m_951adc67b6d2421c9c5fe30b42d4e38a","	`"
"PvfCode\Models\Pvf\LstItem.cs","14674","0x5764FA3 ^ _003CModule_003E_007Bca6a0dd5_002Dc5c4_002D415b_002Db834_002D43407116930c_007D.m_85a9146d95c445febccf19a89589f9ed.m_6f35923f7e3c448e89885f2a3e304f16","`"
"PvfCode\Models\Pvf\PvfPack.cs","1412","0x28E2047F ^ _003CModule_003E_007Bca6a0dd5_002Dc5c4_002D415b_002Db834_002D43407116930c_007D.m_85a9146d95c445febccf19a89589f9ed.m_e9f521b2cedb42298066f13a8308d8df","n_string.lst"
"PvfCode\Models\Pvf\PvfPack.cs","13844","0x22DA03E1 ^ _003CModule_003E_007Bca6a0dd5_002Dc5c4_002D415b_002Db834_002D43407116930c_007D.m_85a9146d95c445febccf19a89589f9ed.m_65914779fc8a4f69bc272be591a5a205","script"
"PvfCode\Models\Pvf\PvfPack.cs","14680","0x44FA42D3 ^ _003CModule_003E_007Bca6a0dd5_002Dc5c4_002D415b_002Db834_002D43407116930c_007D.m_85a9146d95c445febccf19a89589f9ed.m_951adc67b6d2421c9c5fe30b42d4e38a","PvfIsOpen"
"PvfCode\Models\Pvf\PvfPack.cs","14702","0x785FD235 ^ _003CModule_003E_007Bca6a0dd5_002Dc5c4_002D415b_002Db834_002D43407116930c_007D.m_85a9146d95c445febccf19a89589f9ed.m_ee9019ee278a483f841ec956772ff02e","PvfPackFilePath"
"PvfCode\Models\Pvf\PvfPack.cs","14736","0x65C09E48 ^ _003CModule_003E_007Bca6a0dd5_002Dc5c4_002D415b_002Db834_002D43407116930c_007D.m_85a9146d95c445febccf19a89589f9ed.m_0fdeeb58c74b4bbc8c8b08ea297bbe71","PvfPackDir"
"PvfCode\Models\Pvf\PvfPack.cs","14760","0x3A4A5862 ^ _003CModule_003E_007Bca6a0dd5_002Dc5c4_002D415b_002Db834_002D43407116930c_007D.m_85a9146d95c445febccf19a89589f9ed.m_a42832252e5045a78f8c39de3ab569ac","PvfPackDefaultExtractDir"
"PvfCode\Models\Pvf\PvfPack.cs","14812","0x41D90CCC ^ _003CModule_003E_007Bca6a0dd5_002Dc5c4_002D415b_002Db834_002D43407116930c_007D.m_85a9146d95c445febccf19a89589f9ed.m_0149495e7a594d8d937b630d3ae072b3","OverAllEncodingType"
"PvfCode\Models\Pvf\PvfPack.cs","14854","0x7663083B ^ _003CModule_003E_007Bca6a0dd5_002Dc5c4_002D415b_002Db834_002D43407116930c_007D.m_85a9146d95c445febccf19a89589f9ed.m_0b91fa1ff6e949e39fbbaf40993e22f1","stringtable.bin"
"PvfCode\Models\Pvf\PvfPack.cs","14854","0x74D8152F ^ _003CModule_003E_007Bca6a0dd5_002Dc5c4_002D415b_002Db834_002D43407116930c_007D.m_85a9146d95c445febccf19a89589f9ed.m_bb6682a830894276b8bd5aef887f12e5","stringtable.bin"
"PvfCode\Models\Pvf\SearchItemCodeModels\SearchItemCodeConfig.cs","10086","0x2F9A8F3C ^ _003CModule_003E_007Bca6a0dd5_002Dc5c4_002D415b_002Db834_002D43407116930c_007D.m_85a9146d95c445febccf19a89589f9ed.m_ffdf07cd419c4048ae81f7fe42516fc1","	"
"PvfCode\Models\Pvf\SearchItemCodeModels\SearchItemCodeConfig.cs","13704","0x7FC47EF0 ^ _003CModule_003E_007Bca6a0dd5_002Dc5c4_002D415b_002Db834_002D43407116930c_007D.m_85a9146d95c445febccf19a89589f9ed.m_5bc082d3f4be4b0381caca1c5291fbbd","
"
"PvfCode\Models\Pvf\SearchItemCodeModels\SearchItemCodeConfig.cs","14660","-1003077614 ^ -313283802 ^ _003CModule_003E_007Bca6a0dd5_002Dc5c4_002D415b_002Db834_002D43407116930c_007D.m_85a9146d95c445febccf19a89589f9ed.m_c8a6e237ba5e4929b4e63ed86132c747"," "
"PvfCode\Models\Pvf\SearchItemCodeModels\SearchItemCodeConfig.cs","16094","0x20619978 ^ _003CModule_003E_007Bca6a0dd5_002Dc5c4_002D415b_002Db834_002D43407116930c_007D.m_85a9146d95c445febccf19a89589f9ed.m_3fb7d066d8c041df8004697423b599db","mess_SearchCode"
"PvfCode\Models\Pvf\SearchItemCodeModels\SearchItemCodeConfig.cs","16128","0x3F56A513 ^ _003CModule_003E_007Bca6a0dd5_002Dc5c4_002D415b_002Db834_002D43407116930c_007D.m_85a9146d95c445febccf19a89589f9ed.m_fd100ef32cc0434788a375e247f8f9c6","_Document"
"PvfCode\Models\Pvf\Stringtable.cs","11230","0x509E3B4B ^ _003CModule_003E_007Bca6a0dd5_002Dc5c4_002D415b_002Db834_002D43407116930c_007D.m_85a9146d95c445febccf19a89589f9ed.m_79ee40d8c1904975a8b7f8abe878f623","[name]"
"PvfCode\Models\Pvf\Stringtable.cs","13696","0x5764371 ^ _003CModule_003E_007Bca6a0dd5_002Dc5c4_002D415b_002Db834_002D43407116930c_007D.m_85a9146d95c445febccf19a89589f9ed.m_6f35923f7e3c448e89885f2a3e304f16","\n"
"PvfCode\Models\Pvf\Stringtable.cs","13704","- -971443473 ^ 0x898F67D ^ _003CModule_003E_007Bca6a0dd5_002Dc5c4_002D415b_002Db834_002D43407116930c_007D.m_85a9146d95c445febccf19a89589f9ed.m_c8a3a7f5afbc4fc4b6ff1911680fdf15","
"
"PvfCode\Models\Pvf\Stringtable.cs","14674","0x4202F1A ^ _003CModule_003E_007Bca6a0dd5_002Dc5c4_002D415b_002Db834_002D43407116930c_007D.m_85a9146d95c445febccf19a89589f9ed.m_e5cd12d216b1498fb26aa29e2d96165a","`"
"PvfCode\Models\Pvf\Stringtable.cs","14888","0x66B37DBA ^ _003CModule_003E_007Bca6a0dd5_002Dc5c4_002D415b_002Db834_002D43407116930c_007D.m_85a9146d95c445febccf19a89589f9ed.m_92f741ef5b364ad3b7d2745060db6ed7","stringtable.bin文件 是Null"
"PvfCode\Models\Pvf\Stringtable.cs","14938","0x43FE842A ^ _003CModule_003E_007Bca6a0dd5_002Dc5c4_002D415b_002Db834_002D43407116930c_007D.m_85a9146d95c445febccf19a89589f9ed.m_76a5329ba89c419bb504977e60bee020","mess_StringTableBinError"
"PvfCode\Models\Pvf\Stringtable.cs","14990","0x1C21CD7D ^ _003CModule_003E_007Bca6a0dd5_002Dc5c4_002D415b_002Db834_002D43407116930c_007D.m_85a9146d95c445febccf19a89589f9ed.m_73758cb68bd841bd919ebc14c7dd65b6","mess_StringTableLoadSuccess"
"PvfCode\Models\Pvf\Stringtable.cs","15048","0x5764C39 ^ _003CModule_003E_007Bca6a0dd5_002Dc5c4_002D415b_002Db834_002D43407116930c_007D.m_85a9146d95c445febccf19a89589f9ed.m_6f35923f7e3c448e89885f2a3e304f16","[growtype name]"
"PvfCode\Models\Pvf\Stringtable.cs","15082","0x766308D7 ^ _003CModule_003E_007Bca6a0dd5_002Dc5c4_002D415b_002Db834_002D43407116930c_007D.m_85a9146d95c445febccf19a89589f9ed.m_0b91fa1ff6e949e39fbbaf40993e22f1","[macro]"
"PvfCode\Models\Pvf\Stringtable.cs","15100","0x1C1E06F9 ^ _003CModule_003E_007Bca6a0dd5_002Dc5c4_002D415b_002Db834_002D43407116930c_007D.m_85a9146d95c445febccf19a89589f9ed.m_70c8fd8404cf43c49abc052e4d3493da","[minimum info]"
"PvfCode\Models\Pvf\Stringtable.cs","15132","0x53B0EB03 ^ _003CModule_003E_007Bca6a0dd5_002Dc5c4_002D415b_002Db834_002D43407116930c_007D.m_85a9146d95c445febccf19a89589f9ed.m_6337ac5176b94e4fbc82458203a33980","[title]"
"PvfCode\Models\Pvf\Stringtable.cs","15150","0x2F9A9374 ^ _003CModule_003E_007Bca6a0dd5_002Dc5c4_002D415b_002Db834_002D43407116930c_007D.m_85a9146d95c445febccf19a89589f9ed.m_ffdf07cd419c4048ae81f7fe42516fc1","[map name]"
"PvfCode\Models\Pvf\Stringtable.cs","15174","0x4AAC5D30 ^ _003CModule_003E_007Bca6a0dd5_002Dc5c4_002D415b_002Db834_002D43407116930c_007D.m_85a9146d95c445febccf19a89589f9ed.m_462d5774e5b343638785f870c8a2368d","[name_text]"
"PvfCode\Models\Pvf\Stringtable.cs","15200","0x2965E910 ^ _003CModule_003E_007Bca6a0dd5_002Dc5c4_002D415b_002Db834_002D43407116930c_007D.m_85a9146d95c445febccf19a89589f9ed.m_c8a6e237ba5e4929b4e63ed86132c747","[set name]"
"PvfCode\Models\Pvf\Stringtable.cs","15224","0x3A4A5AB2 ^ _003CModule_003E_007Bca6a0dd5_002Dc5c4_002D415b_002Db834_002D43407116930c_007D.m_85a9146d95c445febccf19a89589f9ed.m_a42832252e5045a78f8c39de3ab569ac","mess_StringError"
"PvfCode\Models\Pvf\Stringtable.cs","15260","0x785FD0C7 ^ _003CModule_003E_007Bca6a0dd5_002Dc5c4_002D415b_002Db834_002D43407116930c_007D.m_85a9146d95c445febccf19a89589f9ed.m_ee9019ee278a483f841ec956772ff02e","mess_LocalStringTableDeleted"
"PvfCode\Models\Pvf\Stringtable.cs","15320","0x3FED2368 ^ _003CModule_003E_007Bca6a0dd5_002Dc5c4_002D415b_002Db834_002D43407116930c_007D.m_85a9146d95c445febccf19a89589f9ed.m_0749d7c4b9b54770bbb31347d356f299","此StringTable由 pvfUtility 2022 或更高版本生成."
"PvfCode\Models\Pvf\Stringtable.cs","15320","0x1D485EF0 ^ _003CModule_003E_007Bca6a0dd5_002Dc5c4_002D415b_002Db834_002D43407116930c_007D.m_85a9146d95c445febccf19a89589f9ed.m_de1f8a36425541afa677302f17d6b50a","此StringTable由 pvfUtility 2022 或更高版本生成."
"PvfCode\Models\Pvf\Stringtable.cs","15400","0x1D485900 ^ _003CModule_003E_007Bca6a0dd5_002Dc5c4_002D415b_002Db834_002D43407116930c_007D.m_85a9146d95c445febccf19a89589f9ed.m_de1f8a36425541afa677302f17d6b50a","mess_FileHeader"
"PvfCode\Models\Pvf\Stringtable.cs","15434","0x1D485962 ^ _003CModule_003E_007Bca6a0dd5_002Dc5c4_002D415b_002Db834_002D43407116930c_007D.m_85a9146d95c445febccf19a89589f9ed.m_de1f8a36425541afa677302f17d6b50a","["
"PvfCode\Models\Pvf\Stringtable.cs","15440","0x66B37BC2 ^ _003CModule_003E_007Bca6a0dd5_002Dc5c4_002D415b_002Db834_002D43407116930c_007D.m_85a9146d95c445febccf19a89589f9ed.m_92f741ef5b364ad3b7d2745060db6ed7","]	`"
"PvfCode\Models\Pvf\Stringtable.cs","22518","- -320613038 ^ 0x7571D36B ^ _003CModule_003E_007Bca6a0dd5_002Dc5c4_002D415b_002Db834_002D43407116930c_007D.m_85a9146d95c445febccf19a89589f9ed.m_419fccdd318844b8972d6f6aa35cd856","stringtable.bin文件共裁剪"
"PvfCode\Models\Pvf\Stringtable.cs","22562","0x1401D540 ^ _003CModule_003E_007Bca6a0dd5_002Dc5c4_002D415b_002Db834_002D43407116930c_007D.m_85a9146d95c445febccf19a89589f9ed.m_f60d815fce0c42ac93b0d2803c2e35e7","条 未被引用的字符串"
"PvfCode\Models\Pvf\StringView.cs","15450","0x65409494 ^ _003CModule_003E_007Bca6a0dd5_002Dc5c4_002D415b_002Db834_002D43407116930c_007D.m_85a9146d95c445febccf19a89589f9ed.m_b78a16215383430bb9c82d017daba94e","n_string.lst 文件中存在重复的kor.str文件名:"
"PvfCode\Models\Pvf\StringView.cs","15518","0x27E33DBD ^ _003CModule_003E_007Bca6a0dd5_002Dc5c4_002D415b_002Db834_002D43407116930c_007D.m_85a9146d95c445febccf19a89589f9ed.m_6933bc0b4bde451e837cb2abeda63ddf","mess_FileNotFound"
"PvfCode\Models\Pvf\StringView.cs","15556","0x41D909D4 ^ _003CModule_003E_007Bca6a0dd5_002Dc5c4_002D415b_002Db834_002D43407116930c_007D.m_85a9146d95c445febccf19a89589f9ed.m_0149495e7a594d8d937b630d3ae072b3","mess_StringLinkLoadSuccess"
"PvfCode\Models\Pvf\StringView.cs","15612","0x65C09B24 ^ _003CModule_003E_007Bca6a0dd5_002Dc5c4_002D415b_002Db834_002D43407116930c_007D.m_85a9146d95c445febccf19a89589f9ed.m_0fdeeb58c74b4bbc8c8b08ea297bbe71",">"
"PvfCode\Models\Pvf\StringView.cs","15612","0x22DA0909 ^ _003CModule_003E_007Bca6a0dd5_002Dc5c4_002D415b_002Db834_002D43407116930c_007D.m_85a9146d95c445febccf19a89589f9ed.m_65914779fc8a4f69bc272be591a5a205",">"
"PvfCode\Models\Pvf\StringView.cs","15612","0x3F56A6EF ^ _003CModule_003E_007Bca6a0dd5_002Dc5c4_002D415b_002Db834_002D43407116930c_007D.m_85a9146d95c445febccf19a89589f9ed.m_fd100ef32cc0434788a375e247f8f9c6",">"
"PvfCode\Models\Pvf\StringView.cs","15612","0x41D909EC ^ _003CModule_003E_007Bca6a0dd5_002Dc5c4_002D415b_002Db834_002D43407116930c_007D.m_85a9146d95c445febccf19a89589f9ed.m_0149495e7a594d8d937b630d3ae072b3",">"
"PvfCode\Models\Pvf\StringView.cs","15612","0x509E2C69 ^ _003CModule_003E_007Bca6a0dd5_002Dc5c4_002D415b_002Db834_002D43407116930c_007D.m_85a9146d95c445febccf19a89589f9ed.m_79ee40d8c1904975a8b7f8abe878f623",">"
"PvfCode\Models\Pvf\StringView.cs","15618","0x129C337A ^ _003CModule_003E_007Bca6a0dd5_002Dc5c4_002D415b_002Db834_002D43407116930c_007D.m_85a9146d95c445febccf19a89589f9ed.m_5af5ce3e732a4544805a6d53df0b38f3","mess_StringLinkLoadError"
"PvfCode\Models\Pvf\StringView.cs","15670","0x7270C9D0 ^ _003CModule_003E_007Bca6a0dd5_002Dc5c4_002D415b_002Db834_002D43407116930c_007D.m_85a9146d95c445febccf19a89589f9ed.m_fd1104b8a4f4413cadab00ed808204cc","mess_StringLinkLoadError2"
"PvfCode\Models\Pvf\StringView.cs","15724","0x22DA0899 ^ _003CModule_003E_007Bca6a0dd5_002Dc5c4_002D415b_002Db834_002D43407116930c_007D.m_85a9146d95c445febccf19a89589f9ed.m_65914779fc8a4f69bc272be591a5a205","mess_StringLinkLoadError3"
"PvfCode\Models\Pvf\StringView.cs","15778","0x394B12F9 ^ _003CModule_003E_007Bca6a0dd5_002Dc5c4_002D415b_002Db834_002D43407116930c_007D.m_85a9146d95c445febccf19a89589f9ed.m_043dbbb5c70a4a1fade9fef173522ca3","mess_StringLinkReloadSuccess"
"PvfCode\Models\Pvf\StringView.cs","15838","0x66B37A4C ^ _003CModule_003E_007Bca6a0dd5_002Dc5c4_002D415b_002Db834_002D43407116930c_007D.m_85a9146d95c445febccf19a89589f9ed.m_92f741ef5b364ad3b7d2745060db6ed7","mess_StrIndexError"
"PvfCode\Models\Pvf\StringView.cs","15878","0x7270CAE0 ^ _003CModule_003E_007Bca6a0dd5_002Dc5c4_002D415b_002Db834_002D43407116930c_007D.m_85a9146d95c445febccf19a89589f9ed.m_fd1104b8a4f4413cadab00ed808204cc","mess_StringLinkFileNotExist"
"PvfCode\Models\Pvf\StringView.cs","15936","0x666D9073 ^ _003CModule_003E_007Bca6a0dd5_002Dc5c4_002D415b_002Db834_002D43407116930c_007D.m_85a9146d95c445febccf19a89589f9ed.m_419fccdd318844b8972d6f6aa35cd856","mess_CouldnotFindStr"
"PvfCode\Models\Pvf\StringView.cs","15980","0x28E23F97 ^ _003CModule_003E_007Bca6a0dd5_002Dc5c4_002D415b_002Db834_002D43407116930c_007D.m_85a9146d95c445febccf19a89589f9ed.m_e9f521b2cedb42298066f13a8308d8df","mess_StringLinkReadError"
"PvfCode\Models\Pvf\StringView.cs","16032","0x2F9A96FA ^ _003CModule_003E_007Bca6a0dd5_002Dc5c4_002D415b_002Db834_002D43407116930c_007D.m_85a9146d95c445febccf19a89589f9ed.m_ffdf07cd419c4048ae81f7fe42516fc1","文件：file://"
"PvfCode\Models\Pvf\StringView.cs","16056","0x199F1A6A ^ _003CModule_003E_007Bca6a0dd5_002Dc5c4_002D415b_002Db834_002D43407116930c_007D.m_85a9146d95c445febccf19a89589f9ed.m_ae5b1488c73c49aeb10614e5c153f865"," 裁剪未使用的字符串共："
"PvfCode\Models\Pvf\StringView.cs","16084","0x35B4CEEE ^ _003CModule_003E_007Bca6a0dd5_002Dc5c4_002D415b_002Db834_002D43407116930c_007D.m_85a9146d95c445febccf19a89589f9ed.m_0d6928e3391c40eba26b7c2395e7588c","条数据"
"PvfCode\PathConfigs.cs","1156","0x688B06D9 ^ _003CModule_003E_007Bca6a0dd5_002Dc5c4_002D415b_002Db834_002D43407116930c_007D.m_85a9146d95c445febccf19a89589f9ed.m_fe79ec19ea654f38b817b93aa0f16bb8","PvfOpenLog"
"PvfCode\PublicSearchServiceOptions.cs","1180","0x44FA7F17 ^ _003CModule_003E_007Bca6a0dd5_002Dc5c4_002D415b_002Db834_002D43407116930c_007D.m_85a9146d95c445febccf19a89589f9ed.m_951adc67b6d2421c9c5fe30b42d4e38a","ToolbarShowNameSearchPanel"
"PvfCode\PublicSearchServiceOptions.cs","1236","0x785FEF8F ^ _003CModule_003E_007Bca6a0dd5_002Dc5c4_002D415b_002Db834_002D43407116930c_007D.m_85a9146d95c445febccf19a89589f9ed.m_ee9019ee278a483f841ec956772ff02e","OpenStringAndSectionCompletion"
"PvfCode\PublicSearchServiceOptions.cs","1300","0x44FA7E9F ^ _003CModule_003E_007Bca6a0dd5_002Dc5c4_002D415b_002Db834_002D43407116930c_007D.m_85a9146d95c445febccf19a89589f9ed.m_951adc67b6d2421c9c5fe30b42d4e38a","OpenNameCompletion"
"PvfCode\PublicSearchServiceOptions.cs","1340","0x1C1E3939 ^ _003CModule_003E_007Bca6a0dd5_002Dc5c4_002D415b_002Db834_002D43407116930c_007D.m_85a9146d95c445febccf19a89589f9ed.m_70c8fd8404cf43c49abc052e4d3493da","OpenFilePathCompletion"
"PvfCode\PublicSearchServiceOptions.cs","1388","0x73AEAC5A ^ _003CModule_003E_007Bca6a0dd5_002Dc5c4_002D415b_002Db834_002D43407116930c_007D.m_85a9146d95c445febccf19a89589f9ed.m_d0bedb8ed954407788e10a44ffb71f41","TakeNumber"
"PvfCode\PvfFile.cs","1440","0x666DAB93 ^ _003CModule_003E_007Bca6a0dd5_002Dc5c4_002D415b_002Db834_002D43407116930c_007D.m_85a9146d95c445febccf19a89589f9ed.m_419fccdd318844b8972d6f6aa35cd856","[aurora avatar]"
"PvfCode\PvfFile.cs","1474","-491056111 ^ -22729258 ^ _003CModule_003E_007Bca6a0dd5_002Dc5c4_002D415b_002Db834_002D43407116930c_007D.m_85a9146d95c445febccf19a89589f9ed.m_70c8fd8404cf43c49abc052e4d3493da","[waist avatar]"
"PvfCode\PvfFile.cs","1506","0x6540AD2C ^ _003CModule_003E_007Bca6a0dd5_002Dc5c4_002D415b_002Db834_002D43407116930c_007D.m_85a9146d95c445febccf19a89589f9ed.m_b78a16215383430bb9c82d017daba94e","[hat avatar]"
"PvfCode\PvfFile.cs","1534","0x3F569FED ^ _003CModule_003E_007Bca6a0dd5_002Dc5c4_002D415b_002Db834_002D43407116930c_007D.m_85a9146d95c445febccf19a89589f9ed.m_fd100ef32cc0434788a375e247f8f9c6","[coat avatar]"
"PvfCode\PvfFile.cs","1564","0x6854CA10 ^ _003CModule_003E_007Bca6a0dd5_002Dc5c4_002D415b_002Db834_002D43407116930c_007D.m_85a9146d95c445febccf19a89589f9ed.m_41ad5cab4cce48768ab95608091291f1","[face avatar]"
"PvfCode\PvfFile.cs","1594","- -320613038 ^ 0x173C3ADC ^ _003CModule_003E_007Bca6a0dd5_002Dc5c4_002D415b_002Db834_002D43407116930c_007D.m_85a9146d95c445febccf19a89589f9ed.m_e5cd12d216b1498fb26aa29e2d96165a","[hair avatar]"
"PvfCode\PvfFile.cs","1624","0x20DD4227 ^ _003CModule_003E_007Bca6a0dd5_002Dc5c4_002D415b_002Db834_002D43407116930c_007D.m_85a9146d95c445febccf19a89589f9ed.m_da86af125ef44472bcb7ee017043046c","[breast avatar]"
"PvfCode\PvfFile.cs","1658","0x509E16EF ^ _003CModule_003E_007Bca6a0dd5_002Dc5c4_002D415b_002Db834_002D43407116930c_007D.m_85a9146d95c445febccf19a89589f9ed.m_79ee40d8c1904975a8b7f8abe878f623","[pants avatar]"
"PvfCode\PvfFile.cs","1690","0x42010D2 ^ _003CModule_003E_007Bca6a0dd5_002Dc5c4_002D415b_002Db834_002D43407116930c_007D.m_85a9146d95c445febccf19a89589f9ed.m_e5cd12d216b1498fb26aa29e2d96165a","[shoes avatar]"
"PvfCode\PvfFile.cs","1722","0x4AAC60CC ^ _003CModule_003E_007Bca6a0dd5_002Dc5c4_002D415b_002Db834_002D43407116930c_007D.m_85a9146d95c445febccf19a89589f9ed.m_462d5774e5b343638785f870c8a2368d","[skin avatar]"
"PvfCode\PvfFile.cs","6956","0x24C1C1DD ^ _003CModule_003E_007Bca6a0dd5_002Dc5c4_002D415b_002Db834_002D43407116930c_007D.m_85a9146d95c445febccf19a89589f9ed.m_b44dc61355f746e296ab2869249a148a","/"
"PvfCode\PvfFile.cs","6956","- -931219739 ^ 0x513215A5 ^ _003CModule_003E_007Bca6a0dd5_002Dc5c4_002D415b_002Db834_002D43407116930c_007D.m_85a9146d95c445febccf19a89589f9ed.m_92f741ef5b364ad3b7d2745060db6ed7","/"
"PvfCode\PvfFile.cs","6956","0x6854D720 ^ _003CModule_003E_007Bca6a0dd5_002Dc5c4_002D415b_002Db834_002D43407116930c_007D.m_85a9146d95c445febccf19a89589f9ed.m_41ad5cab4cce48768ab95608091291f1","/"
"PvfCode\PvfFile.cs","6962","0x3A4A7AF8 ^ _003CModule_003E_007Bca6a0dd5_002Dc5c4_002D415b_002Db834_002D43407116930c_007D.m_85a9146d95c445febccf19a89589f9ed.m_a42832252e5045a78f8c39de3ab569ac","[swordman]"
"PvfCode\PvfFile.cs","6986","0x58FC13A7 ^ _003CModule_003E_007Bca6a0dd5_002Dc5c4_002D415b_002Db834_002D43407116930c_007D.m_85a9146d95c445febccf19a89589f9ed.m_65f6650189a24507afbf9f6fb93e3d47","[fighter]"
"PvfCode\PvfFile.cs","7008","0x129C1518 ^ _003CModule_003E_007Bca6a0dd5_002Dc5c4_002D415b_002Db834_002D43407116930c_007D.m_85a9146d95c445febccf19a89589f9ed.m_5af5ce3e732a4544805a6d53df0b38f3","[at mage]"
"PvfCode\PvfFile.cs","7030","0x22DA2E83 ^ _003CModule_003E_007Bca6a0dd5_002Dc5c4_002D415b_002Db834_002D43407116930c_007D.m_85a9146d95c445febccf19a89589f9ed.m_65914779fc8a4f69bc272be591a5a205","[gunner]"
"PvfCode\PvfFile.cs","7050","- -971443473 ^ 0x1F8CBC9B ^ _003CModule_003E_007Bca6a0dd5_002Dc5c4_002D415b_002Db834_002D43407116930c_007D.m_85a9146d95c445febccf19a89589f9ed.m_f4ab16c1a26b4e079612d99382e8f0cd","[priest]"
"PvfCode\PvfFile.cs","7070","0x24C1C16F ^ _003CModule_003E_007Bca6a0dd5_002Dc5c4_002D415b_002Db834_002D43407116930c_007D.m_85a9146d95c445febccf19a89589f9ed.m_b44dc61355f746e296ab2869249a148a","[knight]"
"PvfCode\PvfFile.cs","7090","0x2965C9C2 ^ _003CModule_003E_007Bca6a0dd5_002Dc5c4_002D415b_002Db834_002D43407116930c_007D.m_85a9146d95c445febccf19a89589f9ed.m_c8a6e237ba5e4929b4e63ed86132c747","[mage]"
"PvfCode\PvfFile.cs","7106","0x74D834EB ^ _003CModule_003E_007Bca6a0dd5_002Dc5c4_002D415b_002Db834_002D43407116930c_007D.m_85a9146d95c445febccf19a89589f9ed.m_bb6682a830894276b8bd5aef887f12e5","[at gunner]"
"PvfCode\PvfFile.cs","7132","0x199F3F0E ^ _003CModule_003E_007Bca6a0dd5_002Dc5c4_002D415b_002Db834_002D43407116930c_007D.m_85a9146d95c445febccf19a89589f9ed.m_ae5b1488c73c49aeb10614e5c153f865","[at priest]"
"PvfCode\PvfFile.cs","7158","- -653001974 ^ 0x6512A170 ^ _003CModule_003E_007Bca6a0dd5_002Dc5c4_002D415b_002Db834_002D43407116930c_007D.m_85a9146d95c445febccf19a89589f9ed.m_76a5329ba89c419bb504977e60bee020","[thief]"
"PvfCode\PvfFile.cs","7176","0x2061BBAE ^ _003CModule_003E_007Bca6a0dd5_002Dc5c4_002D415b_002Db834_002D43407116930c_007D.m_85a9146d95c445febccf19a89589f9ed.m_3fb7d066d8c041df8004697423b599db","[at fighter]"
"PvfCode\PvfFile.cs","7204","-1003077614 ^ -313291194 ^ _003CModule_003E_007Bca6a0dd5_002Dc5c4_002D415b_002Db834_002D43407116930c_007D.m_85a9146d95c445febccf19a89589f9ed.m_c8a6e237ba5e4929b4e63ed86132c747","[gun blader]"
"PvfCode\PvfFile.cs","7232","0x666DB273 ^ _003CModule_003E_007Bca6a0dd5_002Dc5c4_002D415b_002Db834_002D43407116930c_007D.m_85a9146d95c445febccf19a89589f9ed.m_419fccdd318844b8972d6f6aa35cd856","[demonic swordman]"
"PvfCode\PvfFile.cs","7272","0x199F38BA ^ _003CModule_003E_007Bca6a0dd5_002Dc5c4_002D415b_002Db834_002D43407116930c_007D.m_85a9146d95c445febccf19a89589f9ed.m_ae5b1488c73c49aeb10614e5c153f865","[creator mage]"
"PvfCode\PvfFile.cs","7304","0x67BC4681 ^ _003CModule_003E_007Bca6a0dd5_002Dc5c4_002D415b_002Db834_002D43407116930c_007D.m_85a9146d95c445febccf19a89589f9ed.m_da16609e2e45436cb9599265ac249e45","[at swordman]"
"PvfCode\PvfFile.cs","7334","0x3FED0416 ^ _003CModule_003E_007Bca6a0dd5_002Dc5c4_002D415b_002Db834_002D43407116930c_007D.m_85a9146d95c445febccf19a89589f9ed.m_0749d7c4b9b54770bbb31347d356f299","[demonic lancer]"
"PvfCode\PvfFile.cs","7370","0x27E31DE9 ^ _003CModule_003E_007Bca6a0dd5_002Dc5c4_002D415b_002Db834_002D43407116930c_007D.m_85a9146d95c445febccf19a89589f9ed.m_6933bc0b4bde451e837cb2abeda63ddf","[all]"
"PvfCode\PvfFile.cs","9006","0x4AAC4558 ^ _003CModule_003E_007Bca6a0dd5_002Dc5c4_002D415b_002Db834_002D43407116930c_007D.m_85a9146d95c445febccf19a89589f9ed.m_462d5774e5b343638785f870c8a2368d","[creature]"
"PvfCode\PvfFile.cs","9006","0x129C2D56 ^ _003CModule_003E_007Bca6a0dd5_002Dc5c4_002D415b_002Db834_002D43407116930c_007D.m_85a9146d95c445febccf19a89589f9ed.m_5af5ce3e732a4544805a6d53df0b38f3","[creature]"
"PvfCode\PvfFile.cs","10086","0x3F56BD75 ^ _003CModule_003E_007Bca6a0dd5_002Dc5c4_002D415b_002Db834_002D43407116930c_007D.m_85a9146d95c445febccf19a89589f9ed.m_fd100ef32cc0434788a375e247f8f9c6","	"
"PvfCode\PvfFile.cs","10086","0x41D91276 ^ _003CModule_003E_007Bca6a0dd5_002Dc5c4_002D415b_002Db834_002D43407116930c_007D.m_85a9146d95c445febccf19a89589f9ed.m_0149495e7a594d8d937b630d3ae072b3","	"
"PvfCode\PvfFile.cs","10106","0x4D1839F4 ^ _003CModule_003E_007Bca6a0dd5_002Dc5c4_002D415b_002Db834_002D43407116930c_007D.m_85a9146d95c445febccf19a89589f9ed.m_ae8e5535a56e41c088957a236c4dbbbb","[title name]"
"PvfCode\PvfFile.cs","10134","0x6854EB9A ^ _003CModule_003E_007Bca6a0dd5_002Dc5c4_002D415b_002Db834_002D43407116930c_007D.m_85a9146d95c445febccf19a89589f9ed.m_41ad5cab4cce48768ab95608091291f1","[weapon]"
"PvfCode\PvfFile.cs","10154","0x394B08F1 ^ _003CModule_003E_007Bca6a0dd5_002Dc5c4_002D415b_002Db834_002D43407116930c_007D.m_85a9146d95c445febccf19a89589f9ed.m_043dbbb5c70a4a1fade9fef173522ca3","[amulet]"
"PvfCode\PvfFile.cs","10174","0x785FCCE5 ^ _003CModule_003E_007Bca6a0dd5_002Dc5c4_002D415b_002Db834_002D43407116930c_007D.m_85a9146d95c445febccf19a89589f9ed.m_ee9019ee278a483f841ec956772ff02e","[coat]"
"PvfCode\PvfFile.cs","10190","0x666D89FD ^ _003CModule_003E_007Bca6a0dd5_002Dc5c4_002D415b_002Db834_002D43407116930c_007D.m_85a9146d95c445febccf19a89589f9ed.m_419fccdd318844b8972d6f6aa35cd856","[ring]"
"PvfCode\PvfFile.cs","10206","0x1401AABC ^ _003CModule_003E_007Bca6a0dd5_002Dc5c4_002D415b_002Db834_002D43407116930c_007D.m_85a9146d95c445febccf19a89589f9ed.m_f60d815fce0c42ac93b0d2803c2e35e7","[pants]"
"PvfCode\PvfFile.cs","10224","0x24C1FD01 ^ _003CModule_003E_007Bca6a0dd5_002Dc5c4_002D415b_002Db834_002D43407116930c_007D.m_85a9146d95c445febccf19a89589f9ed.m_b44dc61355f746e296ab2869249a148a","[waist]"
"PvfCode\PvfFile.cs","10242","- -971443473 ^ 0x749B06D4 ^ _003CModule_003E_007Bca6a0dd5_002Dc5c4_002D415b_002Db834_002D43407116930c_007D.m_85a9146d95c445febccf19a89589f9ed.m_e7a16d566a7344fa9fc075b01f65053f","[wrist]"
"PvfCode\PvfFile.cs","10260","0x27E32937 ^ _003CModule_003E_007Bca6a0dd5_002Dc5c4_002D415b_002Db834_002D43407116930c_007D.m_85a9146d95c445febccf19a89589f9ed.m_6933bc0b4bde451e837cb2abeda63ddf","[shoes]"
"PvfCode\PvfFile.cs","10278","0x4AAC4E50 ^ _003CModule_003E_007Bca6a0dd5_002Dc5c4_002D415b_002Db834_002D43407116930c_007D.m_85a9146d95c445febccf19a89589f9ed.m_462d5774e5b343638785f870c8a2368d","[shoulder]"
"PvfCode\PvfFile.cs","10302","0x1C1E143B ^ _003CModule_003E_007Bca6a0dd5_002Dc5c4_002D415b_002Db834_002D43407116930c_007D.m_85a9146d95c445febccf19a89589f9ed.m_70c8fd8404cf43c49abc052e4d3493da","[support]"
"PvfCode\PvfFile.cs","10324","0x199F0C86 ^ _003CModule_003E_007Bca6a0dd5_002Dc5c4_002D415b_002Db834_002D43407116930c_007D.m_85a9146d95c445febccf19a89589f9ed.m_ae5b1488c73c49aeb10614e5c153f865","[magic stone]"
"PvfCode\PvfFile.cs","10354","0x7FC4630A ^ _003CModule_003E_007Bca6a0dd5_002Dc5c4_002D415b_002Db834_002D43407116930c_007D.m_85a9146d95c445febccf19a89589f9ed.m_5bc082d3f4be4b0381caca1c5291fbbd","[artifact red]"
"PvfCode\PvfFile.cs","10354","-2058136330 ^ -1045887217 ^ _003CModule_003E_007Bca6a0dd5_002Dc5c4_002D415b_002Db834_002D43407116930c_007D.m_85a9146d95c445febccf19a89589f9ed.m_951adc67b6d2421c9c5fe30b42d4e38a","[artifact red]"
"PvfCode\PvfFile.cs","10386","0x65C08F4A ^ _003CModule_003E_007Bca6a0dd5_002Dc5c4_002D415b_002Db834_002D43407116930c_007D.m_85a9146d95c445febccf19a89589f9ed.m_0fdeeb58c74b4bbc8c8b08ea297bbe71","[artifact blue]"
"PvfCode\PvfFile.cs","10386","0x4CE992F4 ^ _003CModule_003E_007Bca6a0dd5_002Dc5c4_002D415b_002Db834_002D43407116930c_007D.m_85a9146d95c445febccf19a89589f9ed.m_be9ee334797b4b96b06bf02729756884","[artifact blue]"
"PvfCode\PvfFile.cs","10420","0x4CE992D2 ^ _003CModule_003E_007Bca6a0dd5_002Dc5c4_002D415b_002Db834_002D43407116930c_007D.m_85a9146d95c445febccf19a89589f9ed.m_be9ee334797b4b96b06bf02729756884","[artifact green]"
"PvfCode\PvfFile.cs","10420","0x1D484D9C ^ _003CModule_003E_007Bca6a0dd5_002Dc5c4_002D415b_002Db834_002D43407116930c_007D.m_85a9146d95c445febccf19a89589f9ed.m_de1f8a36425541afa677302f17d6b50a","[artifact green]"
"PvfCode\PvfFile.cs","10668","0x6805A359 ^ _003CModule_003E_007Bca6a0dd5_002Dc5c4_002D415b_002Db834_002D43407116930c_007D.m_85a9146d95c445febccf19a89589f9ed.m_46a7eabf2bd948528e76daeb47e51566","IsUpdated"
"PvfCode\PvfFile.cs","10690","0x41D91CD2 ^ _003CModule_003E_007Bca6a0dd5_002Dc5c4_002D415b_002Db834_002D43407116930c_007D.m_85a9146d95c445febccf19a89589f9ed.m_0149495e7a594d8d937b630d3ae072b3",".ani"
"PvfCode\PvfFile.cs","10702","0x4D7C0A09 ^ _003CModule_003E_007Bca6a0dd5_002Dc5c4_002D415b_002Db834_002D43407116930c_007D.m_85a9146d95c445febccf19a89589f9ed.m_e7a16d566a7344fa9fc075b01f65053f","IsNewFile"
"PvfCode\PvfFile.cs","10724","- -1680247538 ^ 0x27D81D66 ^ _003CModule_003E_007Bca6a0dd5_002Dc5c4_002D415b_002Db834_002D43407116930c_007D.m_85a9146d95c445febccf19a89589f9ed.m_76a5329ba89c419bb504977e60bee020","skill"
"PvfCode\PvfFile.cs","10738","0x73AE80C4 ^ _003CModule_003E_007Bca6a0dd5_002Dc5c4_002D415b_002Db834_002D43407116930c_007D.m_85a9146d95c445febccf19a89589f9ed.m_d0bedb8ed954407788e10a44ffb71f41","[rarity]"
"PvfCode\PvfFile.cs","10758","0x2965F876 ^ _003CModule_003E_007Bca6a0dd5_002Dc5c4_002D415b_002Db834_002D43407116930c_007D.m_85a9146d95c445febccf19a89589f9ed.m_c8a6e237ba5e4929b4e63ed86132c747","[category]"
"PvfCode\PvfFile.cs","10782","0x67BC7017 ^ _003CModule_003E_007Bca6a0dd5_002Dc5c4_002D415b_002Db834_002D43407116930c_007D.m_85a9146d95c445febccf19a89589f9ed.m_da16609e2e45436cb9599265ac249e45","[face image]"
"PvfCode\PvfFile.cs","10810","0x785FC161 ^ _003CModule_003E_007Bca6a0dd5_002Dc5c4_002D415b_002Db834_002D43407116930c_007D.m_85a9146d95c445febccf19a89589f9ed.m_ee9019ee278a483f841ec956772ff02e","[small face]"
"PvfCode\PvfFile.cs","10838","0x20DD6E29 ^ _003CModule_003E_007Bca6a0dd5_002Dc5c4_002D415b_002Db834_002D43407116930c_007D.m_85a9146d95c445febccf19a89589f9ed.m_da86af125ef44472bcb7ee017043046c","[icon]"
"PvfCode\PvfFile.cs","10854","0x65C08DBE ^ _003CModule_003E_007Bca6a0dd5_002Dc5c4_002D415b_002Db834_002D43407116930c_007D.m_85a9146d95c445febccf19a89589f9ed.m_0fdeeb58c74b4bbc8c8b08ea297bbe71","npc"
"PvfCode\PvfFile.cs","10864","0x1D484F58 ^ _003CModule_003E_007Bca6a0dd5_002Dc5c4_002D415b_002Db834_002D43407116930c_007D.m_85a9146d95c445febccf19a89589f9ed.m_de1f8a36425541afa677302f17d6b50a","[NPC]"
"PvfCode\PvfFile.cs","10878","0x44FA51F5 ^ _003CModule_003E_007Bca6a0dd5_002Dc5c4_002D415b_002Db834_002D43407116930c_007D.m_85a9146d95c445febccf19a89589f9ed.m_951adc67b6d2421c9c5fe30b42d4e38a","[job change quest]"
"PvfCode\PvfFile.cs","10918","0x4AAC4CD0 ^ _003CModule_003E_007Bca6a0dd5_002Dc5c4_002D415b_002Db834_002D43407116930c_007D.m_85a9146d95c445febccf19a89589f9ed.m_462d5774e5b343638785f870c8a2368d","[grade]"
"PvfCode\PvfFile.cs","10918","0x3F56B0B5 ^ _003CModule_003E_007Bca6a0dd5_002Dc5c4_002D415b_002Db834_002D43407116930c_007D.m_85a9146d95c445febccf19a89589f9ed.m_fd100ef32cc0434788a375e247f8f9c6","[grade]"
"PvfCode\PvfFile.cs","10936","0x6805A04D ^ _003CModule_003E_007Bca6a0dd5_002Dc5c4_002D415b_002Db834_002D43407116930c_007D.m_85a9146d95c445febccf19a89589f9ed.m_46a7eabf2bd948528e76daeb47e51566","[event]"
"PvfCode\PvfFile.cs","10954","0x44FA5141 ^ _003CModule_003E_007Bca6a0dd5_002Dc5c4_002D415b_002Db834_002D43407116930c_007D.m_85a9146d95c445febccf19a89589f9ed.m_951adc67b6d2421c9c5fe30b42d4e38a","[epic]"
"PvfCode\PvfFile.cs","10970","0x6854E6D6 ^ _003CModule_003E_007Bca6a0dd5_002Dc5c4_002D415b_002Db834_002D43407116930c_007D.m_85a9146d95c445febccf19a89589f9ed.m_41ad5cab4cce48768ab95608091291f1","[common unique]"
"PvfCode\PvfFile.cs","11004","0x65408232 ^ _003CModule_003E_007Bca6a0dd5_002Dc5c4_002D415b_002Db834_002D43407116930c_007D.m_85a9146d95c445febccf19a89589f9ed.m_b78a16215383430bb9c82d017daba94e","[achievement]"
"PvfCode\PvfFile.cs","11034","- -307892449 ^ 0x28105A31 ^ _003CModule_003E_007Bca6a0dd5_002Dc5c4_002D415b_002Db834_002D43407116930c_007D.m_85a9146d95c445febccf19a89589f9ed.m_a42832252e5045a78f8c39de3ab569ac","[training]"
"PvfCode\PvfFile.cs","11058","0x22DA1EC7 ^ _003CModule_003E_007Bca6a0dd5_002Dc5c4_002D415b_002Db834_002D43407116930c_007D.m_85a9146d95c445febccf19a89589f9ed.m_65914779fc8a4f69bc272be591a5a205","[schedule]"
"PvfCode\PvfFile.cs","11082","0x4D1835C4 ^ _003CModule_003E_007Bca6a0dd5_002Dc5c4_002D415b_002Db834_002D43407116930c_007D.m_85a9146d95c445febccf19a89589f9ed.m_ae8e5535a56e41c088957a236c4dbbbb","[daily]"
"PvfCode\PvfFile.cs","11100","0x4337D4BE ^ _003CModule_003E_007Bca6a0dd5_002Dc5c4_002D415b_002Db834_002D43407116930c_007D.m_85a9146d95c445febccf19a89589f9ed.m_65201c1aa71149eca034db0cff153bd8","[normaly repeat]"
"PvfCode\PvfFile.cs","11136","0x785FC0DB ^ _003CModule_003E_007Bca6a0dd5_002Dc5c4_002D415b_002Db834_002D43407116930c_007D.m_85a9146d95c445febccf19a89589f9ed.m_ee9019ee278a483f841ec956772ff02e","[urgent]"
"PvfCode\PvfFile.cs","11156","0x4CE991F2 ^ _003CModule_003E_007Bca6a0dd5_002Dc5c4_002D415b_002Db834_002D43407116930c_007D.m_85a9146d95c445febccf19a89589f9ed.m_be9ee334797b4b96b06bf02729756884","[ani]"
"PvfCode\PvfFile.cs","11170","-1003077614 ^ -1664457891 ^ _003CModule_003E_007Bca6a0dd5_002Dc5c4_002D415b_002Db834_002D43407116930c_007D.m_85a9146d95c445febccf19a89589f9ed.m_65f6650189a24507afbf9f6fb93e3d47","[equipment type]"
"PvfCode\PvfFile.cs","11170","0x509E3B37 ^ _003CModule_003E_007Bca6a0dd5_002Dc5c4_002D415b_002Db834_002D43407116930c_007D.m_85a9146d95c445febccf19a89589f9ed.m_79ee40d8c1904975a8b7f8abe878f623","[equipment type]"
"PvfCode\PvfFile.cs","11206","0x20618C60 ^ _003CModule_003E_007Bca6a0dd5_002Dc5c4_002D415b_002Db834_002D43407116930c_007D.m_85a9146d95c445febccf19a89589f9ed.m_3fb7d066d8c041df8004697423b599db","[sub type]"
"PvfCode\PvfFile.cs","11206","0x20DD6FB9 ^ _003CModule_003E_007Bca6a0dd5_002Dc5c4_002D415b_002Db834_002D43407116930c_007D.m_85a9146d95c445febccf19a89589f9ed.m_da86af125ef44472bcb7ee017043046c","[sub type]"
"PvfCode\PvfFile.cs","11206","0x65408308 ^ _003CModule_003E_007Bca6a0dd5_002Dc5c4_002D415b_002Db834_002D43407116930c_007D.m_85a9146d95c445febccf19a89589f9ed.m_b78a16215383430bb9c82d017daba94e","[sub type]"
"PvfCode\PvfFile.cs","11230","0x74C40084 ^ _003CModule_003E_007Bca6a0dd5_002Dc5c4_002D415b_002Db834_002D43407116930c_007D.m_85a9146d95c445febccf19a89589f9ed.m_946c564fa5bd4978b05e48a363369447","[name]"
"PvfCode\PvfFile.cs","11246","0x394B04B5 ^ _003CModule_003E_007Bca6a0dd5_002Dc5c4_002D415b_002Db834_002D43407116930c_007D.m_85a9146d95c445febccf19a89589f9ed.m_043dbbb5c70a4a1fade9fef173522ca3","[name2]"
"PvfCode\PvfFile.cs","11264","0x73AE8536 ^ _003CModule_003E_007Bca6a0dd5_002Dc5c4_002D415b_002Db834_002D43407116930c_007D.m_85a9146d95c445febccf19a89589f9ed.m_d0bedb8ed954407788e10a44ffb71f41","[basic explain]"
"PvfCode\PvfFile.cs","11298","0x4CE99644 ^ _003CModule_003E_007Bca6a0dd5_002Dc5c4_002D415b_002Db834_002D43407116930c_007D.m_85a9146d95c445febccf19a89589f9ed.m_be9ee334797b4b96b06bf02729756884","[flavor text]"
"PvfCode\PvfFile.cs","11328","0x129C2238 ^ _003CModule_003E_007Bca6a0dd5_002Dc5c4_002D415b_002Db834_002D43407116930c_007D.m_85a9146d95c445febccf19a89589f9ed.m_5af5ce3e732a4544805a6d53df0b38f3","[detail explain]"
"PvfCode\PvfFile.cs","11364","0x4CE99602 ^ _003CModule_003E_007Bca6a0dd5_002Dc5c4_002D415b_002Db834_002D43407116930c_007D.m_85a9146d95c445febccf19a89589f9ed.m_be9ee334797b4b96b06bf02729756884","[explain]"
"PvfCode\PvfFile.cs","11386","0x7270D89C ^ _003CModule_003E_007Bca6a0dd5_002Dc5c4_002D415b_002Db834_002D43407116930c_007D.m_85a9146d95c445febccf19a89589f9ed.m_fd1104b8a4f4413cadab00ed808204cc","[weight]"
"PvfCode\PvfFile.cs","11406","0x394B03D5 ^ _003CModule_003E_007Bca6a0dd5_002Dc5c4_002D415b_002Db834_002D43407116930c_007D.m_85a9146d95c445febccf19a89589f9ed.m_043dbbb5c70a4a1fade9fef173522ca3","[minimum level]"
"PvfCode\PvfFile.cs","11440","0x6805A645 ^ _003CModule_003E_007Bca6a0dd5_002Dc5c4_002D415b_002Db834_002D43407116930c_007D.m_85a9146d95c445febccf19a89589f9ed.m_46a7eabf2bd948528e76daeb47e51566","[magical attack]"
"PvfCode\PvfFile.cs","11476","0x394B038F ^ _003CModule_003E_007Bca6a0dd5_002Dc5c4_002D415b_002Db834_002D43407116930c_007D.m_85a9146d95c445febccf19a89589f9ed.m_043dbbb5c70a4a1fade9fef173522ca3","[magical defense]"
"PvfCode\PvfFile.cs","11514","0x317FE21E ^ _003CModule_003E_007Bca6a0dd5_002Dc5c4_002D415b_002Db834_002D43407116930c_007D.m_85a9146d95c445febccf19a89589f9ed.m_c8a3a7f5afbc4fc4b6ff1911680fdf15","[physical attack]"
"PvfCode\PvfFile.cs","11552","0x74D80209 ^ _003CModule_003E_007Bca6a0dd5_002Dc5c4_002D415b_002Db834_002D43407116930c_007D.m_85a9146d95c445febccf19a89589f9ed.m_bb6682a830894276b8bd5aef887f12e5","[physical defense]"
"PvfCode\PvfFile.cs","11592","0x4D1833C6 ^ _003CModule_003E_007Bca6a0dd5_002Dc5c4_002D415b_002Db834_002D43407116930c_007D.m_85a9146d95c445febccf19a89589f9ed.m_ae8e5535a56e41c088957a236c4dbbbb","[MP regen speed]"
"PvfCode\PvfFile.cs","11628","0x129C2314 ^ _003CModule_003E_007Bca6a0dd5_002Dc5c4_002D415b_002Db834_002D43407116930c_007D.m_85a9146d95c445febccf19a89589f9ed.m_5af5ce3e732a4544805a6d53df0b38f3","[HP regen speed]"
"PvfCode\PvfFile.cs","11664","0x24C1F761 ^ _003CModule_003E_007Bca6a0dd5_002Dc5c4_002D415b_002Db834_002D43407116930c_007D.m_85a9146d95c445febccf19a89589f9ed.m_b44dc61355f746e296ab2869249a148a","[price]"
"PvfCode\PvfFile.cs","11682","0x27E32C81 ^ _003CModule_003E_007Bca6a0dd5_002Dc5c4_002D415b_002Db834_002D43407116930c_007D.m_85a9146d95c445febccf19a89589f9ed.m_6933bc0b4bde451e837cb2abeda63ddf","[repair price]"
"PvfCode\PvfFile.cs","11714","0x1401A0A0 ^ _003CModule_003E_007Bca6a0dd5_002Dc5c4_002D415b_002Db834_002D43407116930c_007D.m_85a9146d95c445febccf19a89589f9ed.m_f60d815fce0c42ac93b0d2803c2e35e7","[value]"
"PvfCode\PvfFile.cs","11732","0x4203B9C ^ _003CModule_003E_007Bca6a0dd5_002Dc5c4_002D415b_002Db834_002D43407116930c_007D.m_85a9146d95c445febccf19a89589f9ed.m_e5cd12d216b1498fb26aa29e2d96165a","[equipment magical defense]"
"PvfCode\PvfFile.cs","11790","0x74D80127 ^ _003CModule_003E_007Bca6a0dd5_002Dc5c4_002D415b_002Db834_002D43407116930c_007D.m_85a9146d95c445febccf19a89589f9ed.m_bb6682a830894276b8bd5aef887f12e5","[equipment physical defense]"
"PvfCode\PvfFile.cs","11850","0x74D80163 ^ _003CModule_003E_007Bca6a0dd5_002Dc5c4_002D415b_002Db834_002D43407116930c_007D.m_85a9146d95c445febccf19a89589f9ed.m_bb6682a830894276b8bd5aef887f12e5","[durability]"
"PvfCode\PvfFile.cs","11878","0x199F0AB4 ^ _003CModule_003E_007Bca6a0dd5_002Dc5c4_002D415b_002Db834_002D43407116930c_007D.m_85a9146d95c445febccf19a89589f9ed.m_ae5b1488c73c49aeb10614e5c153f865","[attach type]"
"PvfCode\PvfFile.cs","11908","0x6540864A ^ _003CModule_003E_007Bca6a0dd5_002Dc5c4_002D415b_002Db834_002D43407116930c_007D.m_85a9146d95c445febccf19a89589f9ed.m_b78a16215383430bb9c82d017daba94e","[trade]"
"PvfCode\PvfFile.cs","11926","0x20DD6AE9 ^ _003CModule_003E_007Bca6a0dd5_002Dc5c4_002D415b_002Db834_002D43407116930c_007D.m_85a9146d95c445febccf19a89589f9ed.m_da86af125ef44472bcb7ee017043046c","[sealing]"
"PvfCode\PvfFile.cs","11948","0x1401A3CE ^ _003CModule_003E_007Bca6a0dd5_002Dc5c4_002D415b_002Db834_002D43407116930c_007D.m_85a9146d95c445febccf19a89589f9ed.m_f60d815fce0c42ac93b0d2803c2e35e7","[sealing trade]"
"PvfCode\PvfFile.cs","11982","0x20618968 ^ _003CModule_003E_007Bca6a0dd5_002Dc5c4_002D415b_002Db834_002D43407116930c_007D.m_85a9146d95c445febccf19a89589f9ed.m_3fb7d066d8c041df8004697423b599db","[account]"
"PvfCode\PvfFile.cs","12004","0x2965FC94 ^ _003CModule_003E_007Bca6a0dd5_002Dc5c4_002D415b_002Db834_002D43407116930c_007D.m_85a9146d95c445febccf19a89589f9ed.m_c8a6e237ba5e4929b4e63ed86132c747","[free]"
"PvfCode\PvfFile.cs","12020","0x3A4A4F3E ^ _003CModule_003E_007Bca6a0dd5_002Dc5c4_002D415b_002Db834_002D43407116930c_007D.m_85a9146d95c445febccf19a89589f9ed.m_a42832252e5045a78f8c39de3ab569ac","[trade delete]"
"PvfCode\PvfFile.cs","12052","0x3A4A4EDE ^ _003CModule_003E_007Bca6a0dd5_002Dc5c4_002D415b_002Db834_002D43407116930c_007D.m_85a9146d95c445febccf19a89589f9ed.m_a42832252e5045a78f8c39de3ab569ac","[usable job]"
"PvfCode\PvfFile.cs","12080","0x3FED3780 ^ _003CModule_003E_007Bca6a0dd5_002Dc5c4_002D415b_002Db834_002D43407116930c_007D.m_85a9146d95c445febccf19a89589f9ed.m_0749d7c4b9b54770bbb31347d356f299","AttachType_Free"
"PvfCode\PvfFile.cs","12114","- -971443473 ^ 0x41B8C918 ^ _003CModule_003E_007Bca6a0dd5_002Dc5c4_002D415b_002Db834_002D43407116930c_007D.m_85a9146d95c445febccf19a89589f9ed.m_ee9019ee278a483f841ec956772ff02e","AttachType_sealing"
"PvfCode\PvfFile.cs","12154","0x7270DB9C ^ _003CModule_003E_007Bca6a0dd5_002Dc5c4_002D415b_002Db834_002D43407116930c_007D.m_85a9146d95c445febccf19a89589f9ed.m_fd1104b8a4f4413cadab00ed808204cc","AttachType_trade"
"PvfCode\PvfFile.cs","12190","0x20618838 ^ _003CModule_003E_007Bca6a0dd5_002Dc5c4_002D415b_002Db834_002D43407116930c_007D.m_85a9146d95c445febccf19a89589f9ed.m_3fb7d066d8c041df8004697423b599db","AttachType_account"
"PvfCode\PvfFile.cs","12230","0x66B36854 ^ _003CModule_003E_007Bca6a0dd5_002Dc5c4_002D415b_002Db834_002D43407116930c_007D.m_85a9146d95c445febccf19a89589f9ed.m_92f741ef5b364ad3b7d2745060db6ed7","AttachType_trade_delete"
"PvfCode\PvfFile.cs","12280","0x688B2DA5 ^ _003CModule_003E_007Bca6a0dd5_002Dc5c4_002D415b_002Db834_002D43407116930c_007D.m_85a9146d95c445febccf19a89589f9ed.m_fe79ec19ea654f38b817b93aa0f16bb8","AttachType_sealing_trade"
"PvfCode\PvfFile.cs","12332","-2058136330 ^ -304585081 ^ _003CModule_003E_007Bca6a0dd5_002Dc5c4_002D415b_002Db834_002D43407116930c_007D.m_85a9146d95c445febccf19a89589f9ed.m_fe79ec19ea654f38b817b93aa0f16bb8","[item aura]"
"PvfCode\PvfFile.cs","12358","0x1C1E0C43 ^ _003CModule_003E_007Bca6a0dd5_002Dc5c4_002D415b_002Db834_002D43407116930c_007D.m_85a9146d95c445febccf19a89589f9ed.m_70c8fd8404cf43c49abc052e4d3493da","[skill levelup]"
"PvfCode\PvfFile.cs","12392","0x654098A6 ^ _003CModule_003E_007Bca6a0dd5_002Dc5c4_002D415b_002Db834_002D43407116930c_007D.m_85a9146d95c445febccf19a89589f9ed.m_b78a16215383430bb9c82d017daba94e","[item group name]"
"PvfCode\PvfFile.cs","12430","0x43FE8EFE ^ _003CModule_003E_007Bca6a0dd5_002Dc5c4_002D415b_002Db834_002D43407116930c_007D.m_85a9146d95c445febccf19a89589f9ed.m_76a5329ba89c419bb504977e60bee020","axe"
"PvfCode\PvfFile.cs","12440","0x22DA056D ^ _003CModule_003E_007Bca6a0dd5_002Dc5c4_002D415b_002Db834_002D43407116930c_007D.m_85a9146d95c445febccf19a89589f9ed.m_65914779fc8a4f69bc272be591a5a205","rod"
"PvfCode\PvfFile.cs","12450","0x317FFE46 ^ _003CModule_003E_007Bca6a0dd5_002Dc5c4_002D415b_002Db834_002D43407116930c_007D.m_85a9146d95c445febccf19a89589f9ed.m_c8a3a7f5afbc4fc4b6ff1911680fdf15","totem"
"PvfCode\PvfFile.cs","12464","0x2965E2C0 ^ _003CModule_003E_007Bca6a0dd5_002Dc5c4_002D415b_002Db834_002D43407116930c_007D.m_85a9146d95c445febccf19a89589f9ed.m_c8a6e237ba5e4929b4e63ed86132c747","cross"
"PvfCode\PvfFile.cs","12478","0x66B3772C ^ _003CModule_003E_007Bca6a0dd5_002Dc5c4_002D415b_002Db834_002D43407116930c_007D.m_85a9146d95c445febccf19a89589f9ed.m_92f741ef5b364ad3b7d2745060db6ed7","broom"
"PvfCode\PvfFile.cs","12492","0x3A4A5106 ^ _003CModule_003E_007Bca6a0dd5_002Dc5c4_002D415b_002Db834_002D43407116930c_007D.m_85a9146d95c445febccf19a89589f9ed.m_a42832252e5045a78f8c39de3ab569ac","spear"
"PvfCode\PvfFile.cs","12506","0x4D7C131D ^ _003CModule_003E_007Bca6a0dd5_002Dc5c4_002D415b_002Db834_002D43407116930c_007D.m_85a9146d95c445febccf19a89589f9ed.m_e7a16d566a7344fa9fc075b01f65053f","staff"
"PvfCode\PvfFile.cs","12520","0x53B0E0F7 ^ _003CModule_003E_007Bca6a0dd5_002Dc5c4_002D415b_002Db834_002D43407116930c_007D.m_85a9146d95c445febccf19a89589f9ed.m_6337ac5176b94e4fbc82458203a33980","tonfa"
"PvfCode\PvfFile.cs","12534","0x41D905E6 ^ _003CModule_003E_007Bca6a0dd5_002Dc5c4_002D415b_002Db834_002D43407116930c_007D.m_85a9146d95c445febccf19a89589f9ed.m_0149495e7a594d8d937b630d3ae072b3","wrist"
"PvfCode\PvfFile.cs","12548","0x654099CA ^ _003CModule_003E_007Bca6a0dd5_002Dc5c4_002D415b_002Db834_002D43407116930c_007D.m_85a9146d95c445febccf19a89589f9ed.m_b78a16215383430bb9c82d017daba94e","rosary"
"PvfCode\PvfFile.cs","12564","0x3F56AB07 ^ _003CModule_003E_007Bca6a0dd5_002Dc5c4_002D415b_002Db834_002D43407116930c_007D.m_85a9146d95c445febccf19a89589f9ed.m_fd100ef32cc0434788a375e247f8f9c6","scythe"
"PvfCode\PvfFile.cs","12580","0x4D182FAA ^ _003CModule_003E_007Bca6a0dd5_002Dc5c4_002D415b_002Db834_002D43407116930c_007D.m_85a9146d95c445febccf19a89589f9ed.m_ae8e5535a56e41c088957a236c4dbbbb","ssword"
"PvfCode\PvfFile.cs","12596","0x43FE8F44 ^ _003CModule_003E_007Bca6a0dd5_002Dc5c4_002D415b_002Db834_002D43407116930c_007D.m_85a9146d95c445febccf19a89589f9ed.m_76a5329ba89c419bb504977e60bee020","bowgun"
"PvfCode\PvfFile.cs","12612","0x65C0969C ^ _003CModule_003E_007Bca6a0dd5_002Dc5c4_002D415b_002Db834_002D43407116930c_007D.m_85a9146d95c445febccf19a89589f9ed.m_0fdeeb58c74b4bbc8c8b08ea297bbe71","bglove"
"PvfCode\PvfFile.cs","12628","0x3FED29E4 ^ _003CModule_003E_007Bca6a0dd5_002Dc5c4_002D415b_002Db834_002D43407116930c_007D.m_85a9146d95c445febccf19a89589f9ed.m_0749d7c4b9b54770bbb31347d356f299","musket"
"PvfCode\PvfFile.cs","12644","0x7270C582 ^ _003CModule_003E_007Bca6a0dd5_002Dc5c4_002D415b_002Db834_002D43407116930c_007D.m_85a9146d95c445febccf19a89589f9ed.m_fd1104b8a4f4413cadab00ed808204cc","katana"
"PvfCode\PvfFile.cs","12660","0x76630349 ^ _003CModule_003E_007Bca6a0dd5_002Dc5c4_002D415b_002Db834_002D43407116930c_007D.m_85a9146d95c445febccf19a89589f9ed.m_0b91fa1ff6e949e39fbbaf40993e22f1","dagger"
"PvfCode\PvfFile.cs","12676","0x688B33D9 ^ _003CModule_003E_007Bca6a0dd5_002Dc5c4_002D415b_002Db834_002D43407116930c_007D.m_85a9146d95c445febccf19a89589f9ed.m_fe79ec19ea654f38b817b93aa0f16bb8","amulet"
"PvfCode\PvfFile.cs","12692","0x44FA4A1F ^ _003CModule_003E_007Bca6a0dd5_002Dc5c4_002D415b_002Db834_002D43407116930c_007D.m_85a9146d95c445febccf19a89589f9ed.m_951adc67b6d2421c9c5fe30b42d4e38a","potion"
"PvfCode\PvfFile.cs","12708","0x3F56ABB7 ^ _003CModule_003E_007Bca6a0dd5_002Dc5c4_002D415b_002Db834_002D43407116930c_007D.m_85a9146d95c445febccf19a89589f9ed.m_fd100ef32cc0434788a375e247f8f9c6","revolver"
"PvfCode\PvfFile.cs","12728","0x65C09660 ^ _003CModule_003E_007Bca6a0dd5_002Dc5c4_002D415b_002Db834_002D43407116930c_007D.m_85a9146d95c445febccf19a89589f9ed.m_0fdeeb58c74b4bbc8c8b08ea297bbe71","gauntlet"
"PvfCode\PvfFile.cs","12748","- -931219739 ^ 0xECA578C ^ _003CModule_003E_007Bca6a0dd5_002Dc5c4_002D415b_002Db834_002D43407116930c_007D.m_85a9146d95c445febccf19a89589f9ed.m_043dbbb5c70a4a1fade9fef173522ca3","ha waist"
"PvfCode\PvfFile.cs","12768","0x42027A8 ^ _003CModule_003E_007Bca6a0dd5_002Dc5c4_002D415b_002Db834_002D43407116930c_007D.m_85a9146d95c445febccf19a89589f9ed.m_e5cd12d216b1498fb26aa29e2d96165a","la waist"
"PvfCode\PvfFile.cs","12788","0x766303C9 ^ _003CModule_003E_007Bca6a0dd5_002Dc5c4_002D415b_002Db834_002D43407116930c_007D.m_85a9146d95c445febccf19a89589f9ed.m_0b91fa1ff6e949e39fbbaf40993e22f1","lt waist"
"PvfCode\PvfFile.cs","12808","0x58FC3AE5 ^ _003CModule_003E_007Bca6a0dd5_002Dc5c4_002D415b_002Db834_002D43407116930c_007D.m_85a9146d95c445febccf19a89589f9ed.m_65f6650189a24507afbf9f6fb93e3d47","cl waist"
"PvfCode\PvfFile.cs","12828","0x65409AD2 ^ _003CModule_003E_007Bca6a0dd5_002Dc5c4_002D415b_002Db834_002D43407116930c_007D.m_85a9146d95c445febccf19a89589f9ed.m_b78a16215383430bb9c82d017daba94e","mt waist"
"PvfCode\PvfFile.cs","12848","0x4337CDD2 ^ _003CModule_003E_007Bca6a0dd5_002Dc5c4_002D415b_002Db834_002D43407116930c_007D.m_85a9146d95c445febccf19a89589f9ed.m_65201c1aa71149eca034db0cff153bd8","ha shoes"
"PvfCode\PvfFile.cs","12868","- -1680247538 ^ 0x7DB99C64 ^ _003CModule_003E_007Bca6a0dd5_002Dc5c4_002D415b_002Db834_002D43407116930c_007D.m_85a9146d95c445febccf19a89589f9ed.m_ae5b1488c73c49aeb10614e5c153f865","la shoes"
"PvfCode\PvfFile.cs","12888","- -307892449 ^ 0x64391084 ^ _003CModule_003E_007Bca6a0dd5_002Dc5c4_002D415b_002Db834_002D43407116930c_007D.m_85a9146d95c445febccf19a89589f9ed.m_0b91fa1ff6e949e39fbbaf40993e22f1","lt shoes"
"PvfCode\PvfFile.cs","12908","0x24C1E89D ^ _003CModule_003E_007Bca6a0dd5_002Dc5c4_002D415b_002Db834_002D43407116930c_007D.m_85a9146d95c445febccf19a89589f9ed.m_b44dc61355f746e296ab2869249a148a","cl shoes"
"PvfCode\PvfFile.cs","12928","0x74D81DA9 ^ _003CModule_003E_007Bca6a0dd5_002Dc5c4_002D415b_002Db834_002D43407116930c_007D.m_85a9146d95c445febccf19a89589f9ed.m_bb6682a830894276b8bd5aef887f12e5","mt shoes"
"PvfCode\PvfFile.cs","12948","-491056111 ^ -1865690525 ^ _003CModule_003E_007Bca6a0dd5_002Dc5c4_002D415b_002Db834_002D43407116930c_007D.m_85a9146d95c445febccf19a89589f9ed.m_fd1104b8a4f4413cadab00ed808204cc","ha pants"
"PvfCode\PvfFile.cs","12968","0x76630095 ^ _003CModule_003E_007Bca6a0dd5_002Dc5c4_002D415b_002Db834_002D43407116930c_007D.m_85a9146d95c445febccf19a89589f9ed.m_0b91fa1ff6e949e39fbbaf40993e22f1","la pants"
"PvfCode\PvfFile.cs","12988","0x666D9C8F ^ _003CModule_003E_007Bca6a0dd5_002Dc5c4_002D415b_002Db834_002D43407116930c_007D.m_85a9146d95c445febccf19a89589f9ed.m_419fccdd318844b8972d6f6aa35cd856","lt pants"
"PvfCode\PvfFile.cs","13008","0x666D9CE3 ^ _003CModule_003E_007Bca6a0dd5_002Dc5c4_002D415b_002Db834_002D43407116930c_007D.m_85a9146d95c445febccf19a89589f9ed.m_419fccdd318844b8972d6f6aa35cd856","cl pants"
"PvfCode\PvfFile.cs","13028","0x3FED2A54 ^ _003CModule_003E_007Bca6a0dd5_002Dc5c4_002D415b_002Db834_002D43407116930c_007D.m_85a9146d95c445febccf19a89589f9ed.m_0749d7c4b9b54770bbb31347d356f299","mt pants"
"PvfCode\PvfFile.cs","13048","0x1C1E0EFD ^ _003CModule_003E_007Bca6a0dd5_002Dc5c4_002D415b_002Db834_002D43407116930c_007D.m_85a9146d95c445febccf19a89589f9ed.m_70c8fd8404cf43c49abc052e4d3493da","food etc"
"PvfCode\PvfFile.cs","13068","0x1401BE6E ^ _003CModule_003E_007Bca6a0dd5_002Dc5c4_002D415b_002Db834_002D43407116930c_007D.m_85a9146d95c445febccf19a89589f9ed.m_f60d815fce0c42ac93b0d2803c2e35e7","automatic"
"PvfCode\PvfFile.cs","13090","0x688B317F ^ _003CModule_003E_007Bca6a0dd5_002Dc5c4_002D415b_002Db834_002D43407116930c_007D.m_85a9146d95c445febccf19a89589f9ed.m_fe79ec19ea654f38b817b93aa0f16bb8","stuff etc"
"PvfCode\PvfFile.cs","13112","0x4202570 ^ _003CModule_003E_007Bca6a0dd5_002Dc5c4_002D415b_002Db834_002D43407116930c_007D.m_85a9146d95c445febccf19a89589f9ed.m_e5cd12d216b1498fb26aa29e2d96165a","hcannon"
"PvfCode\PvfFile.cs","13130","0x1C1E0F4F ^ _003CModule_003E_007Bca6a0dd5_002Dc5c4_002D415b_002Db834_002D43407116930c_007D.m_85a9146d95c445febccf19a89589f9ed.m_70c8fd8404cf43c49abc052e4d3493da","ha coat"
"PvfCode\PvfFile.cs","13148","0x7FC47824 ^ _003CModule_003E_007Bca6a0dd5_002Dc5c4_002D415b_002Db834_002D43407116930c_007D.m_85a9146d95c445febccf19a89589f9ed.m_5bc082d3f4be4b0381caca1c5291fbbd","beamswd"
"PvfCode\PvfFile.cs","13166","-1774323743 ^ -1488844181 ^ _003CModule_003E_007Bca6a0dd5_002Dc5c4_002D415b_002Db834_002D43407116930c_007D.m_85a9146d95c445febccf19a89589f9ed.m_c8a3a7f5afbc4fc4b6ff1911680fdf15","knuckle"
"PvfCode\PvfFile.cs","13184","0x3F56A993 ^ _003CModule_003E_007Bca6a0dd5_002Dc5c4_002D415b_002Db834_002D43407116930c_007D.m_85a9146d95c445febccf19a89589f9ed.m_fd100ef32cc0434788a375e247f8f9c6","twinswd"
"PvfCode\PvfFile.cs","13202","0x44FA4819 ^ _003CModule_003E_007Bca6a0dd5_002Dc5c4_002D415b_002Db834_002D43407116930c_007D.m_85a9146d95c445febccf19a89589f9ed.m_951adc67b6d2421c9c5fe30b42d4e38a","la coat"
"PvfCode\PvfFile.cs","13220","0x76630199 ^ _003CModule_003E_007Bca6a0dd5_002Dc5c4_002D415b_002Db834_002D43407116930c_007D.m_85a9146d95c445febccf19a89589f9ed.m_0b91fa1ff6e949e39fbbaf40993e22f1","lt coat"
"PvfCode\PvfFile.cs","13238","0x74C418EC ^ _003CModule_003E_007Bca6a0dd5_002Dc5c4_002D415b_002Db834_002D43407116930c_007D.m_85a9146d95c445febccf19a89589f9ed.m_946c564fa5bd4978b05e48a363369447","cl coat"
"PvfCode\PvfFile.cs","13256","0x4D7C100F ^ _003CModule_003E_007Bca6a0dd5_002Dc5c4_002D415b_002Db834_002D43407116930c_007D.m_85a9146d95c445febccf19a89589f9ed.m_e7a16d566a7344fa9fc075b01f65053f","mt coat"
"PvfCode\PvfFile.cs","13274","0x766301E7 ^ _003CModule_003E_007Bca6a0dd5_002Dc5c4_002D415b_002Db834_002D43407116930c_007D.m_85a9146d95c445febccf19a89589f9ed.m_0b91fa1ff6e949e39fbbaf40993e22f1","support"
"PvfCode\PvfFile.cs","13292","0x27E332CF ^ _003CModule_003E_007Bca6a0dd5_002Dc5c4_002D415b_002Db834_002D43407116930c_007D.m_85a9146d95c445febccf19a89589f9ed.m_6933bc0b4bde451e837cb2abeda63ddf","pole"
"PvfCode\PvfFile.cs","13304","- -320613038 ^ 0x7B48D55A ^ _003CModule_003E_007Bca6a0dd5_002Dc5c4_002D415b_002Db834_002D43407116930c_007D.m_85a9146d95c445febccf19a89589f9ed.m_41ad5cab4cce48768ab95608091291f1","lswd"
"PvfCode\PvfFile.cs","13316","0x3A4A55CE ^ _003CModule_003E_007Bca6a0dd5_002Dc5c4_002D415b_002Db834_002D43407116930c_007D.m_85a9146d95c445febccf19a89589f9ed.m_a42832252e5045a78f8c39de3ab569ac","club"
"PvfCode\PvfFile.cs","13328","0x7FC47F68 ^ _003CModule_003E_007Bca6a0dd5_002Dc5c4_002D415b_002Db834_002D43407116930c_007D.m_85a9146d95c445febccf19a89589f9ed.m_5bc082d3f4be4b0381caca1c5291fbbd","claw"
"PvfCode\PvfFile.cs","13340","0x3A4A55D6 ^ _003CModule_003E_007Bca6a0dd5_002Dc5c4_002D415b_002Db834_002D43407116930c_007D.m_85a9146d95c445febccf19a89589f9ed.m_a42832252e5045a78f8c39de3ab569ac","wand"
"PvfCode\PvfFile.cs","13352","0x129C3A50 ^ _003CModule_003E_007Bca6a0dd5_002Dc5c4_002D415b_002Db834_002D43407116930c_007D.m_85a9146d95c445febccf19a89589f9ed.m_5af5ce3e732a4544805a6d53df0b38f3","ring"
"PvfCode\PvfFile.cs","13364","0x4337CBD6 ^ _003CModule_003E_007Bca6a0dd5_002Dc5c4_002D415b_002Db834_002D43407116930c_007D.m_85a9146d95c445febccf19a89589f9ed.m_65201c1aa71149eca034db0cff153bd8","food"
"PvfCode\PvfFile.cs","13376","0x43FE8A30 ^ _003CModule_003E_007Bca6a0dd5_002Dc5c4_002D415b_002Db834_002D43407116930c_007D.m_85a9146d95c445febccf19a89589f9ed.m_76a5329ba89c419bb504977e60bee020","ha shoulder"
"PvfCode\PvfFile.cs","13402","0x43FE8A2A ^ _003CModule_003E_007Bca6a0dd5_002Dc5c4_002D415b_002Db834_002D43407116930c_007D.m_85a9146d95c445febccf19a89589f9ed.m_76a5329ba89c419bb504977e60bee020","la shoulder"
"PvfCode\PvfFile.cs","13428","0x4D182AFA ^ _003CModule_003E_007Bca6a0dd5_002Dc5c4_002D415b_002Db834_002D43407116930c_007D.m_85a9146d95c445febccf19a89589f9ed.m_ae8e5535a56e41c088957a236c4dbbbb","lt shoulder"
"PvfCode\PvfFile.cs","13454","0x35B4C4B4 ^ _003CModule_003E_007Bca6a0dd5_002Dc5c4_002D415b_002Db834_002D43407116930c_007D.m_85a9146d95c445febccf19a89589f9ed.m_0d6928e3391c40eba26b7c2395e7588c","cl shoulder"
"PvfCode\PvfFile.cs","13480","- -265447410 ^ 0x2048FB00 ^ _003CModule_003E_007Bca6a0dd5_002Dc5c4_002D415b_002Db834_002D43407116930c_007D.m_85a9146d95c445febccf19a89589f9ed.m_ffdf07cd419c4048ae81f7fe42516fc1","mt shoulder"
"PvfCode\PvfFile.cs","13506","0x3A4A5508 ^ _003CModule_003E_007Bca6a0dd5_002Dc5c4_002D415b_002Db834_002D43407116930c_007D.m_85a9146d95c445febccf19a89589f9ed.m_a42832252e5045a78f8c39de3ab569ac","magic stone"
"PvfCode\PvfFile.cs","13532","0x1C1E08D9 ^ _003CModule_003E_007Bca6a0dd5_002Dc5c4_002D415b_002Db834_002D43407116930c_007D.m_85a9146d95c445febccf19a89589f9ed.m_70c8fd8404cf43c49abc052e4d3493da","plant stuff"
"PvfCode\PvfFile.cs","13558","- -971443473 ^ 0x783E0CF7 ^ _003CModule_003E_007Bca6a0dd5_002Dc5c4_002D415b_002Db834_002D43407116930c_007D.m_85a9146d95c445febccf19a89589f9ed.m_0149495e7a594d8d937b630d3ae072b3","cloth stuff"
"PvfCode\PvfFile.cs","13584","0x785FDE4B ^ _003CModule_003E_007Bca6a0dd5_002Dc5c4_002D415b_002Db834_002D43407116930c_007D.m_85a9146d95c445febccf19a89589f9ed.m_ee9019ee278a483f841ec956772ff02e","element stuff"
"PvfCode\PvfFile.cs","13614","0x28E234D5 ^ _003CModule_003E_007Bca6a0dd5_002Dc5c4_002D415b_002Db834_002D43407116930c_007D.m_85a9146d95c445febccf19a89589f9ed.m_e9f521b2cedb42298066f13a8308d8df","mineral stuff"
"PvfCode\PvfFile.cs","13644","0x76630771 ^ _003CModule_003E_007Bca6a0dd5_002Dc5c4_002D415b_002Db834_002D43407116930c_007D.m_85a9146d95c445febccf19a89589f9ed.m_0b91fa1ff6e949e39fbbaf40993e22f1","cube stuff"
"PvfCode\PvfFile.cs","13668","0x76630759 ^ _003CModule_003E_007Bca6a0dd5_002Dc5c4_002D415b_002Db834_002D43407116930c_007D.m_85a9146d95c445febccf19a89589f9ed.m_0b91fa1ff6e949e39fbbaf40993e22f1","animal stuff"
"PvfCode\PvfFile.cs","13696","0x58FC3D6D ^ _003CModule_003E_007Bca6a0dd5_002Dc5c4_002D415b_002Db834_002D43407116930c_007D.m_85a9146d95c445febccf19a89589f9ed.m_65f6650189a24507afbf9f6fb93e3d47","\n"
"PvfCode\PvfFile.cs","13704","0x44FA4E03 ^ _003CModule_003E_007Bca6a0dd5_002Dc5c4_002D415b_002Db834_002D43407116930c_007D.m_85a9146d95c445febccf19a89589f9ed.m_951adc67b6d2421c9c5fe30b42d4e38a","
"
"PvfCode\PvfFile.cs","13712","0x41D90080 ^ _003CModule_003E_007Bca6a0dd5_002Dc5c4_002D415b_002Db834_002D43407116930c_007D.m_85a9146d95c445febccf19a89589f9ed.m_0149495e7a594d8d937b630d3ae072b3","[stackable type]"
"PvfCode\PvfFile.cs","13748","0x44FA4E3F ^ _003CModule_003E_007Bca6a0dd5_002Dc5c4_002D415b_002Db834_002D43407116930c_007D.m_85a9146d95c445febccf19a89589f9ed.m_951adc67b6d2421c9c5fe30b42d4e38a","未能识别的道具类型 "
"PvfCode\PvfFileHelper.cs","1412","0x688B07D9 ^ _003CModule_003E_007Bca6a0dd5_002Dc5c4_002D415b_002Db834_002D43407116930c_007D.m_85a9146d95c445febccf19a89589f9ed.m_fe79ec19ea654f38b817b93aa0f16bb8","n_string.lst"
"PvfCode\PvfFileHelper.cs","1440","0x73AEAC96 ^ _003CModule_003E_007Bca6a0dd5_002Dc5c4_002D415b_002Db834_002D43407116930c_007D.m_85a9146d95c445febccf19a89589f9ed.m_d0bedb8ed954407788e10a44ffb71f41","[aurora avatar]"
"PvfCode\PvfFileHelper.cs","1474","0x1D4860EA ^ _003CModule_003E_007Bca6a0dd5_002Dc5c4_002D415b_002Db834_002D43407116930c_007D.m_85a9146d95c445febccf19a89589f9ed.m_de1f8a36425541afa677302f17d6b50a","[waist avatar]"
"PvfCode\PvfFileHelper.cs","1506","0x43FEBB92 ^ _003CModule_003E_007Bca6a0dd5_002Dc5c4_002D415b_002Db834_002D43407116930c_007D.m_85a9146d95c445febccf19a89589f9ed.m_76a5329ba89c419bb504977e60bee020","[hat avatar]"
"PvfCode\PvfFileHelper.cs","1534","0x509E156B ^ _003CModule_003E_007Bca6a0dd5_002Dc5c4_002D415b_002Db834_002D43407116930c_007D.m_85a9146d95c445febccf19a89589f9ed.m_79ee40d8c1904975a8b7f8abe878f623","[coat avatar]"
"PvfCode\PvfFileHelper.cs","1564","0x41D9330C ^ _003CModule_003E_007Bca6a0dd5_002Dc5c4_002D415b_002Db834_002D43407116930c_007D.m_85a9146d95c445febccf19a89589f9ed.m_0149495e7a594d8d937b630d3ae072b3","[face avatar]"
"PvfCode\PvfFileHelper.cs","1594","0x4D7C25FD ^ _003CModule_003E_007Bca6a0dd5_002Dc5c4_002D415b_002Db834_002D43407116930c_007D.m_85a9146d95c445febccf19a89589f9ed.m_e7a16d566a7344fa9fc075b01f65053f","[hair avatar]"
"PvfCode\PvfFileHelper.cs","1624","0x66B341CA ^ _003CModule_003E_007Bca6a0dd5_002Dc5c4_002D415b_002Db834_002D43407116930c_007D.m_85a9146d95c445febccf19a89589f9ed.m_92f741ef5b364ad3b7d2745060db6ed7","[breast avatar]"
"PvfCode\PvfFileHelper.cs","1658","0x68058C8F ^ _003CModule_003E_007Bca6a0dd5_002Dc5c4_002D415b_002Db834_002D43407116930c_007D.m_85a9146d95c445febccf19a89589f9ed.m_46a7eabf2bd948528e76daeb47e51566","[pants avatar]"
"PvfCode\PvfFileHelper.cs","1690","0x3F569C89 ^ _003CModule_003E_007Bca6a0dd5_002Dc5c4_002D415b_002Db834_002D43407116930c_007D.m_85a9146d95c445febccf19a89589f9ed.m_fd100ef32cc0434788a375e247f8f9c6","[shoes avatar]"
"PvfCode\PvfFileHelper.cs","1722","0x3FED1E0A ^ _003CModule_003E_007Bca6a0dd5_002Dc5c4_002D415b_002Db834_002D43407116930c_007D.m_85a9146d95c445febccf19a89589f9ed.m_0749d7c4b9b54770bbb31347d356f299","[skin avatar]"
"PvfCode\PvfFileHelper.cs","6212","0x4CE9A222 ^ _003CModule_003E_007Bca6a0dd5_002Dc5c4_002D415b_002Db834_002D43407116930c_007D.m_85a9146d95c445febccf19a89589f9ed.m_be9ee334797b4b96b06bf02729756884","event/bluemarble/bluemarblemap.lst"
"PvfCode\PvfFileHelper.cs","6284","0x53B0C893 ^ _003CModule_003E_007Bca6a0dd5_002Dc5c4_002D415b_002Db834_002D43407116930c_007D.m_85a9146d95c445febccf19a89589f9ed.m_6337ac5176b94e4fbc82458203a33980","event/bluemarble/bluemarbletile.lst"
"PvfCode\PvfFileHelper.cs","6358","0x44FA635D ^ _003CModule_003E_007Bca6a0dd5_002Dc5c4_002D415b_002Db834_002D43407116930c_007D.m_85a9146d95c445febccf19a89589f9ed.m_951adc67b6d2421c9c5fe30b42d4e38a","event/bluemarble/"
"PvfCode\PvfFileHelper.cs","6396","0x24C1C20D ^ _003CModule_003E_007Bca6a0dd5_002Dc5c4_002D415b_002Db834_002D43407116930c_007D.m_85a9146d95c445febccf19a89589f9ed.m_b44dc61355f746e296ab2869249a148a","creature/script/creature.lst"
"PvfCode\PvfFileHelper.cs","6456","0x680593CD ^ _003CModule_003E_007Bca6a0dd5_002Dc5c4_002D415b_002Db834_002D43407116930c_007D.m_85a9146d95c445febccf19a89589f9ed.m_46a7eabf2bd948528e76daeb47e51566","creature/script/"
"PvfCode\PvfFileHelper.cs","6492","0x666DB76F ^ _003CModule_003E_007Bca6a0dd5_002Dc5c4_002D415b_002Db834_002D43407116930c_007D.m_85a9146d95c445febccf19a89589f9ed.m_419fccdd318844b8972d6f6aa35cd856","etc/randomoption/randomoption.lst"
"PvfCode\PvfFileHelper.cs","6562","0x6540B16C ^ _003CModule_003E_007Bca6a0dd5_002Dc5c4_002D415b_002Db834_002D43407116930c_007D.m_85a9146d95c445febccf19a89589f9ed.m_b78a16215383430bb9c82d017daba94e","etc/randomoption/"
"PvfCode\PvfFileHelper.cs","6562","0x1C1E25A7 ^ _003CModule_003E_007Bca6a0dd5_002Dc5c4_002D415b_002Db834_002D43407116930c_007D.m_85a9146d95c445febccf19a89589f9ed.m_70c8fd8404cf43c49abc052e4d3493da","etc/randomoption/"
"PvfCode\PvfFileHelper.cs","6600","- -1680247538 ^ 0x7DB9B7E8 ^ _003CModule_003E_007Bca6a0dd5_002Dc5c4_002D415b_002Db834_002D43407116930c_007D.m_85a9146d95c445febccf19a89589f9ed.m_ae5b1488c73c49aeb10614e5c153f865","etc/randomoption/randomoptionskill.lst"
"PvfCode\PvfFileHelper.cs","6680","0x22DA2FED ^ _003CModule_003E_007Bca6a0dd5_002Dc5c4_002D415b_002Db834_002D43407116930c_007D.m_85a9146d95c445febccf19a89589f9ed.m_65914779fc8a4f69bc272be591a5a205","event/eventcharacter/eventcharacter.lst"
"PvfCode\PvfFileHelper.cs","6762","0x43FEA41A ^ _003CModule_003E_007Bca6a0dd5_002Dc5c4_002D415b_002Db834_002D43407116930c_007D.m_85a9146d95c445febccf19a89589f9ed.m_76a5329ba89c419bb504977e60bee020","event/eventcharacter/"
"PvfCode\PvfFileHelper.cs","6808","0x7270EE7E ^ _003CModule_003E_007Bca6a0dd5_002Dc5c4_002D415b_002Db834_002D43407116930c_007D.m_85a9146d95c445febccf19a89589f9ed.m_fd1104b8a4f4413cadab00ed808204cc","../"
"PvfCode\PvfFileHelper.cs","6808","0x28E21B63 ^ _003CModule_003E_007Bca6a0dd5_002Dc5c4_002D415b_002Db834_002D43407116930c_007D.m_85a9146d95c445febccf19a89589f9ed.m_e9f521b2cedb42298066f13a8308d8df","../"
"PvfCode\PvfFileHelper.cs","6818","0x20DD5EDD ^ _003CModule_003E_007Bca6a0dd5_002Dc5c4_002D415b_002Db834_002D43407116930c_007D.m_85a9146d95c445febccf19a89589f9ed.m_da86af125ef44472bcb7ee017043046c","etc/globaltutorialinfo/characterlist.lst"
"PvfCode\PvfFileHelper.cs","6902","0x44FA617D ^ _003CModule_003E_007Bca6a0dd5_002Dc5c4_002D415b_002Db834_002D43407116930c_007D.m_85a9146d95c445febccf19a89589f9ed.m_951adc67b6d2421c9c5fe30b42d4e38a","etc/globaltutorialinfo"
"PvfCode\PvfFileHelper.cs","6950","0x4AAC7D50 ^ _003CModule_003E_007Bca6a0dd5_002Dc5c4_002D415b_002Db834_002D43407116930c_007D.m_85a9146d95c445febccf19a89589f9ed.m_462d5774e5b343638785f870c8a2368d","\"
"PvfCode\PvfFileHelper.cs","6956","0x73AEB21A ^ _003CModule_003E_007Bca6a0dd5_002Dc5c4_002D415b_002Db834_002D43407116930c_007D.m_85a9146d95c445febccf19a89589f9ed.m_d0bedb8ed954407788e10a44ffb71f41","/"
"PvfCode\PvfFileHelper.cs","6962","0x28E21AC9 ^ _003CModule_003E_007Bca6a0dd5_002Dc5c4_002D415b_002Db834_002D43407116930c_007D.m_85a9146d95c445febccf19a89589f9ed.m_e9f521b2cedb42298066f13a8308d8df","[swordman]"
"PvfCode\PvfFileHelper.cs","6986","0x317FD5AE ^ _003CModule_003E_007Bca6a0dd5_002Dc5c4_002D415b_002Db834_002D43407116930c_007D.m_85a9146d95c445febccf19a89589f9ed.m_c8a3a7f5afbc4fc4b6ff1911680fdf15","[fighter]"
"PvfCode\PvfFileHelper.cs","7008","0x785FF03B ^ _003CModule_003E_007Bca6a0dd5_002Dc5c4_002D415b_002Db834_002D43407116930c_007D.m_85a9146d95c445febccf19a89589f9ed.m_ee9019ee278a483f841ec956772ff02e","[at mage]"
"PvfCode\PvfFileHelper.cs","7030","0x199F3FA4 ^ _003CModule_003E_007Bca6a0dd5_002Dc5c4_002D415b_002Db834_002D43407116930c_007D.m_85a9146d95c445febccf19a89589f9ed.m_ae5b1488c73c49aeb10614e5c153f865","[gunner]"
"PvfCode\PvfFileHelper.cs","7050","0x4CE9A1EC ^ _003CModule_003E_007Bca6a0dd5_002Dc5c4_002D415b_002Db834_002D43407116930c_007D.m_85a9146d95c445febccf19a89589f9ed.m_be9ee334797b4b96b06bf02729756884","[priest]"
"PvfCode\PvfFileHelper.cs","7070","0x28E21A65 ^ _003CModule_003E_007Bca6a0dd5_002Dc5c4_002D415b_002Db834_002D43407116930c_007D.m_85a9146d95c445febccf19a89589f9ed.m_e9f521b2cedb42298066f13a8308d8df","[knight]"
"PvfCode\PvfFileHelper.cs","7090","0x4CE9A1D4 ^ _003CModule_003E_007Bca6a0dd5_002Dc5c4_002D415b_002Db834_002D43407116930c_007D.m_85a9146d95c445febccf19a89589f9ed.m_be9ee334797b4b96b06bf02729756884","[mage]"
"PvfCode\PvfFileHelper.cs","7106","0x28E21A39 ^ _003CModule_003E_007Bca6a0dd5_002Dc5c4_002D415b_002Db834_002D43407116930c_007D.m_85a9146d95c445febccf19a89589f9ed.m_e9f521b2cedb42298066f13a8308d8df","[at gunner]"
"PvfCode\PvfFileHelper.cs","7132","0x3F5681CF ^ _003CModule_003E_007Bca6a0dd5_002Dc5c4_002D415b_002Db834_002D43407116930c_007D.m_85a9146d95c445febccf19a89589f9ed.m_fd100ef32cc0434788a375e247f8f9c6","[at priest]"
"PvfCode\PvfFileHelper.cs","7158","0x4337E414 ^ _003CModule_003E_007Bca6a0dd5_002Dc5c4_002D415b_002Db834_002D43407116930c_007D.m_85a9146d95c445febccf19a89589f9ed.m_65201c1aa71149eca034db0cff153bd8","[thief]"
"PvfCode\PvfFileHelper.cs","7176","0x3FED04B8 ^ _003CModule_003E_007Bca6a0dd5_002Dc5c4_002D415b_002Db834_002D43407116930c_007D.m_85a9146d95c445febccf19a89589f9ed.m_0749d7c4b9b54770bbb31347d356f299","[at fighter]"
"PvfCode\PvfFileHelper.cs","7204","0x4D1802AA ^ _003CModule_003E_007Bca6a0dd5_002Dc5c4_002D415b_002Db834_002D43407116930c_007D.m_85a9146d95c445febccf19a89589f9ed.m_ae8e5535a56e41c088957a236c4dbbbb","[gun blader]"
"PvfCode\PvfFileHelper.cs","7232","0x6854D04C ^ _003CModule_003E_007Bca6a0dd5_002Dc5c4_002D415b_002Db834_002D43407116930c_007D.m_85a9146d95c445febccf19a89589f9ed.m_41ad5cab4cce48768ab95608091291f1","[demonic swordman]"
"PvfCode\PvfFileHelper.cs","7272","0x3FED04D8 ^ _003CModule_003E_007Bca6a0dd5_002Dc5c4_002D415b_002Db834_002D43407116930c_007D.m_85a9146d95c445febccf19a89589f9ed.m_0749d7c4b9b54770bbb31347d356f299","[creator mage]"
"PvfCode\PvfFileHelper.cs","7304","0x1C1E208D ^ _003CModule_003E_007Bca6a0dd5_002Dc5c4_002D415b_002Db834_002D43407116930c_007D.m_85a9146d95c445febccf19a89589f9ed.m_70c8fd8404cf43c49abc052e4d3493da","[at swordman]"
"PvfCode\PvfFileHelper.cs","7334","0x3FED0416 ^ _003CModule_003E_007Bca6a0dd5_002Dc5c4_002D415b_002Db834_002D43407116930c_007D.m_85a9146d95c445febccf19a89589f9ed.m_0749d7c4b9b54770bbb31347d356f299","[demonic lancer]"
"PvfCode\PvfFileHelper.cs","7370","0x24C1C63B ^ _003CModule_003E_007Bca6a0dd5_002Dc5c4_002D415b_002Db834_002D43407116930c_007D.m_85a9146d95c445febccf19a89589f9ed.m_b44dc61355f746e296ab2869249a148a","[all]"
"PvfCode\PvfFileHelper.cs","7384","- -931219739 ^ 0x155B6036 ^ _003CModule_003E_007Bca6a0dd5_002Dc5c4_002D415b_002Db834_002D43407116930c_007D.m_85a9146d95c445febccf19a89589f9ed.m_65914779fc8a4f69bc272be591a5a205","[ACTIVESTATUS_TOLERANCE_ALL]"
"PvfCode\PvfFileHelper.cs","7444","0x65C0BACC ^ _003CModule_003E_007Bca6a0dd5_002Dc5c4_002D415b_002Db834_002D43407116930c_007D.m_85a9146d95c445febccf19a89589f9ed.m_0fdeeb58c74b4bbc8c8b08ea297bbe71"," 所有异常状态抗性"
"PvfCode\PvfFileHelper.cs","7466","0x4D1803A4 ^ _003CModule_003E_007Bca6a0dd5_002Dc5c4_002D415b_002Db834_002D43407116930c_007D.m_85a9146d95c445febccf19a89589f9ed.m_ae8e5535a56e41c088957a236c4dbbbb","[ACTIVESTATUS_TOLERANCE_STUCK]"
"PvfCode\PvfFileHelper.cs","7530","0x785FF631 ^ _003CModule_003E_007Bca6a0dd5_002Dc5c4_002D415b_002Db834_002D43407116930c_007D.m_85a9146d95c445febccf19a89589f9ed.m_ee9019ee278a483f841ec956772ff02e"," 回避率"
"PvfCode\PvfFileHelper.cs","7542","0x22DA2883 ^ _003CModule_003E_007Bca6a0dd5_002Dc5c4_002D415b_002Db834_002D43407116930c_007D.m_85a9146d95c445febccf19a89589f9ed.m_65914779fc8a4f69bc272be591a5a205","[ATTACK_SPEED]"
"PvfCode\PvfFileHelper.cs","7574","0x140190F4 ^ _003CModule_003E_007Bca6a0dd5_002Dc5c4_002D415b_002Db834_002D43407116930c_007D.m_85a9146d95c445febccf19a89589f9ed.m_f60d815fce0c42ac93b0d2803c2e35e7"," 攻击速度"
"PvfCode\PvfFileHelper.cs","7588","0x140190C6 ^ _003CModule_003E_007Bca6a0dd5_002Dc5c4_002D415b_002Db834_002D43407116930c_007D.m_85a9146d95c445febccf19a89589f9ed.m_f60d815fce0c42ac93b0d2803c2e35e7","[CAST_SPEED]"
"PvfCode\PvfFileHelper.cs","7616","0x58FC152D ^ _003CModule_003E_007Bca6a0dd5_002Dc5c4_002D415b_002Db834_002D43407116930c_007D.m_85a9146d95c445febccf19a89589f9ed.m_65f6650189a24507afbf9f6fb93e3d47"," 施放速度"
"PvfCode\PvfFileHelper.cs","7630","0x1D4878E6 ^ _003CModule_003E_007Bca6a0dd5_002Dc5c4_002D415b_002Db834_002D43407116930c_007D.m_85a9146d95c445febccf19a89589f9ed.m_de1f8a36425541afa677302f17d6b50a","[ELEMENT_TOLERANCE_DARK]"
"PvfCode\PvfFileHelper.cs","7682","0x4D18008C ^ _003CModule_003E_007Bca6a0dd5_002Dc5c4_002D415b_002Db834_002D43407116930c_007D.m_85a9146d95c445febccf19a89589f9ed.m_ae8e5535a56e41c088957a236c4dbbbb"," 暗属性抗性"
"PvfCode\PvfFileHelper.cs","7698","0x58FC16FF ^ _003CModule_003E_007Bca6a0dd5_002Dc5c4_002D415b_002Db834_002D43407116930c_007D.m_85a9146d95c445febccf19a89589f9ed.m_65f6650189a24507afbf9f6fb93e3d47","[ELEMENT_TOLERANCE_FIRE]"
"PvfCode\PvfFileHelper.cs","7750","0x57668B7 ^ _003CModule_003E_007Bca6a0dd5_002Dc5c4_002D415b_002Db834_002D43407116930c_007D.m_85a9146d95c445febccf19a89589f9ed.m_6f35923f7e3c448e89885f2a3e304f16"," 火属性抗性"
"PvfCode\PvfFileHelper.cs","7766","0x4D1800D8 ^ _003CModule_003E_007Bca6a0dd5_002Dc5c4_002D415b_002Db834_002D43407116930c_007D.m_85a9146d95c445febccf19a89589f9ed.m_ae8e5535a56e41c088957a236c4dbbbb","[ELEMENT_TOLERANCE_LIGHT]"
"PvfCode\PvfFileHelper.cs","7820","0x74D831A5 ^ _003CModule_003E_007Bca6a0dd5_002Dc5c4_002D415b_002Db834_002D43407116930c_007D.m_85a9146d95c445febccf19a89589f9ed.m_bb6682a830894276b8bd5aef887f12e5"," 光属性抗性"
"PvfCode\PvfFileHelper.cs","7836","0x42008D4 ^ _003CModule_003E_007Bca6a0dd5_002Dc5c4_002D415b_002Db834_002D43407116930c_007D.m_85a9146d95c445febccf19a89589f9ed.m_e5cd12d216b1498fb26aa29e2d96165a","[ELEMENT_TOLERANCE_WATER]"
"PvfCode\PvfFileHelper.cs","7890","0x266BB4D2 ^ _003CModule_003E_007Bca6a0dd5_002Dc5c4_002D415b_002Db834_002D43407116930c_007D.m_85a9146d95c445febccf19a89589f9ed.m_f4ab16c1a26b4e079612d99382e8f0cd"," 冰属性抗性"
"PvfCode\PvfFileHelper.cs","7906","0x20DD5A9D ^ _003CModule_003E_007Bca6a0dd5_002Dc5c4_002D415b_002Db834_002D43407116930c_007D.m_85a9146d95c445febccf19a89589f9ed.m_da86af125ef44472bcb7ee017043046c","[EQUIPMENT_MAGICAL_DEFENSE]"
"PvfCode\PvfFileHelper.cs","7964","0x199F3BCE ^ _003CModule_003E_007Bca6a0dd5_002Dc5c4_002D415b_002Db834_002D43407116930c_007D.m_85a9146d95c445febccf19a89589f9ed.m_ae5b1488c73c49aeb10614e5c153f865"," 魔法防御力"
"PvfCode\PvfFileHelper.cs","7980","0x76632D11 ^ _003CModule_003E_007Bca6a0dd5_002Dc5c4_002D415b_002Db834_002D43407116930c_007D.m_85a9146d95c445febccf19a89589f9ed.m_0b91fa1ff6e949e39fbbaf40993e22f1","[EQUIPMENT_PHYSICAL_DEFENSE]"
"PvfCode\PvfFileHelper.cs","8040","0x129C1110 ^ _003CModule_003E_007Bca6a0dd5_002Dc5c4_002D415b_002Db834_002D43407116930c_007D.m_85a9146d95c445febccf19a89589f9ed.m_5af5ce3e732a4544805a6d53df0b38f3"," 物理防御力"
"PvfCode\PvfFileHelper.cs","8056","0x4D7C3CBF ^ _003CModule_003E_007Bca6a0dd5_002Dc5c4_002D415b_002Db834_002D43407116930c_007D.m_85a9146d95c445febccf19a89589f9ed.m_e7a16d566a7344fa9fc075b01f65053f","[HIT_RECOVERY]"
"PvfCode\PvfFileHelper.cs","8088","- -307892449 ^ 0x5EB3B51F ^ _003CModule_003E_007Bca6a0dd5_002Dc5c4_002D415b_002Db834_002D43407116930c_007D.m_85a9146d95c445febccf19a89589f9ed.m_be9ee334797b4b96b06bf02729756884"," 硬直"
"PvfCode\PvfFileHelper.cs","8098","0x7FC454DA ^ _003CModule_003E_007Bca6a0dd5_002Dc5c4_002D415b_002Db834_002D43407116930c_007D.m_85a9146d95c445febccf19a89589f9ed.m_5bc082d3f4be4b0381caca1c5291fbbd","[HP MAX]"
"PvfCode\PvfFileHelper.cs","8118","0x785FF4ED ^ _003CModule_003E_007Bca6a0dd5_002Dc5c4_002D415b_002Db834_002D43407116930c_007D.m_85a9146d95c445febccf19a89589f9ed.m_ee9019ee278a483f841ec956772ff02e"," HP最大值"
"PvfCode\PvfFileHelper.cs","8134","- -1680247538 ^ 0x40E74FC5 ^ _003CModule_003E_007Bca6a0dd5_002Dc5c4_002D415b_002Db834_002D43407116930c_007D.m_85a9146d95c445febccf19a89589f9ed.m_b44dc61355f746e296ab2869249a148a","[HP_REGENRATE]"
"PvfCode\PvfFileHelper.cs","8166","0x688B1DBB ^ _003CModule_003E_007Bca6a0dd5_002Dc5c4_002D415b_002Db834_002D43407116930c_007D.m_85a9146d95c445febccf19a89589f9ed.m_fe79ec19ea654f38b817b93aa0f16bb8"," 每分钟恢复HP"
"PvfCode\PvfFileHelper.cs","8186","0x7FC45482 ^ _003CModule_003E_007Bca6a0dd5_002Dc5c4_002D415b_002Db834_002D43407116930c_007D.m_85a9146d95c445febccf19a89589f9ed.m_5bc082d3f4be4b0381caca1c5291fbbd","[INVENTORY_MAX_WEIGHT]"
"PvfCode\PvfFileHelper.cs","8234","0x666D8E19 ^ _003CModule_003E_007Bca6a0dd5_002Dc5c4_002D415b_002Db834_002D43407116930c_007D.m_85a9146d95c445febccf19a89589f9ed.m_419fccdd318844b8972d6f6aa35cd856"," 最大负重"
"PvfCode\PvfFileHelper.cs","8248","0x44FA5BB3 ^ _003CModule_003E_007Bca6a0dd5_002Dc5c4_002D415b_002Db834_002D43407116930c_007D.m_85a9146d95c445febccf19a89589f9ed.m_951adc67b6d2421c9c5fe30b42d4e38a","[JUMP_POWER]"
"PvfCode\PvfFileHelper.cs","8276","0x394B0F0F ^ _003CModule_003E_007Bca6a0dd5_002Dc5c4_002D415b_002Db834_002D43407116930c_007D.m_85a9146d95c445febccf19a89589f9ed.m_043dbbb5c70a4a1fade9fef173522ca3"," 跳跃力"
"PvfCode\PvfFileHelper.cs","8288","0x44FA5BEB ^ _003CModule_003E_007Bca6a0dd5_002Dc5c4_002D415b_002Db834_002D43407116930c_007D.m_85a9146d95c445febccf19a89589f9ed.m_951adc67b6d2421c9c5fe30b42d4e38a","[MAGICAL ABSOLUTE DEFENSE]"
"PvfCode\PvfFileHelper.cs","8344","0x67BC7A91 ^ _003CModule_003E_007Bca6a0dd5_002Dc5c4_002D415b_002Db834_002D43407116930c_007D.m_85a9146d95c445febccf19a89589f9ed.m_da16609e2e45436cb9599265ac249e45"," 魔法伤害追加减少"
"PvfCode\PvfFileHelper.cs","8366","0x6854ECA2 ^ _003CModule_003E_007Bca6a0dd5_002Dc5c4_002D415b_002Db834_002D43407116930c_007D.m_85a9146d95c445febccf19a89589f9ed.m_41ad5cab4cce48768ab95608091291f1","[MAGICAL_ATTACK]"
"PvfCode\PvfFileHelper.cs","8402","0x27E321F1 ^ _003CModule_003E_007Bca6a0dd5_002Dc5c4_002D415b_002Db834_002D43407116930c_007D.m_85a9146d95c445febccf19a89589f9ed.m_6933bc0b4bde451e837cb2abeda63ddf"," 智力"
"PvfCode\PvfFileHelper.cs","8412","0x4D183E52 ^ _003CModule_003E_007Bca6a0dd5_002Dc5c4_002D415b_002Db834_002D43407116930c_007D.m_85a9146d95c445febccf19a89589f9ed.m_ae8e5535a56e41c088957a236c4dbbbb","[MAGICAL_DEFENSE]"
"PvfCode\PvfFileHelper.cs","8450","0x7270D5E4 ^ _003CModule_003E_007Bca6a0dd5_002Dc5c4_002D415b_002Db834_002D43407116930c_007D.m_85a9146d95c445febccf19a89589f9ed.m_fd1104b8a4f4413cadab00ed808204cc"," 精神"
"PvfCode\PvfFileHelper.cs","8460","0x509E3199 ^ _003CModule_003E_007Bca6a0dd5_002Dc5c4_002D415b_002Db834_002D43407116930c_007D.m_85a9146d95c445febccf19a89589f9ed.m_79ee40d8c1904975a8b7f8abe878f623","[MOVE_SPEED]"
"PvfCode\PvfFileHelper.cs","8488","0x66B366BA ^ _003CModule_003E_007Bca6a0dd5_002Dc5c4_002D415b_002Db834_002D43407116930c_007D.m_85a9146d95c445febccf19a89589f9ed.m_92f741ef5b364ad3b7d2745060db6ed7"," 移动速度"
"PvfCode\PvfFileHelper.cs","8502","0x73AE8800 ^ _003CModule_003E_007Bca6a0dd5_002Dc5c4_002D415b_002Db834_002D43407116930c_007D.m_85a9146d95c445febccf19a89589f9ed.m_d0bedb8ed954407788e10a44ffb71f41","[MP MAX]"
"PvfCode\PvfFileHelper.cs","8522","0x20DD6535 ^ _003CModule_003E_007Bca6a0dd5_002Dc5c4_002D415b_002Db834_002D43407116930c_007D.m_85a9146d95c445febccf19a89589f9ed.m_da86af125ef44472bcb7ee017043046c"," MP最大值"
"PvfCode\PvfFileHelper.cs","8538","-491056111 ^ -426040573 ^ _003CModule_003E_007Bca6a0dd5_002Dc5c4_002D415b_002Db834_002D43407116930c_007D.m_85a9146d95c445febccf19a89589f9ed.m_e5cd12d216b1498fb26aa29e2d96165a","[MP_REGENRATE]"
"PvfCode\PvfFileHelper.cs","8570","0x1D484452 ^ _003CModule_003E_007Bca6a0dd5_002Dc5c4_002D415b_002Db834_002D43407116930c_007D.m_85a9146d95c445febccf19a89589f9ed.m_de1f8a36425541afa677302f17d6b50a"," 每分钟恢复MP"
"PvfCode\PvfFileHelper.cs","8590","0x688B23D3 ^ _003CModule_003E_007Bca6a0dd5_002Dc5c4_002D415b_002Db834_002D43407116930c_007D.m_85a9146d95c445febccf19a89589f9ed.m_fe79ec19ea654f38b817b93aa0f16bb8","[PHYSICAL ABSOLUTE DEFENSE]"
"PvfCode\PvfFileHelper.cs","8648","0x28E22033 ^ _003CModule_003E_007Bca6a0dd5_002Dc5c4_002D415b_002Db834_002D43407116930c_007D.m_85a9146d95c445febccf19a89589f9ed.m_e9f521b2cedb42298066f13a8308d8df"," 物理伤害追加减少"
"PvfCode\PvfFileHelper.cs","8670","0x74D80EF7 ^ _003CModule_003E_007Bca6a0dd5_002Dc5c4_002D415b_002Db834_002D43407116930c_007D.m_85a9146d95c445febccf19a89589f9ed.m_bb6682a830894276b8bd5aef887f12e5","[PHYSICAL_ATTACK]"
"PvfCode\PvfFileHelper.cs","8708","0x1C1E1E01 ^ _003CModule_003E_007Bca6a0dd5_002Dc5c4_002D415b_002Db834_002D43407116930c_007D.m_85a9146d95c445febccf19a89589f9ed.m_70c8fd8404cf43c49abc052e4d3493da"," 力量"
"PvfCode\PvfFileHelper.cs","8718","0x4203446 ^ _003CModule_003E_007Bca6a0dd5_002Dc5c4_002D415b_002Db834_002D43407116930c_007D.m_85a9146d95c445febccf19a89589f9ed.m_e5cd12d216b1498fb26aa29e2d96165a","[PHYSICAL_DEFENSE]"
"PvfCode\PvfFileHelper.cs","8758","0x6854EE3A ^ _003CModule_003E_007Bca6a0dd5_002Dc5c4_002D415b_002Db834_002D43407116930c_007D.m_85a9146d95c445febccf19a89589f9ed.m_41ad5cab4cce48768ab95608091291f1"," 体力"
"PvfCode\PvfFileHelper.cs","8768","0x206185E6 ^ _003CModule_003E_007Bca6a0dd5_002Dc5c4_002D415b_002Db834_002D43407116930c_007D.m_85a9146d95c445febccf19a89589f9ed.m_3fb7d066d8c041df8004697423b599db","[STUCK ON ATTACK]"
"PvfCode\PvfFileHelper.cs","8806","0x43FE9C16 ^ _003CModule_003E_007Bca6a0dd5_002Dc5c4_002D415b_002Db834_002D43407116930c_007D.m_85a9146d95c445febccf19a89589f9ed.m_76a5329ba89c419bb504977e60bee020"," 命中率"
"PvfCode\PvfFileHelper.cs","8818","0x65408ABC ^ _003CModule_003E_007Bca6a0dd5_002Dc5c4_002D415b_002Db834_002D43407116930c_007D.m_85a9146d95c445febccf19a89589f9ed.m_b78a16215383430bb9c82d017daba94e","[SKILL_LEVEL]"
"PvfCode\PvfFileHelper.cs","8848","0x666D8CA3 ^ _003CModule_003E_007Bca6a0dd5_002Dc5c4_002D415b_002Db834_002D43407116930c_007D.m_85a9146d95c445febccf19a89589f9ed.m_419fccdd318844b8972d6f6aa35cd856"," 技能等级提升"
"PvfCode\PvfFileHelper.cs","8866","-1774323743 ^ -594431179 ^ _003CModule_003E_007Bca6a0dd5_002Dc5c4_002D415b_002Db834_002D43407116930c_007D.m_85a9146d95c445febccf19a89589f9ed.m_462d5774e5b343638785f870c8a2368d","[material expert job]"
"PvfCode\PvfFileHelper.cs","8912","-491056111 ^ -984074270 ^ _003CModule_003E_007Bca6a0dd5_002Dc5c4_002D415b_002Db834_002D43407116930c_007D.m_85a9146d95c445febccf19a89589f9ed.m_6933bc0b4bde451e837cb2abeda63ddf","[usable cera package]"
"PvfCode\PvfFileHelper.cs","8958","0x42034B6 ^ _003CModule_003E_007Bca6a0dd5_002Dc5c4_002D415b_002Db834_002D43407116930c_007D.m_85a9146d95c445febccf19a89589f9ed.m_e5cd12d216b1498fb26aa29e2d96165a","[material]"
"PvfCode\PvfFileHelper.cs","8982","0x688B214B ^ _003CModule_003E_007Bca6a0dd5_002Dc5c4_002D415b_002Db834_002D43407116930c_007D.m_85a9146d95c445febccf19a89589f9ed.m_fe79ec19ea654f38b817b93aa0f16bb8","[contract]"
"PvfCode\PvfFileHelper.cs","9006","- -320613038 ^ 0x52C53C90 ^ _003CModule_003E_007Bca6a0dd5_002Dc5c4_002D415b_002Db834_002D43407116930c_007D.m_85a9146d95c445febccf19a89589f9ed.m_0149495e7a594d8d937b630d3ae072b3","[creature]"
"PvfCode\PvfFileHelper.cs","9006","0x66B364BC ^ _003CModule_003E_007Bca6a0dd5_002Dc5c4_002D415b_002Db834_002D43407116930c_007D.m_85a9146d95c445febccf19a89589f9ed.m_92f741ef5b364ad3b7d2745060db6ed7","[creature]"
"PvfCode\PvfFileHelper.cs","9030","0x57655B7 ^ _003CModule_003E_007Bca6a0dd5_002Dc5c4_002D415b_002Db834_002D43407116930c_007D.m_85a9146d95c445febccf19a89589f9ed.m_6f35923f7e3c448e89885f2a3e304f16","[disguise]"
"PvfCode\PvfFileHelper.cs","9054","0x67BC7957 ^ _003CModule_003E_007Bca6a0dd5_002Dc5c4_002D415b_002Db834_002D43407116930c_007D.m_85a9146d95c445febccf19a89589f9ed.m_da16609e2e45436cb9599265ac249e45","[stackable legacy]"
"PvfCode\PvfFileHelper.cs","9094","0x266B8986 ^ _003CModule_003E_007Bca6a0dd5_002Dc5c4_002D415b_002Db834_002D43407116930c_007D.m_85a9146d95c445febccf19a89589f9ed.m_f4ab16c1a26b4e079612d99382e8f0cd","[creature expitem]"
"PvfCode\PvfFileHelper.cs","9134","0x129C2DD6 ^ _003CModule_003E_007Bca6a0dd5_002Dc5c4_002D415b_002Db834_002D43407116930c_007D.m_85a9146d95c445febccf19a89589f9ed.m_5af5ce3e732a4544805a6d53df0b38f3","[town and dungeon]"
"PvfCode\PvfFileHelper.cs","9174","0x5765527 ^ _003CModule_003E_007Bca6a0dd5_002Dc5c4_002D415b_002Db834_002D43407116930c_007D.m_85a9146d95c445febccf19a89589f9ed.m_6f35923f7e3c448e89885f2a3e304f16","[avatar emblem]"
"PvfCode\PvfFileHelper.cs","9208","0x67BC79F1 ^ _003CModule_003E_007Bca6a0dd5_002Dc5c4_002D415b_002Db834_002D43407116930c_007D.m_85a9146d95c445febccf19a89589f9ed.m_da16609e2e45436cb9599265ac249e45","[enchant waste]"
"PvfCode\PvfFileHelper.cs","9242","0x41D9110A ^ _003CModule_003E_007Bca6a0dd5_002Dc5c4_002D415b_002Db834_002D43407116930c_007D.m_85a9146d95c445febccf19a89589f9ed.m_0149495e7a594d8d937b630d3ae072b3","[global effect]"
"PvfCode\PvfFileHelper.cs","9276","0x785FCF67 ^ _003CModule_003E_007Bca6a0dd5_002Dc5c4_002D415b_002Db834_002D43407116930c_007D.m_85a9146d95c445febccf19a89589f9ed.m_ee9019ee278a483f841ec956772ff02e","[quest receive]"
"PvfCode\PvfFileHelper.cs","9310","0x509E34CB ^ _003CModule_003E_007Bca6a0dd5_002Dc5c4_002D415b_002Db834_002D43407116930c_007D.m_85a9146d95c445febccf19a89589f9ed.m_79ee40d8c1904975a8b7f8abe878f623","[unlimited etc]"
"PvfCode\PvfFileHelper.cs","9344","0x4337DB62 ^ _003CModule_003E_007Bca6a0dd5_002Dc5c4_002D415b_002Db834_002D43407116930c_007D.m_85a9146d95c445febccf19a89589f9ed.m_65201c1aa71149eca034db0cff153bd8","[quest]"
"PvfCode\PvfFileHelper.cs","9362","0x4337DB70 ^ _003CModule_003E_007Bca6a0dd5_002Dc5c4_002D415b_002Db834_002D43407116930c_007D.m_85a9146d95c445febccf19a89589f9ed.m_65201c1aa71149eca034db0cff153bd8","[throw]"
"PvfCode\PvfFileHelper.cs","9380","0x28E2255F ^ _003CModule_003E_007Bca6a0dd5_002Dc5c4_002D415b_002Db834_002D43407116930c_007D.m_85a9146d95c445febccf19a89589f9ed.m_e9f521b2cedb42298066f13a8308d8df","[waste]"
"PvfCode\PvfFileHelper.cs","9398","- -265447410 ^ 0x28314267 ^ _003CModule_003E_007Bca6a0dd5_002Dc5c4_002D415b_002Db834_002D43407116930c_007D.m_85a9146d95c445febccf19a89589f9ed.m_6933bc0b4bde451e837cb2abeda63ddf","[recipe]"
"PvfCode\PvfFileHelper.cs","9418","- -1680247538 ^ 0x28CF145E ^ _003CModule_003E_007Bca6a0dd5_002Dc5c4_002D415b_002Db834_002D43407116930c_007D.m_85a9146d95c445febccf19a89589f9ed.m_be9ee334797b4b96b06bf02729756884","[legacy]"
"PvfCode\PvfFileHelper.cs","9438","0x3A4A4514 ^ _003CModule_003E_007Bca6a0dd5_002Dc5c4_002D415b_002Db834_002D43407116930c_007D.m_85a9146d95c445febccf19a89589f9ed.m_a42832252e5045a78f8c39de3ab569ac","[booster random]"
"PvfCode\PvfFileHelper.cs","9474","0x58FC2DEF ^ _003CModule_003E_007Bca6a0dd5_002Dc5c4_002D415b_002Db834_002D43407116930c_007D.m_85a9146d95c445febccf19a89589f9ed.m_65f6650189a24507afbf9f6fb93e3d47","[booster selection]"
"PvfCode\PvfFileHelper.cs","9516","0x76631711 ^ _003CModule_003E_007Bca6a0dd5_002Dc5c4_002D415b_002Db834_002D43407116930c_007D.m_85a9146d95c445febccf19a89589f9ed.m_0b91fa1ff6e949e39fbbaf40993e22f1","[upgradable legacy]"
"PvfCode\PvfFileHelper.cs","9558","0x43FE9B26 ^ _003CModule_003E_007Bca6a0dd5_002Dc5c4_002D415b_002Db834_002D43407116930c_007D.m_85a9146d95c445febccf19a89589f9ed.m_76a5329ba89c419bb504977e60bee020","[booster]"
"PvfCode\PvfFileHelper.cs","9580","0x1C21D29F ^ _003CModule_003E_007Bca6a0dd5_002Dc5c4_002D415b_002Db834_002D43407116930c_007D.m_85a9146d95c445febccf19a89589f9ed.m_73758cb68bd841bd919ebc14c7dd65b6","[cera booster]"
"PvfCode\PvfFileHelper.cs","9612","0x6854E980 ^ _003CModule_003E_007Bca6a0dd5_002Dc5c4_002D415b_002Db834_002D43407116930c_007D.m_85a9146d95c445febccf19a89589f9ed.m_41ad5cab4cce48768ab95608091291f1","[cera package]"
"PvfCode\PvfFileHelper.cs","9644","0x666D8B9F ^ _003CModule_003E_007Bca6a0dd5_002Dc5c4_002D415b_002Db834_002D43407116930c_007D.m_85a9146d95c445febccf19a89589f9ed.m_419fccdd318844b8972d6f6aa35cd856","[dye]"
"PvfCode\PvfFileHelper.cs","9658","0x1D484092 ^ _003CModule_003E_007Bca6a0dd5_002Dc5c4_002D415b_002Db834_002D43407116930c_007D.m_85a9146d95c445febccf19a89589f9ed.m_de1f8a36425541afa677302f17d6b50a","[etc]"
"PvfCode\PvfFileHelper.cs","9672","0x53B0F5D7 ^ _003CModule_003E_007Bca6a0dd5_002Dc5c4_002D415b_002Db834_002D43407116930c_007D.m_85a9146d95c445febccf19a89589f9ed.m_6337ac5176b94e4fbc82458203a33980","[set]"
"PvfCode\PvfFileHelper.cs","9686","-1774323743 ^ -623613871 ^ _003CModule_003E_007Bca6a0dd5_002Dc5c4_002D415b_002Db834_002D43407116930c_007D.m_85a9146d95c445febccf19a89589f9ed.m_be9ee334797b4b96b06bf02729756884","[expert town potion]"
"PvfCode\PvfFileHelper.cs","9730","0x53B0F61D ^ _003CModule_003E_007Bca6a0dd5_002Dc5c4_002D415b_002Db834_002D43407116930c_007D.m_85a9146d95c445febccf19a89589f9ed.m_6337ac5176b94e4fbc82458203a33980","[upgrade limit cube]"
"PvfCode\PvfFileHelper.cs","9774","0x1401AB4C ^ _003CModule_003E_007Bca6a0dd5_002Dc5c4_002D415b_002Db834_002D43407116930c_007D.m_85a9146d95c445febccf19a89589f9ed.m_f60d815fce0c42ac93b0d2803c2e35e7","[feed]"
"PvfCode\PvfFileHelper.cs","9790","0x7270D2D8 ^ _003CModule_003E_007Bca6a0dd5_002Dc5c4_002D415b_002Db834_002D43407116930c_007D.m_85a9146d95c445febccf19a89589f9ed.m_fd1104b8a4f4413cadab00ed808204cc","[multi upgradable legacy bonus cera]"
"PvfCode\PvfFileHelper.cs","9866","0x3F56BC99 ^ _003CModule_003E_007Bca6a0dd5_002Dc5c4_002D415b_002Db834_002D43407116930c_007D.m_85a9146d95c445febccf19a89589f9ed.m_fd100ef32cc0434788a375e247f8f9c6","[multi upgradable legacy]"
"PvfCode\PvfFileHelper.cs","9920","0x785FCD9B ^ _003CModule_003E_007Bca6a0dd5_002Dc5c4_002D415b_002Db834_002D43407116930c_007D.m_85a9146d95c445febccf19a89589f9ed.m_ee9019ee278a483f841ec956772ff02e","[only effect]"
"PvfCode\PvfFileHelper.cs","9950","0x27E327FD ^ _003CModule_003E_007Bca6a0dd5_002Dc5c4_002D415b_002Db834_002D43407116930c_007D.m_85a9146d95c445febccf19a89589f9ed.m_6933bc0b4bde451e837cb2abeda63ddf","[teleport potion]"
"PvfCode\PvfFileHelper.cs","9988","0x27E32627 ^ _003CModule_003E_007Bca6a0dd5_002Dc5c4_002D415b_002Db834_002D43407116930c_007D.m_85a9146d95c445febccf19a89589f9ed.m_6933bc0b4bde451e837cb2abeda63ddf","[unlimited waste]"
"PvfCode\PvfFileHelper.cs","10026","0x41D9123A ^ _003CModule_003E_007Bca6a0dd5_002Dc5c4_002D415b_002Db834_002D43407116930c_007D.m_85a9146d95c445febccf19a89589f9ed.m_0149495e7a594d8d937b630d3ae072b3","[unlimited town and dungeon]"
"PvfCode\PvfFileHelper.cs","10086","0x67BC7D6F ^ _003CModule_003E_007Bca6a0dd5_002Dc5c4_002D415b_002Db834_002D43407116930c_007D.m_85a9146d95c445febccf19a89589f9ed.m_da16609e2e45436cb9599265ac249e45","	"
"PvfCode\PvfFileHelper.cs","10092","0x1D484244 ^ _003CModule_003E_007Bca6a0dd5_002Dc5c4_002D415b_002Db834_002D43407116930c_007D.m_85a9146d95c445febccf19a89589f9ed.m_de1f8a36425541afa677302f17d6b50a"," 未能识别"
"PvfCode\PvfFileHelper.cs","10106","0x199F03A8 ^ _003CModule_003E_007Bca6a0dd5_002Dc5c4_002D415b_002Db834_002D43407116930c_007D.m_85a9146d95c445febccf19a89589f9ed.m_ae5b1488c73c49aeb10614e5c153f865","[title name]"
"PvfCode\PvfFileHelper.cs","10134","0x2965F5E6 ^ _003CModule_003E_007Bca6a0dd5_002Dc5c4_002D415b_002Db834_002D43407116930c_007D.m_85a9146d95c445febccf19a89589f9ed.m_c8a6e237ba5e4929b4e63ed86132c747","[weapon]"
"PvfCode\PvfFileHelper.cs","10154","0x785FCCF1 ^ _003CModule_003E_007Bca6a0dd5_002Dc5c4_002D415b_002Db834_002D43407116930c_007D.m_85a9146d95c445febccf19a89589f9ed.m_ee9019ee278a483f841ec956772ff02e","[amulet]"
"PvfCode\PvfFileHelper.cs","10174","0x6805AD4B ^ _003CModule_003E_007Bca6a0dd5_002Dc5c4_002D415b_002Db834_002D43407116930c_007D.m_85a9146d95c445febccf19a89589f9ed.m_46a7eabf2bd948528e76daeb47e51566","[coat]"
"PvfCode\PvfFileHelper.cs","10190","- -1680247538 ^ 0x27D8134C ^ _003CModule_003E_007Bca6a0dd5_002Dc5c4_002D415b_002Db834_002D43407116930c_007D.m_85a9146d95c445febccf19a89589f9ed.m_76a5329ba89c419bb504977e60bee020","[ring]"
"PvfCode\PvfFileHelper.cs","10206","0x43FE99AE ^ _003CModule_003E_007Bca6a0dd5_002Dc5c4_002D415b_002Db834_002D43407116930c_007D.m_85a9146d95c445febccf19a89589f9ed.m_76a5329ba89c419bb504977e60bee020","[pants]"
"PvfCode\PvfFileHelper.cs","10224","0x66B36062 ^ _003CModule_003E_007Bca6a0dd5_002Dc5c4_002D415b_002Db834_002D43407116930c_007D.m_85a9146d95c445febccf19a89589f9ed.m_92f741ef5b364ad3b7d2745060db6ed7","[waist]"
"PvfCode\PvfFileHelper.cs","10242","0x4CE99264 ^ _003CModule_003E_007Bca6a0dd5_002Dc5c4_002D415b_002Db834_002D43407116930c_007D.m_85a9146d95c445febccf19a89589f9ed.m_be9ee334797b4b96b06bf02729756884","[wrist]"
"PvfCode\PvfFileHelper.cs","10260","0x1C21DFE7 ^ _003CModule_003E_007Bca6a0dd5_002Dc5c4_002D415b_002Db834_002D43407116930c_007D.m_85a9146d95c445febccf19a89589f9ed.m_73758cb68bd841bd919ebc14c7dd65b6","[shoes]"
"PvfCode\PvfFileHelper.cs","10278","0x67BC722F ^ _003CModule_003E_007Bca6a0dd5_002Dc5c4_002D415b_002Db834_002D43407116930c_007D.m_85a9146d95c445febccf19a89589f9ed.m_da16609e2e45436cb9599265ac249e45","[shoulder]"
"PvfCode\PvfFileHelper.cs","10302","0x1C1E143B ^ _003CModule_003E_007Bca6a0dd5_002Dc5c4_002D415b_002Db834_002D43407116930c_007D.m_85a9146d95c445febccf19a89589f9ed.m_70c8fd8404cf43c49abc052e4d3493da","[support]"
"PvfCode\PvfFileHelper.cs","10324","0x129C262C ^ _003CModule_003E_007Bca6a0dd5_002Dc5c4_002D415b_002Db834_002D43407116930c_007D.m_85a9146d95c445febccf19a89589f9ed.m_5af5ce3e732a4544805a6d53df0b38f3","[magic stone]"
"PvfCode\PvfFileHelper.cs","10354","-491056111 ^ -1771891894 ^ _003CModule_003E_007Bca6a0dd5_002Dc5c4_002D415b_002Db834_002D43407116930c_007D.m_85a9146d95c445febccf19a89589f9ed.m_bb6682a830894276b8bd5aef887f12e5","[artifact red]"
"PvfCode\PvfFileHelper.cs","10386","0x785FC3C9 ^ _003CModule_003E_007Bca6a0dd5_002Dc5c4_002D415b_002Db834_002D43407116930c_007D.m_85a9146d95c445febccf19a89589f9ed.m_ee9019ee278a483f841ec956772ff02e","[artifact blue]"
"PvfCode\PvfFileHelper.cs","10420","0x53B0F8AB ^ _003CModule_003E_007Bca6a0dd5_002Dc5c4_002D415b_002Db834_002D43407116930c_007D.m_85a9146d95c445febccf19a89589f9ed.m_6337ac5176b94e4fbc82458203a33980","[artifact green]"
"PvfCode\PvfFileHelper.cs","10456","- -265447410 ^ 0x4B2834A1 ^ _003CModule_003E_007Bca6a0dd5_002Dc5c4_002D415b_002Db834_002D43407116930c_007D.m_85a9146d95c445febccf19a89589f9ed.m_951adc67b6d2421c9c5fe30b42d4e38a","[human]"
"PvfCode\PvfFileHelper.cs","10474","0x73AE81DC ^ _003CModule_003E_007Bca6a0dd5_002Dc5c4_002D415b_002Db834_002D43407116930c_007D.m_85a9146d95c445febccf19a89589f9ed.m_d0bedb8ed954407788e10a44ffb71f41","[beast]"
"PvfCode\PvfFileHelper.cs","10492","- -440750154 ^ 0x200F197C ^ _003CModule_003E_007Bca6a0dd5_002Dc5c4_002D415b_002Db834_002D43407116930c_007D.m_85a9146d95c445febccf19a89589f9ed.m_a42832252e5045a78f8c39de3ab569ac","[plant]"
"PvfCode\PvfFileHelper.cs","10510","0x4D183780 ^ _003CModule_003E_007Bca6a0dd5_002Dc5c4_002D415b_002Db834_002D43407116930c_007D.m_85a9146d95c445febccf19a89589f9ed.m_ae8e5535a56e41c088957a236c4dbbbb","[devil]"
"PvfCode\PvfFileHelper.cs","10528","0x3FED3190 ^ _003CModule_003E_007Bca6a0dd5_002Dc5c4_002D415b_002Db834_002D43407116930c_007D.m_85a9146d95c445febccf19a89589f9ed.m_0749d7c4b9b54770bbb31347d356f299","[angel]"
"PvfCode\PvfFileHelper.cs","10546","0x1D484C1A ^ _003CModule_003E_007Bca6a0dd5_002Dc5c4_002D415b_002Db834_002D43407116930c_007D.m_85a9146d95c445febccf19a89589f9ed.m_de1f8a36425541afa677302f17d6b50a","[insect]"
"PvfCode\PvfFileHelper.cs","10566","0x4CE99320 ^ _003CModule_003E_007Bca6a0dd5_002Dc5c4_002D415b_002Db834_002D43407116930c_007D.m_85a9146d95c445febccf19a89589f9ed.m_be9ee334797b4b96b06bf02729756884","[hybrid]"
"PvfCode\PvfFileHelper.cs","10586","0x6854E556 ^ _003CModule_003E_007Bca6a0dd5_002Dc5c4_002D415b_002Db834_002D43407116930c_007D.m_85a9146d95c445febccf19a89589f9ed.m_41ad5cab4cce48768ab95608091291f1","[undead]"
"PvfCode\PvfFileHelper.cs","10606","0x35B4D954 ^ _003CModule_003E_007Bca6a0dd5_002Dc5c4_002D415b_002Db834_002D43407116930c_007D.m_85a9146d95c445febccf19a89589f9ed.m_0d6928e3391c40eba26b7c2395e7588c","[spirit]"
"PvfCode\PvfFileHelper.cs","10626","0x394B06D9 ^ _003CModule_003E_007Bca6a0dd5_002Dc5c4_002D415b_002Db834_002D43407116930c_007D.m_85a9146d95c445febccf19a89589f9ed.m_043dbbb5c70a4a1fade9fef173522ca3","[dragon]"
"PvfCode\PvfFileHelper.cs","10646","0x58FC217B ^ _003CModule_003E_007Bca6a0dd5_002Dc5c4_002D415b_002Db834_002D43407116930c_007D.m_85a9146d95c445febccf19a89589f9ed.m_65f6650189a24507afbf9f6fb93e3d47","[machine]"
"PvfCode\PvfOptions.cs","1412","0x44FA7E0F ^ _003CModule_003E_007Bca6a0dd5_002Dc5c4_002D415b_002Db834_002D43407116930c_007D.m_85a9146d95c445febccf19a89589f9ed.m_951adc67b6d2421c9c5fe30b42d4e38a","n_string.lst"
"PvfCode\PvfOptions.cs","1440","0x73AEAC96 ^ _003CModule_003E_007Bca6a0dd5_002Dc5c4_002D415b_002Db834_002D43407116930c_007D.m_85a9146d95c445febccf19a89589f9ed.m_d0bedb8ed954407788e10a44ffb71f41","[aurora avatar]"
"PvfCode\PvfOptions.cs","1474","0x785FEE99 ^ _003CModule_003E_007Bca6a0dd5_002Dc5c4_002D415b_002Db834_002D43407116930c_007D.m_85a9146d95c445febccf19a89589f9ed.m_ee9019ee278a483f841ec956772ff02e","[waist avatar]"
"PvfCode\PvfOptions.cs","1506","0x43FEBB92 ^ _003CModule_003E_007Bca6a0dd5_002Dc5c4_002D415b_002Db834_002D43407116930c_007D.m_85a9146d95c445febccf19a89589f9ed.m_76a5329ba89c419bb504977e60bee020","[hat avatar]"
"PvfCode\PvfOptions.cs","1534","0x1C21F20D ^ _003CModule_003E_007Bca6a0dd5_002Dc5c4_002D415b_002Db834_002D43407116930c_007D.m_85a9146d95c445febccf19a89589f9ed.m_73758cb68bd841bd919ebc14c7dd65b6","[coat avatar]"
"PvfCode\PvfOptions.cs","1564","0x67BC5C15 ^ _003CModule_003E_007Bca6a0dd5_002Dc5c4_002D415b_002Db834_002D43407116930c_007D.m_85a9146d95c445febccf19a89589f9ed.m_da16609e2e45436cb9599265ac249e45","[face avatar]"
"PvfCode\PvfOptions.cs","1594","0x35B4F600 ^ _003CModule_003E_007Bca6a0dd5_002Dc5c4_002D415b_002Db834_002D43407116930c_007D.m_85a9146d95c445febccf19a89589f9ed.m_0d6928e3391c40eba26b7c2395e7588c","[hair avatar]"
"PvfCode\PvfOptions.cs","1624","0x58FC0EB5 ^ _003CModule_003E_007Bca6a0dd5_002Dc5c4_002D415b_002Db834_002D43407116930c_007D.m_85a9146d95c445febccf19a89589f9ed.m_65f6650189a24507afbf9f6fb93e3d47","[breast avatar]"
"PvfCode\PvfOptions.cs","1658","0x688B0427 ^ _003CModule_003E_007Bca6a0dd5_002Dc5c4_002D415b_002Db834_002D43407116930c_007D.m_85a9146d95c445febccf19a89589f9ed.m_fe79ec19ea654f38b817b93aa0f16bb8","[pants avatar]"
"PvfCode\PvfOptions.cs","1690","0x73AEAFAC ^ _003CModule_003E_007Bca6a0dd5_002Dc5c4_002D415b_002Db834_002D43407116930c_007D.m_85a9146d95c445febccf19a89589f9ed.m_d0bedb8ed954407788e10a44ffb71f41","[shoes avatar]"
"PvfCode\PvfOptions.cs","1722","- -265447410 ^ 0x4C2CDF38 ^ _003CModule_003E_007Bca6a0dd5_002Dc5c4_002D415b_002Db834_002D43407116930c_007D.m_85a9146d95c445febccf19a89589f9ed.m_76a5329ba89c419bb504977e60bee020","[skin avatar]"
"PvfCode\PvfOptions.cs","1752","0x65C0A100 ^ _003CModule_003E_007Bca6a0dd5_002Dc5c4_002D415b_002Db834_002D43407116930c_007D.m_85a9146d95c445febccf19a89589f9ed.m_0fdeeb58c74b4bbc8c8b08ea297bbe71","n_quest/dailyrandomquest.lst"
"PvfCode\PvfOptions.cs","1812","0x57671E5 ^ _003CModule_003E_007Bca6a0dd5_002Dc5c4_002D415b_002Db834_002D43407116930c_007D.m_85a9146d95c445febccf19a89589f9ed.m_6f35923f7e3c448e89885f2a3e304f16","n_quest/epicquest.lst"
"PvfCode\PvfOptions.cs","1858","0x1C21F0B1 ^ _003CModule_003E_007Bca6a0dd5_002Dc5c4_002D415b_002Db834_002D43407116930c_007D.m_85a9146d95c445febccf19a89589f9ed.m_73758cb68bd841bd919ebc14c7dd65b6","n_quest/trainingquest.lst"
"PvfCode\PvfOptions.cs","1912","0x43FEB908 ^ _003CModule_003E_007Bca6a0dd5_002Dc5c4_002D415b_002Db834_002D43407116930c_007D.m_85a9146d95c445febccf19a89589f9ed.m_76a5329ba89c419bb504977e60bee020","SavePvfPackTrimmableStringBinFile"
"PvfCode\PvfOptions.cs","1982","0x199F236C ^ _003CModule_003E_007Bca6a0dd5_002Dc5c4_002D415b_002Db834_002D43407116930c_007D.m_85a9146d95c445febccf19a89589f9ed.m_ae5b1488c73c49aeb10614e5c153f865","SavePvfPackTrimmableStringViewFile"
"PvfCode\PvfOptions.cs","2054","- -971443473 ^ 0x51E28FE2 ^ _003CModule_003E_007Bca6a0dd5_002Dc5c4_002D415b_002Db834_002D43407116930c_007D.m_85a9146d95c445febccf19a89589f9ed.m_46a7eabf2bd948528e76daeb47e51566","NotPromptSavePvfPackOptionsDialog"
"PvfCode\PvfOptions.cs","2124","0x43FEB63C ^ _003CModule_003E_007Bca6a0dd5_002Dc5c4_002D415b_002Db834_002D43407116930c_007D.m_85a9146d95c445febccf19a89589f9ed.m_76a5329ba89c419bb504977e60bee020","[SHADOW]"
"PvfCode\PvfOptions.cs","2124","- -1550668123 ^ 0x3439951B ^ _003CModule_003E_007Bca6a0dd5_002Dc5c4_002D415b_002Db834_002D43407116930c_007D.m_85a9146d95c445febccf19a89589f9ed.m_41ad5cab4cce48768ab95608091291f1","[SHADOW]"
"PvfCode\PvfOptions.cs","2124","0x509E18D9 ^ _003CModule_003E_007Bca6a0dd5_002Dc5c4_002D415b_002Db834_002D43407116930c_007D.m_85a9146d95c445febccf19a89589f9ed.m_79ee40d8c1904975a8b7f8abe878f623","[SHADOW]"
"PvfCode\PvfOptions.cs","2144","0x73AEA156 ^ _003CModule_003E_007Bca6a0dd5_002Dc5c4_002D415b_002Db834_002D43407116930c_007D.m_85a9146d95c445febccf19a89589f9ed.m_d0bedb8ed954407788e10a44ffb71f41","[FRAME MAX]"
"PvfCode\PvfOptions.cs","2170","0x66B34FE8 ^ _003CModule_003E_007Bca6a0dd5_002Dc5c4_002D415b_002Db834_002D43407116930c_007D.m_85a9146d95c445febccf19a89589f9ed.m_92f741ef5b364ad3b7d2745060db6ed7","[LOOP]"
"PvfCode\PvfOptions.cs","2186","0x266BA28A ^ _003CModule_003E_007Bca6a0dd5_002Dc5c4_002D415b_002Db834_002D43407116930c_007D.m_85a9146d95c445febccf19a89589f9ed.m_f4ab16c1a26b4e079612d99382e8f0cd","[COORD]"
"PvfCode\PvfOptions.cs","2204","0x67BC5295 ^ _003CModule_003E_007Bca6a0dd5_002Dc5c4_002D415b_002Db834_002D43407116930c_007D.m_85a9146d95c445febccf19a89589f9ed.m_da16609e2e45436cb9599265ac249e45","[SPECTRUM]"
"PvfCode\PvfOptions.cs","2228","0x43FEB6C4 ^ _003CModule_003E_007Bca6a0dd5_002Dc5c4_002D415b_002Db834_002D43407116930c_007D.m_85a9146d95c445febccf19a89589f9ed.m_76a5329ba89c419bb504977e60bee020","[SPECTRUM TERM]"
"PvfCode\PvfOptions.cs","2262","0x65C0AF0E ^ _003CModule_003E_007Bca6a0dd5_002Dc5c4_002D415b_002Db834_002D43407116930c_007D.m_85a9146d95c445febccf19a89589f9ed.m_0fdeeb58c74b4bbc8c8b08ea297bbe71","[SPECTRUM LIFE TIME]"
"PvfCode\PvfOptions.cs","2306","0x65C0AEDA ^ _003CModule_003E_007Bca6a0dd5_002Dc5c4_002D415b_002Db834_002D43407116930c_007D.m_85a9146d95c445febccf19a89589f9ed.m_0fdeeb58c74b4bbc8c8b08ea297bbe71","[SPECTRUM COLOR]"
"PvfCode\PvfOptions.cs","2342","- -265447410 ^ 0x42AE4D13 ^ _003CModule_003E_007Bca6a0dd5_002Dc5c4_002D415b_002Db834_002D43407116930c_007D.m_85a9146d95c445febccf19a89589f9ed.m_e7a16d566a7344fa9fc075b01f65053f","[SPECTRUM EFFECT]"
"PvfCode\PvfOptions.cs","2380","0x4337F6AE ^ _003CModule_003E_007Bca6a0dd5_002Dc5c4_002D415b_002Db834_002D43407116930c_007D.m_85a9146d95c445febccf19a89589f9ed.m_65201c1aa71149eca034db0cff153bd8","[OPERATION]"
"PvfCode\PvfOptions.cs","2406","0x6854C56A ^ _003CModule_003E_007Bca6a0dd5_002Dc5c4_002D415b_002Db834_002D43407116930c_007D.m_85a9146d95c445febccf19a89589f9ed.m_41ad5cab4cce48768ab95608091291f1","[IMAGE]"
"PvfCode\PvfOptions.cs","2406","- -931219739 ^ 0x175C0402 ^ _003CModule_003E_007Bca6a0dd5_002Dc5c4_002D415b_002Db834_002D43407116930c_007D.m_85a9146d95c445febccf19a89589f9ed.m_da86af125ef44472bcb7ee017043046c","[IMAGE]"
"PvfCode\PvfOptions.cs","2424","0x74C42222 ^ _003CModule_003E_007Bca6a0dd5_002Dc5c4_002D415b_002Db834_002D43407116930c_007D.m_85a9146d95c445febccf19a89589f9ed.m_946c564fa5bd4978b05e48a363369447","[IMAGE POS]"
"PvfCode\PvfOptions.cs","2424","- -931219739 ^ 0x41E2725E ^ _003CModule_003E_007Bca6a0dd5_002Dc5c4_002D415b_002Db834_002D43407116930c_007D.m_85a9146d95c445febccf19a89589f9ed.m_0b91fa1ff6e949e39fbbaf40993e22f1","[IMAGE POS]"
"PvfCode\PvfOptions.cs","2450","0x58FC017F ^ _003CModule_003E_007Bca6a0dd5_002Dc5c4_002D415b_002Db834_002D43407116930c_007D.m_85a9146d95c445febccf19a89589f9ed.m_65f6650189a24507afbf9f6fb93e3d47","[INTERPOLATION]"
"PvfCode\PvfOptions.cs","2450","0x20DD4DED ^ _003CModule_003E_007Bca6a0dd5_002Dc5c4_002D415b_002Db834_002D43407116930c_007D.m_85a9146d95c445febccf19a89589f9ed.m_da86af125ef44472bcb7ee017043046c","[INTERPOLATION]"
"PvfCode\PvfOptions.cs","2484","0x2061AE12 ^ _003CModule_003E_007Bca6a0dd5_002Dc5c4_002D415b_002Db834_002D43407116930c_007D.m_85a9146d95c445febccf19a89589f9ed.m_3fb7d066d8c041df8004697423b599db","[GRAPHIC EFFECT]"
"PvfCode\PvfOptions.cs","2484","0x43FEB7C4 ^ _003CModule_003E_007Bca6a0dd5_002Dc5c4_002D415b_002Db834_002D43407116930c_007D.m_85a9146d95c445febccf19a89589f9ed.m_76a5329ba89c419bb504977e60bee020","[GRAPHIC EFFECT]"
"PvfCode\PvfOptions.cs","2520","0x4201F90 ^ _003CModule_003E_007Bca6a0dd5_002Dc5c4_002D415b_002Db834_002D43407116930c_007D.m_85a9146d95c445febccf19a89589f9ed.m_e5cd12d216b1498fb26aa29e2d96165a","[DELAY]"
"PvfCode\PvfOptions.cs","2520","0x4D7C2A1F ^ _003CModule_003E_007Bca6a0dd5_002Dc5c4_002D415b_002Db834_002D43407116930c_007D.m_85a9146d95c445febccf19a89589f9ed.m_e7a16d566a7344fa9fc075b01f65053f","[DELAY]"
"PvfCode\PvfOptions.cs","2538","0x6854C5E6 ^ _003CModule_003E_007Bca6a0dd5_002Dc5c4_002D415b_002Db834_002D43407116930c_007D.m_85a9146d95c445febccf19a89589f9ed.m_41ad5cab4cce48768ab95608091291f1","[IMAGE ROTATE]"
"PvfCode\PvfOptions.cs","2538","0x65C0AE32 ^ _003CModule_003E_007Bca6a0dd5_002Dc5c4_002D415b_002Db834_002D43407116930c_007D.m_85a9146d95c445febccf19a89589f9ed.m_0fdeeb58c74b4bbc8c8b08ea297bbe71","[IMAGE ROTATE]"
"PvfCode\PvfOptions.cs","2570","-1003077614 ^ -2016873368 ^ _003CModule_003E_007Bca6a0dd5_002Dc5c4_002D415b_002Db834_002D43407116930c_007D.m_85a9146d95c445febccf19a89589f9ed.m_76a5329ba89c419bb504977e60bee020","[ATTACK BOX]"
"PvfCode\PvfOptions.cs","2570","0x317FC4EE ^ _003CModule_003E_007Bca6a0dd5_002Dc5c4_002D415b_002Db834_002D43407116930c_007D.m_85a9146d95c445febccf19a89589f9ed.m_c8a3a7f5afbc4fc4b6ff1911680fdf15","[ATTACK BOX]"
"PvfCode\PvfOptions.cs","2598","0x74D8250F ^ _003CModule_003E_007Bca6a0dd5_002Dc5c4_002D415b_002Db834_002D43407116930c_007D.m_85a9146d95c445febccf19a89589f9ed.m_bb6682a830894276b8bd5aef887f12e5","[IMAGE RATE]"
"PvfCode\PvfOptions.cs","2598","0x4D1814A8 ^ _003CModule_003E_007Bca6a0dd5_002Dc5c4_002D415b_002Db834_002D43407116930c_007D.m_85a9146d95c445febccf19a89589f9ed.m_ae8e5535a56e41c088957a236c4dbbbb","[IMAGE RATE]"
"PvfCode\PvfOptions.cs","2626","- -653001974 ^ 0x5234219D ^ _003CModule_003E_007Bca6a0dd5_002Dc5c4_002D415b_002Db834_002D43407116930c_007D.m_85a9146d95c445febccf19a89589f9ed.m_bb6682a830894276b8bd5aef887f12e5","[RGBA]"
"PvfCode\PvfOptions.cs","2626","0x24C1D0B3 ^ _003CModule_003E_007Bca6a0dd5_002Dc5c4_002D415b_002Db834_002D43407116930c_007D.m_85a9146d95c445febccf19a89589f9ed.m_b44dc61355f746e296ab2869249a148a","[RGBA]"
"PvfCode\PvfOptions.cs","2642","- -931219739 ^ 0x7B68F92F ^ _003CModule_003E_007Bca6a0dd5_002Dc5c4_002D415b_002Db834_002D43407116930c_007D.m_85a9146d95c445febccf19a89589f9ed.m_be9ee334797b4b96b06bf02729756884","[SET FLAG]"
"PvfCode\PvfOptions.cs","2642","0x666DA461 ^ _003CModule_003E_007Bca6a0dd5_002Dc5c4_002D415b_002Db834_002D43407116930c_007D.m_85a9146d95c445febccf19a89589f9ed.m_419fccdd318844b8972d6f6aa35cd856","[SET FLAG]"
"PvfCode\PvfOptions.cs","2666","0x76633857 ^ _003CModule_003E_007Bca6a0dd5_002Dc5c4_002D415b_002Db834_002D43407116930c_007D.m_85a9146d95c445febccf19a89589f9ed.m_0b91fa1ff6e949e39fbbaf40993e22f1","[DAMAGE TYPE]"
"PvfCode\PvfOptions.cs","2666","0x6540A2A4 ^ _003CModule_003E_007Bca6a0dd5_002Dc5c4_002D415b_002Db834_002D43407116930c_007D.m_85a9146d95c445febccf19a89589f9ed.m_b78a16215383430bb9c82d017daba94e","[DAMAGE TYPE]"
"PvfCode\PvfOptions.cs","2696","0x4D7C294F ^ _003CModule_003E_007Bca6a0dd5_002Dc5c4_002D415b_002Db834_002D43407116930c_007D.m_85a9146d95c445febccf19a89589f9ed.m_e7a16d566a7344fa9fc075b01f65053f","[DAMAGE BOX]"
"PvfCode\PvfOptions.cs","2696","0x4D181406 ^ _003CModule_003E_007Bca6a0dd5_002Dc5c4_002D415b_002Db834_002D43407116930c_007D.m_85a9146d95c445febccf19a89589f9ed.m_ae8e5535a56e41c088957a236c4dbbbb","[DAMAGE BOX]"
"PvfCode\PvfOptions.cs","2724","0x4201CEC ^ _003CModule_003E_007Bca6a0dd5_002Dc5c4_002D415b_002Db834_002D43407116930c_007D.m_85a9146d95c445febccf19a89589f9ed.m_e5cd12d216b1498fb26aa29e2d96165a","[LOOP START]"
"PvfCode\PvfOptions.cs","2724","0x688B08F9 ^ _003CModule_003E_007Bca6a0dd5_002Dc5c4_002D415b_002Db834_002D43407116930c_007D.m_85a9146d95c445febccf19a89589f9ed.m_fe79ec19ea654f38b817b93aa0f16bb8","[LOOP START]"
"PvfCode\PvfOptions.cs","2752","0x317FC424 ^ _003CModule_003E_007Bca6a0dd5_002Dc5c4_002D415b_002Db834_002D43407116930c_007D.m_85a9146d95c445febccf19a89589f9ed.m_c8a3a7f5afbc4fc4b6ff1911680fdf15","[LOOP END]"
"PvfCode\PvfOptions.cs","2752","0x785FE19B ^ _003CModule_003E_007Bca6a0dd5_002Dc5c4_002D415b_002Db834_002D43407116930c_007D.m_85a9146d95c445febccf19a89589f9ed.m_ee9019ee278a483f841ec956772ff02e","[LOOP END]"
"PvfCode\PvfOptions.cs","2776","0x3A4A6B12 ^ _003CModule_003E_007Bca6a0dd5_002Dc5c4_002D415b_002Db834_002D43407116930c_007D.m_85a9146d95c445febccf19a89589f9ed.m_a42832252e5045a78f8c39de3ab569ac","[PLAY SOUND]"
"PvfCode\PvfOptions.cs","2776","0x2965D8A8 ^ _003CModule_003E_007Bca6a0dd5_002Dc5c4_002D415b_002Db834_002D43407116930c_007D.m_85a9146d95c445febccf19a89589f9ed.m_c8a6e237ba5e4929b4e63ed86132c747","[PLAY SOUND]"
"PvfCode\PvfOptions.cs","2804","0x2061AD52 ^ _003CModule_003E_007Bca6a0dd5_002Dc5c4_002D415b_002Db834_002D43407116930c_007D.m_85a9146d95c445febccf19a89589f9ed.m_3fb7d066d8c041df8004697423b599db","[FLIP TYPE]"
"PvfCode\PvfOptions.cs","2804","0x2F9AA2AE ^ _003CModule_003E_007Bca6a0dd5_002Dc5c4_002D415b_002Db834_002D43407116930c_007D.m_85a9146d95c445febccf19a89589f9ed.m_ffdf07cd419c4048ae81f7fe42516fc1","[FLIP TYPE]"
"PvfCode\PvfOptions.cs","2830","0x4AAC6D78 ^ _003CModule_003E_007Bca6a0dd5_002Dc5c4_002D415b_002Db834_002D43407116930c_007D.m_85a9146d95c445febccf19a89589f9ed.m_462d5774e5b343638785f870c8a2368d","[CLIP]"
"PvfCode\PvfOptions.cs","2830","0x3FED13BE ^ _003CModule_003E_007Bca6a0dd5_002Dc5c4_002D415b_002Db834_002D43407116930c_007D.m_85a9146d95c445febccf19a89589f9ed.m_0749d7c4b9b54770bbb31347d356f299","[CLIP]"
"PvfCode\PvfOptions.cs","2846","0x6854C712 ^ _003CModule_003E_007Bca6a0dd5_002Dc5c4_002D415b_002Db834_002D43407116930c_007D.m_85a9146d95c445febccf19a89589f9ed.m_41ad5cab4cce48768ab95608091291f1","[PRELOAD]"
"PvfCode\PvfOptions.cs","2846","-2058136330 ^ -2145048295 ^ _003CModule_003E_007Bca6a0dd5_002Dc5c4_002D415b_002Db834_002D43407116930c_007D.m_85a9146d95c445febccf19a89589f9ed.m_6f35923f7e3c448e89885f2a3e304f16","[PRELOAD]"
"PvfCode\PvfOptions.cs","2868","0x4AAC6D42 ^ _003CModule_003E_007Bca6a0dd5_002Dc5c4_002D415b_002Db834_002D43407116930c_007D.m_85a9146d95c445febccf19a89589f9ed.m_462d5774e5b343638785f870c8a2368d","town/town.lst"
"PvfCode\PvfOptions.cs","2898","0x74D8247B ^ _003CModule_003E_007Bca6a0dd5_002Dc5c4_002D415b_002Db834_002D43407116930c_007D.m_85a9146d95c445febccf19a89589f9ed.m_bb6682a830894276b8bd5aef887f12e5","aura/aura.lst"
"PvfCode\PvfOptions.cs","2928","0x53B0DB6F ^ _003CModule_003E_007Bca6a0dd5_002Dc5c4_002D415b_002Db834_002D43407116930c_007D.m_85a9146d95c445febccf19a89589f9ed.m_6337ac5176b94e4fbc82458203a33980","region/region.lst"
"PvfCode\PvfOptions.cs","2966","0x1C21FC65 ^ _003CModule_003E_007Bca6a0dd5_002Dc5c4_002D415b_002Db834_002D43407116930c_007D.m_85a9146d95c445febccf19a89589f9ed.m_73758cb68bd841bd919ebc14c7dd65b6","stagemap/stagemap.lst"
"PvfCode\PvfOptions.cs","3012","0x666DA5F7 ^ _003CModule_003E_007Bca6a0dd5_002Dc5c4_002D415b_002Db834_002D43407116930c_007D.m_85a9146d95c445febccf19a89589f9ed.m_419fccdd318844b8972d6f6aa35cd856","worldmap/worldmap.lst"
"PvfCode\PvfOptions.cs","3058","0x41D93EE2 ^ _003CModule_003E_007Bca6a0dd5_002Dc5c4_002D415b_002Db834_002D43407116930c_007D.m_85a9146d95c445febccf19a89589f9ed.m_0149495e7a594d8d937b630d3ae072b3","appendage/appendage.lst"
"PvfCode\PvfOptions.cs","3108","0x199F28F6 ^ _003CModule_003E_007Bca6a0dd5_002Dc5c4_002D415b_002Db834_002D43407116930c_007D.m_85a9146d95c445febccf19a89589f9ed.m_ae5b1488c73c49aeb10614e5c153f865","character/character.lst"
"PvfCode\PvfOptions.cs","3158","0x6540A498 ^ _003CModule_003E_007Bca6a0dd5_002Dc5c4_002D415b_002Db834_002D43407116930c_007D.m_85a9146d95c445febccf19a89589f9ed.m_b78a16215383430bb9c82d017daba94e","equipment/equipment.lst"
"PvfCode\PvfOptions.cs","3208","0x1C21FB7B ^ _003CModule_003E_007Bca6a0dd5_002Dc5c4_002D415b_002Db834_002D43407116930c_007D.m_85a9146d95c445febccf19a89589f9ed.m_73758cb68bd841bd919ebc14c7dd65b6","pet/pet.lst"
"PvfCode\PvfOptions.cs","3234","0x28E20D59 ^ _003CModule_003E_007Bca6a0dd5_002Dc5c4_002D415b_002Db834_002D43407116930c_007D.m_85a9146d95c445febccf19a89589f9ed.m_e9f521b2cedb42298066f13a8308d8df","stackable/stackable.lst"
"PvfCode\PvfOptions.cs","3284","- -1680247538 ^ 0x17882F10 ^ _003CModule_003E_007Bca6a0dd5_002Dc5c4_002D415b_002Db834_002D43407116930c_007D.m_85a9146d95c445febccf19a89589f9ed.m_d0bedb8ed954407788e10a44ffb71f41","aicharacter/aicharacter.lst"
"PvfCode\PvfOptions.cs","3342","0x24C1D7FF ^ _003CModule_003E_007Bca6a0dd5_002Dc5c4_002D415b_002Db834_002D43407116930c_007D.m_85a9146d95c445febccf19a89589f9ed.m_b44dc61355f746e296ab2869249a148a","dungeon/dungeon.lst"
"PvfCode\PvfOptions.cs","3384","- -931219739 ^ 0x13409ED2 ^ _003CModule_003E_007Bca6a0dd5_002Dc5c4_002D415b_002Db834_002D43407116930c_007D.m_85a9146d95c445febccf19a89589f9ed.m_b44dc61355f746e296ab2869249a148a","chatemoticon/chatemoticon.lst"
"PvfCode\PvfOptions.cs","3446","0x7FC4460E ^ _003CModule_003E_007Bca6a0dd5_002Dc5c4_002D415b_002Db834_002D43407116930c_007D.m_85a9146d95c445febccf19a89589f9ed.m_5bc082d3f4be4b0381caca1c5291fbbd","monster/monster.lst"
"PvfCode\PvfOptions.cs","3488","0x27E30C83 ^ _003CModule_003E_007Bca6a0dd5_002Dc5c4_002D415b_002Db834_002D43407116930c_007D.m_85a9146d95c445febccf19a89589f9ed.m_6933bc0b4bde451e837cb2abeda63ddf","creature/creature.lst"
"PvfCode\PvfOptions.cs","3534","0x394B2295 ^ _003CModule_003E_007Bca6a0dd5_002Dc5c4_002D415b_002Db834_002D43407116930c_007D.m_85a9146d95c445febccf19a89589f9ed.m_043dbbb5c70a4a1fade9fef173522ca3","cashshop/cashshop.lst"
"PvfCode\PvfOptions.cs","3580","0x4D181372 ^ _003CModule_003E_007Bca6a0dd5_002Dc5c4_002D415b_002Db834_002D43407116930c_007D.m_85a9146d95c445febccf19a89589f9ed.m_ae8e5535a56e41c088957a236c4dbbbb","map/map.lst"
"PvfCode\PvfOptions.cs","3606","0x6540A6D8 ^ _003CModule_003E_007Bca6a0dd5_002Dc5c4_002D415b_002Db834_002D43407116930c_007D.m_85a9146d95c445febccf19a89589f9ed.m_b78a16215383430bb9c82d017daba94e","npc/npc.lst"
"PvfCode\PvfOptions.cs","3632","0x6540A6FE ^ _003CModule_003E_007Bca6a0dd5_002Dc5c4_002D415b_002Db834_002D43407116930c_007D.m_85a9146d95c445febccf19a89589f9ed.m_b78a16215383430bb9c82d017daba94e","itemshop/itemshop.lst"
"PvfCode\PvfOptions.cs","3678","0x666DA06D ^ _003CModule_003E_007Bca6a0dd5_002Dc5c4_002D415b_002Db834_002D43407116930c_007D.m_85a9146d95c445febccf19a89589f9ed.m_419fccdd318844b8972d6f6aa35cd856","passiveobject/passiveobject.lst"
"PvfCode\PvfOptions.cs","3744","0x67BC54A9 ^ _003CModule_003E_007Bca6a0dd5_002Dc5c4_002D415b_002Db834_002D43407116930c_007D.m_85a9146d95c445febccf19a89589f9ed.m_da16609e2e45436cb9599265ac249e45","n_quest/quest.lst"
"PvfCode\PvfOptions.cs","3782","0x4CE9B4A0 ^ _003CModule_003E_007Bca6a0dd5_002Dc5c4_002D415b_002Db834_002D43407116930c_007D.m_85a9146d95c445febccf19a89589f9ed.m_be9ee334797b4b96b06bf02729756884","pvp_mission/mission.lst"
"PvfCode\PvfOptions.cs","3832","0x4CE9B49E ^ _003CModule_003E_007Bca6a0dd5_002Dc5c4_002D415b_002Db834_002D43407116930c_007D.m_85a9146d95c445febccf19a89589f9ed.m_be9ee334797b4b96b06bf02729756884","etc/independentdrop.lst"
"PvfCode\PvfOptions.cs","3882","0x2F9AA770 ^ _003CModule_003E_007Bca6a0dd5_002Dc5c4_002D415b_002Db834_002D43407116930c_007D.m_85a9146d95c445febccf19a89589f9ed.m_ffdf07cd419c4048ae81f7fe42516fc1","skill/swordmanskill.lst"
"PvfCode\PvfOptions.cs","3932","0x394B2007 ^ _003CModule_003E_007Bca6a0dd5_002Dc5c4_002D415b_002Db834_002D43407116930c_007D.m_85a9146d95c445febccf19a89589f9ed.m_043dbbb5c70a4a1fade9fef173522ca3","skill/fighterskill.lst"
"PvfCode\PvfOptions.cs","3980","0x6540A742 ^ _003CModule_003E_007Bca6a0dd5_002Dc5c4_002D415b_002Db834_002D43407116930c_007D.m_85a9146d95c445febccf19a89589f9ed.m_b78a16215383430bb9c82d017daba94e","skill/gunnerskill.lst"
"PvfCode\PvfOptions.cs","4026","0x67BC55B3 ^ _003CModule_003E_007Bca6a0dd5_002Dc5c4_002D415b_002Db834_002D43407116930c_007D.m_85a9146d95c445febccf19a89589f9ed.m_da16609e2e45436cb9599265ac249e45","skill/mageskill.lst"
"PvfCode\PvfOptions.cs","4068","-1003077614 ^ -1902499456 ^ _003CModule_003E_007Bca6a0dd5_002Dc5c4_002D415b_002Db834_002D43407116930c_007D.m_85a9146d95c445febccf19a89589f9ed.m_462d5774e5b343638785f870c8a2368d","skill/priestskill.lst"
"PvfCode\PvfOptions.cs","4114","- -265447410 ^ 0x2FB3D046 ^ _003CModule_003E_007Bca6a0dd5_002Dc5c4_002D415b_002Db834_002D43407116930c_007D.m_85a9146d95c445febccf19a89589f9ed.m_3fb7d066d8c041df8004697423b599db","skill/atgunnerskill.lst"
"PvfCode\PvfOptions.cs","4164","- -1680247538 ^ 0x34B88A23 ^ _003CModule_003E_007Bca6a0dd5_002Dc5c4_002D415b_002Db834_002D43407116930c_007D.m_85a9146d95c445febccf19a89589f9ed.m_79ee40d8c1904975a8b7f8abe878f623","skill/thiefskill.lst"
"PvfCode\PvfOptions.cs","4208","0x53B0C06F ^ _003CModule_003E_007Bca6a0dd5_002Dc5c4_002D415b_002Db834_002D43407116930c_007D.m_85a9146d95c445febccf19a89589f9ed.m_6337ac5176b94e4fbc82458203a33980","skill/atfighterskill.lst"
"PvfCode\PvfOptions.cs","4260","0x394B3FFF ^ _003CModule_003E_007Bca6a0dd5_002Dc5c4_002D415b_002Db834_002D43407116930c_007D.m_85a9146d95c445febccf19a89589f9ed.m_043dbbb5c70a4a1fade9fef173522ca3","skill/atmageskill.lst"
"PvfCode\PvfOptions.cs","4306","0x4D180E5C ^ _003CModule_003E_007Bca6a0dd5_002Dc5c4_002D415b_002Db834_002D43407116930c_007D.m_85a9146d95c445febccf19a89589f9ed.m_ae8e5535a56e41c088957a236c4dbbbb","skill/demonicswordman.lst"
"PvfCode\PvfOptions.cs","4360","0x317FDFEC ^ _003CModule_003E_007Bca6a0dd5_002Dc5c4_002D415b_002Db834_002D43407116930c_007D.m_85a9146d95c445febccf19a89589f9ed.m_c8a3a7f5afbc4fc4b6ff1911680fdf15","skill/creatormage.lst"
"PvfCode\PvfOptions.cs","4406","0x420077E ^ _003CModule_003E_007Bca6a0dd5_002Dc5c4_002D415b_002Db834_002D43407116930c_007D.m_85a9146d95c445febccf19a89589f9ed.m_e5cd12d216b1498fb26aa29e2d96165a","FileTextTraditionalConvertSimplified"
"PvfCode\PvfOptions.cs","4482","- -307892449 ^ 0x2DB719D3 ^ _003CModule_003E_007Bca6a0dd5_002Dc5c4_002D415b_002Db834_002D43407116930c_007D.m_85a9146d95c445febccf19a89589f9ed.m_0749d7c4b9b54770bbb31347d356f299","EditorConvertTraditionalChinese"
"PvfCode\PvfOptions.cs","4548","0x3A4A700E ^ _003CModule_003E_007Bca6a0dd5_002Dc5c4_002D415b_002Db834_002D43407116930c_007D.m_85a9146d95c445febccf19a89589f9ed.m_a42832252e5045a78f8c39de3ab569ac","."
"PvfCode\PvfOptions.cs","4548","0x74D83EED ^ _003CModule_003E_007Bca6a0dd5_002Dc5c4_002D415b_002Db834_002D43407116930c_007D.m_85a9146d95c445febccf19a89589f9ed.m_bb6682a830894276b8bd5aef887f12e5","."
"PvfCode\PvfOptions.cs","4554","0x66B35658 ^ _003CModule_003E_007Bca6a0dd5_002Dc5c4_002D415b_002Db834_002D43407116930c_007D.m_85a9146d95c445febccf19a89589f9ed.m_92f741ef5b364ad3b7d2745060db6ed7","未知"
"PvfCode\PvfOptions.cs","4562","0x509E0147 ^ _003CModule_003E_007Bca6a0dd5_002Dc5c4_002D415b_002Db834_002D43407116930c_007D.m_85a9146d95c445febccf19a89589f9ed.m_79ee40d8c1904975a8b7f8abe878f623","PvfCommentPriority"
"PvfCode\PvfOptions.cs","4602","- -1680247538 ^ 0x295DC9A ^ _003CModule_003E_007Bca6a0dd5_002Dc5c4_002D415b_002Db834_002D43407116930c_007D.m_85a9146d95c445febccf19a89589f9ed.m_92f741ef5b364ad3b7d2745060db6ed7","SavePvfLoadingDisableMainWindow"
"PvfCode\PvfOptions.cs","4668","0x2965C04C ^ _003CModule_003E_007Bca6a0dd5_002Dc5c4_002D415b_002Db834_002D43407116930c_007D.m_85a9146d95c445febccf19a89589f9ed.m_c8a6e237ba5e4929b4e63ed86132c747","PvfSaveWhenTheErrorBackUp"
"PvfCode\PvfOptions.cs","4722","-491056111 ^ -1770050247 ^ _003CModule_003E_007Bca6a0dd5_002Dc5c4_002D415b_002Db834_002D43407116930c_007D.m_85a9146d95c445febccf19a89589f9ed.m_946c564fa5bd4978b05e48a363369447","SavePvfPackShowDialog"
"PvfCode\Services\ExtractFilesModel\ExtractConfig.cs","1106","0x2061A3F4 ^ _003CModule_003E_007Bca6a0dd5_002Dc5c4_002D415b_002Db834_002D43407116930c_007D.m_85a9146d95c445febccf19a89589f9ed.m_3fb7d066d8c041df8004697423b599db","UseCompatibleDecompiler"
"PvfCode\Services\ExtractFilesModel\ExtractConfig.cs","13772","0x20DD71B3 ^ _003CModule_003E_007Bca6a0dd5_002Dc5c4_002D415b_002Db834_002D43407116930c_007D.m_85a9146d95c445febccf19a89589f9ed.m_da86af125ef44472bcb7ee017043046c",".7z"
"PvfCode\Services\ExtractFilesModel\ExtractConfig.cs","13772","0x2965E7BC ^ _003CModule_003E_007Bca6a0dd5_002Dc5c4_002D415b_002Db834_002D43407116930c_007D.m_85a9146d95c445febccf19a89589f9ed.m_c8a6e237ba5e4929b4e63ed86132c747",".7z"
"PvfCode\Services\ExtractFilesModel\ExtractConfig.cs","13782","- -1550668123 ^ 0x4916C60 ^ _003CModule_003E_007Bca6a0dd5_002Dc5c4_002D415b_002Db834_002D43407116930c_007D.m_85a9146d95c445febccf19a89589f9ed.m_65f6650189a24507afbf9f6fb93e3d47","TargetPath"
"PvfCode\Services\ExtractFilesModel\ExtractConfig.cs","13782","0x28E2342D ^ _003CModule_003E_007Bca6a0dd5_002Dc5c4_002D415b_002Db834_002D43407116930c_007D.m_85a9146d95c445febccf19a89589f9ed.m_e9f521b2cedb42298066f13a8308d8df","TargetPath"
"PvfCode\Services\ExtractFilesModel\ExtractConfig.cs","13806","0x42023A6 ^ _003CModule_003E_007Bca6a0dd5_002Dc5c4_002D415b_002Db834_002D43407116930c_007D.m_85a9146d95c445febccf19a89589f9ed.m_e5cd12d216b1498fb26aa29e2d96165a","GetDiskTargetPath"
"PvfCode\Services\ExtractFilesModel\ExtractConfig.cs","13844","0x67BC6C1D ^ _003CModule_003E_007Bca6a0dd5_002Dc5c4_002D415b_002Db834_002D43407116930c_007D.m_85a9146d95c445febccf19a89589f9ed.m_da16609e2e45436cb9599265ac249e45","script"
"PvfCode\Services\ExtractFilesModel\ExtractConfig.cs","13860","0x24C1ECD5 ^ _003CModule_003E_007Bca6a0dd5_002Dc5c4_002D415b_002Db834_002D43407116930c_007D.m_85a9146d95c445febccf19a89589f9ed.m_b44dc61355f746e296ab2869249a148a","ExtractSuccessOpenFolder"
"PvfCode\Services\ExtractFilesModel\ExtractConfig.cs","13912","0x129C3820 ^ _003CModule_003E_007Bca6a0dd5_002Dc5c4_002D415b_002Db834_002D43407116930c_007D.m_85a9146d95c445febccf19a89589f9ed.m_5af5ce3e732a4544805a6d53df0b38f3","Operation"
"PvfCode\Services\ExtractFilesModel\ExtractConfig.cs","13934","0x44FA4DE5 ^ _003CModule_003E_007Bca6a0dd5_002Dc5c4_002D415b_002Db834_002D43407116930c_007D.m_85a9146d95c445febccf19a89589f9ed.m_951adc67b6d2421c9c5fe30b42d4e38a","DecompileScript"
"PvfCode\Services\ExtractFilesModel\ExtractConfig.cs","13968","0x6805BC65 ^ _003CModule_003E_007Bca6a0dd5_002Dc5c4_002D415b_002Db834_002D43407116930c_007D.m_85a9146d95c445febccf19a89589f9ed.m_46a7eabf2bd948528e76daeb47e51566","DecompileBinaryAni"
"PvfCode\Services\ExtractFilesModel\ExtractConfig.cs","14008","0x5764049 ^ _003CModule_003E_007Bca6a0dd5_002Dc5c4_002D415b_002Db834_002D43407116930c_007D.m_85a9146d95c445febccf19a89589f9ed.m_6f35923f7e3c448e89885f2a3e304f16","ConvertConvertSimplifiedChinese"
"PvfCode\Services\ExtractFilesModel\ExtractConfig.cs","14074","0x4AAC508C ^ _003CModule_003E_007Bca6a0dd5_002Dc5c4_002D415b_002Db834_002D43407116930c_007D.m_85a9146d95c445febccf19a89589f9ed.m_462d5774e5b343638785f870c8a2368d","ExtractTo7zip"
"PvfCode\Services\ExtractFilesModel\ExtractConfig.cs","14104","0x35B4C722 ^ _003CModule_003E_007Bca6a0dd5_002Dc5c4_002D415b_002Db834_002D43407116930c_007D.m_85a9146d95c445febccf19a89589f9ed.m_0d6928e3391c40eba26b7c2395e7588c","ExtractToAutoImportFileGroup"
"PvfCode\Services\ExtractFilesModel\ExtractConfig.cs","14164","0x1D48527C ^ _003CModule_003E_007Bca6a0dd5_002Dc5c4_002D415b_002Db834_002D43407116930c_007D.m_85a9146d95c445febccf19a89589f9ed.m_de1f8a36425541afa677302f17d6b50a","RemoveOrKeepFileType"
"PvfCode\Services\ExtractFilesModel\ExtractConfig.cs","14208","0x7270C366 ^ _003CModule_003E_007Bca6a0dd5_002Dc5c4_002D415b_002Db834_002D43407116930c_007D.m_85a9146d95c445febccf19a89589f9ed.m_fd1104b8a4f4413cadab00ed808204cc","FileTypes"
"PvfCode\Services\ExtractFilesModel\ExtractConfig.cs","14230","0x785FDCCD ^ _003CModule_003E_007Bca6a0dd5_002Dc5c4_002D415b_002Db834_002D43407116930c_007D.m_85a9146d95c445febccf19a89589f9ed.m_ee9019ee278a483f841ec956772ff02e","ExtractCorrespondenceFileLst"
"PvfCode\TreeColorConfig.cs","4768","0x74C439FA ^ _003CModule_003E_007Bca6a0dd5_002Dc5c4_002D415b_002Db834_002D43407116930c_007D.m_85a9146d95c445febccf19a89589f9ed.m_946c564fa5bd4978b05e48a363369447","Red"
"PvfCode\TreeColorConfig.cs","4778","0x6854DEA6 ^ _003CModule_003E_007Bca6a0dd5_002Dc5c4_002D415b_002Db834_002D43407116930c_007D.m_85a9146d95c445febccf19a89589f9ed.m_41ad5cab4cce48768ab95608091291f1","NewFileFlagBrush"
"PvfCode\TreeColorConfig.cs","4814","0x4D180C40 ^ _003CModule_003E_007Bca6a0dd5_002Dc5c4_002D415b_002Db834_002D43407116930c_007D.m_85a9146d95c445febccf19a89589f9ed.m_ae8e5535a56e41c088957a236c4dbbbb","black"
"PvfCode\TreeColorConfig.cs","4814","0x41D927DE ^ _003CModule_003E_007Bca6a0dd5_002Dc5c4_002D415b_002Db834_002D43407116930c_007D.m_85a9146d95c445febccf19a89589f9ed.m_0149495e7a594d8d937b630d3ae072b3","black"
"PvfCode\TreeColorConfig.cs","4828","0x666DBCEF ^ _003CModule_003E_007Bca6a0dd5_002Dc5c4_002D415b_002Db834_002D43407116930c_007D.m_85a9146d95c445febccf19a89589f9ed.m_419fccdd318844b8972d6f6aa35cd856","White"
"PvfCode\TreeColorConfig.cs","4842","0x20DD5695 ^ _003CModule_003E_007Bca6a0dd5_002Dc5c4_002D415b_002Db834_002D43407116930c_007D.m_85a9146d95c445febccf19a89589f9ed.m_da86af125ef44472bcb7ee017043046c","FileNameBrush"
"PvfCode\TreeColorConfig.cs","4872","0x129C1D70 ^ _003CModule_003E_007Bca6a0dd5_002Dc5c4_002D415b_002Db834_002D43407116930c_007D.m_85a9146d95c445febccf19a89589f9ed.m_5af5ce3e732a4544805a6d53df0b38f3","#a31515"
"PvfCode\TreeColorConfig.cs","4872","0x4200540 ^ _003CModule_003E_007Bca6a0dd5_002Dc5c4_002D415b_002Db834_002D43407116930c_007D.m_85a9146d95c445febccf19a89589f9ed.m_e5cd12d216b1498fb26aa29e2d96165a","#a31515"
"PvfCode\TreeColorConfig.cs","4890","0x14019E78 ^ _003CModule_003E_007Bca6a0dd5_002Dc5c4_002D415b_002Db834_002D43407116930c_007D.m_85a9146d95c445febccf19a89589f9ed.m_f60d815fce0c42ac93b0d2803c2e35e7","#af7a66"
"PvfCode\TreeColorConfig.cs","4908","0x6540BBE2 ^ _003CModule_003E_007Bca6a0dd5_002Dc5c4_002D415b_002Db834_002D43407116930c_007D.m_85a9146d95c445febccf19a89589f9ed.m_b78a16215383430bb9c82d017daba94e","ItemNameBrush"
"PvfCode\TreeColorConfig.cs","4938","0x73AEBA7C ^ _003CModule_003E_007Bca6a0dd5_002Dc5c4_002D415b_002Db834_002D43407116930c_007D.m_85a9146d95c445febccf19a89589f9ed.m_d0bedb8ed954407788e10a44ffb71f41","#5b2da8"
"PvfCode\TreeColorConfig.cs","4938","0x65C0B492 ^ _003CModule_003E_007Bca6a0dd5_002Dc5c4_002D415b_002Db834_002D43407116930c_007D.m_85a9146d95c445febccf19a89589f9ed.m_0fdeeb58c74b4bbc8c8b08ea297bbe71","#5b2da8"
"PvfCode\TreeColorConfig.cs","4956","0x3A4A7296 ^ _003CModule_003E_007Bca6a0dd5_002Dc5c4_002D415b_002Db834_002D43407116930c_007D.m_85a9146d95c445febccf19a89589f9ed.m_a42832252e5045a78f8c39de3ab569ac","#b5cea8"
"PvfCode\TreeColorConfig.cs","4974","0x24C1C99F ^ _003CModule_003E_007Bca6a0dd5_002Dc5c4_002D415b_002Db834_002D43407116930c_007D.m_85a9146d95c445febccf19a89589f9ed.m_b44dc61355f746e296ab2869249a148a","ItemCodeBrush"
"PvfCode\TreeColorConfig.cs","5004","0x666DBDBF ^ _003CModule_003E_007Bca6a0dd5_002Dc5c4_002D415b_002Db834_002D43407116930c_007D.m_85a9146d95c445febccf19a89589f9ed.m_419fccdd318844b8972d6f6aa35cd856","gray"
"PvfCode\TreeColorConfig.cs","5004","0x6540BB42 ^ _003CModule_003E_007Bca6a0dd5_002Dc5c4_002D415b_002Db834_002D43407116930c_007D.m_85a9146d95c445febccf19a89589f9ed.m_b78a16215383430bb9c82d017daba94e","gray"
"PvfCode\TreeColorConfig.cs","5004","-491056111 ^ -1770050361 ^ _003CModule_003E_007Bca6a0dd5_002Dc5c4_002D415b_002Db834_002D43407116930c_007D.m_85a9146d95c445febccf19a89589f9ed.m_946c564fa5bd4978b05e48a363369447","gray"
"PvfCode\TreeColorConfig.cs","5016","0x42005D0 ^ _003CModule_003E_007Bca6a0dd5_002Dc5c4_002D415b_002Db834_002D43407116930c_007D.m_85a9146d95c445febccf19a89589f9ed.m_e5cd12d216b1498fb26aa29e2d96165a","CommentBrush"
"PvfCode\TreeColorConfig.cs","5044","0x67BC49BD ^ _003CModule_003E_007Bca6a0dd5_002Dc5c4_002D415b_002Db834_002D43407116930c_007D.m_85a9146d95c445febccf19a89589f9ed.m_da16609e2e45436cb9599265ac249e45","#d8daeb"
"PvfCode\TreeColorConfig.cs","5044","0x4CE9A9D2 ^ _003CModule_003E_007Bca6a0dd5_002Dc5c4_002D415b_002Db834_002D43407116930c_007D.m_85a9146d95c445febccf19a89589f9ed.m_be9ee334797b4b96b06bf02729756884","#d8daeb"
"PvfCode\TreeColorConfig.cs","5062","0x317FDD22 ^ _003CModule_003E_007Bca6a0dd5_002Dc5c4_002D415b_002Db834_002D43407116930c_007D.m_85a9146d95c445febccf19a89589f9ed.m_c8a3a7f5afbc4fc4b6ff1911680fdf15","#404040"
"PvfCode\TreeColorConfig.cs","5062","0x22DA2633 ^ _003CModule_003E_007Bca6a0dd5_002Dc5c4_002D415b_002Db834_002D43407116930c_007D.m_85a9146d95c445febccf19a89589f9ed.m_65914779fc8a4f69bc272be591a5a205","#404040"
"PvfCode\TreeColorConfig.cs","5080","0x4200590 ^ _003CModule_003E_007Bca6a0dd5_002Dc5c4_002D415b_002Db834_002D43407116930c_007D.m_85a9146d95c445febccf19a89589f9ed.m_e5cd12d216b1498fb26aa29e2d96165a","#c9def5"
"PvfCode\TreeColorConfig.cs","5080","0x2F9ABB82 ^ _003CModule_003E_007Bca6a0dd5_002Dc5c4_002D415b_002Db834_002D43407116930c_007D.m_85a9146d95c445febccf19a89589f9ed.m_ffdf07cd419c4048ae81f7fe42516fc1","#c9def5"
"PvfCode\TreeColorConfig.cs","5098","0x785FF8B1 ^ _003CModule_003E_007Bca6a0dd5_002Dc5c4_002D415b_002Db834_002D43407116930c_007D.m_85a9146d95c445febccf19a89589f9ed.m_ee9019ee278a483f841ec956772ff02e","SelectedBackBrush"
"PvfCode\TreeColorConfig.cs","5136","0x199F30C2 ^ _003CModule_003E_007Bca6a0dd5_002Dc5c4_002D415b_002Db834_002D43407116930c_007D.m_85a9146d95c445febccf19a89589f9ed.m_ae5b1488c73c49aeb10614e5c153f865","FocusedBackBrush"
"PvfCode\TreeColorConfig.cs","5172","0x317FDAD0 ^ _003CModule_003E_007Bca6a0dd5_002Dc5c4_002D415b_002Db834_002D43407116930c_007D.m_85a9146d95c445febccf19a89589f9ed.m_c8a3a7f5afbc4fc4b6ff1911680fdf15","RarityColor0"
"PvfCode\TreeColorConfig.cs","5200","0x53B0C44F ^ _003CModule_003E_007Bca6a0dd5_002Dc5c4_002D415b_002Db834_002D43407116930c_007D.m_85a9146d95c445febccf19a89589f9ed.m_6337ac5176b94e4fbc82458203a33980","#68D5ED"
"PvfCode\TreeColorConfig.cs","5200","0x43FEAA20 ^ _003CModule_003E_007Bca6a0dd5_002Dc5c4_002D415b_002Db834_002D43407116930c_007D.m_85a9146d95c445febccf19a89589f9ed.m_76a5329ba89c419bb504977e60bee020","#68D5ED"
"PvfCode\TreeColorConfig.cs","5200","0x4D7C3797 ^ _003CModule_003E_007Bca6a0dd5_002Dc5c4_002D415b_002Db834_002D43407116930c_007D.m_85a9146d95c445febccf19a89589f9ed.m_e7a16d566a7344fa9fc075b01f65053f","#68D5ED"
"PvfCode\TreeColorConfig.cs","5218","0x1D48714A ^ _003CModule_003E_007Bca6a0dd5_002Dc5c4_002D415b_002Db834_002D43407116930c_007D.m_85a9146d95c445febccf19a89589f9ed.m_de1f8a36425541afa677302f17d6b50a","RarityColor1"
"PvfCode\TreeColorConfig.cs","5246","0x1401991C ^ _003CModule_003E_007Bca6a0dd5_002Dc5c4_002D415b_002Db834_002D43407116930c_007D.m_85a9146d95c445febccf19a89589f9ed.m_f60d815fce0c42ac93b0d2803c2e35e7","#B36BFF"
"PvfCode\TreeColorConfig.cs","5246","0x1C21E38D ^ _003CModule_003E_007Bca6a0dd5_002Dc5c4_002D415b_002Db834_002D43407116930c_007D.m_85a9146d95c445febccf19a89589f9ed.m_73758cb68bd841bd919ebc14c7dd65b6","#B36BFF"
"PvfCode\TreeColorConfig.cs","5246","0x1C1E287B ^ _003CModule_003E_007Bca6a0dd5_002Dc5c4_002D415b_002Db834_002D43407116930c_007D.m_85a9146d95c445febccf19a89589f9ed.m_70c8fd8404cf43c49abc052e4d3493da","#B36BFF"
"PvfCode\TreeColorConfig.cs","5264","0x73AEBDA6 ^ _003CModule_003E_007Bca6a0dd5_002Dc5c4_002D415b_002Db834_002D43407116930c_007D.m_85a9146d95c445febccf19a89589f9ed.m_d0bedb8ed954407788e10a44ffb71f41","RarityColor2"
"PvfCode\TreeColorConfig.cs","5292","0x53B0C4B3 ^ _003CModule_003E_007Bca6a0dd5_002Dc5c4_002D415b_002Db834_002D43407116930c_007D.m_85a9146d95c445febccf19a89589f9ed.m_6337ac5176b94e4fbc82458203a33980","#DC007E"
"PvfCode\TreeColorConfig.cs","5292","0x509E0439 ^ _003CModule_003E_007Bca6a0dd5_002Dc5c4_002D415b_002Db834_002D43407116930c_007D.m_85a9146d95c445febccf19a89589f9ed.m_79ee40d8c1904975a8b7f8abe878f623","#DC007E"
"PvfCode\TreeColorConfig.cs","5292","0x6854D8A0 ^ _003CModule_003E_007Bca6a0dd5_002Dc5c4_002D415b_002Db834_002D43407116930c_007D.m_85a9146d95c445febccf19a89589f9ed.m_41ad5cab4cce48768ab95608091291f1","#DC007E"
"PvfCode\TreeColorConfig.cs","5310","0x24C1CE4F ^ _003CModule_003E_007Bca6a0dd5_002Dc5c4_002D415b_002Db834_002D43407116930c_007D.m_85a9146d95c445febccf19a89589f9ed.m_b44dc61355f746e296ab2869249a148a","RarityColor3"
"PvfCode\TreeColorConfig.cs","5338","0x2061B37C ^ _003CModule_003E_007Bca6a0dd5_002Dc5c4_002D415b_002Db834_002D43407116930c_007D.m_85a9146d95c445febccf19a89589f9ed.m_3fb7d066d8c041df8004697423b599db","#FFB100"
"PvfCode\TreeColorConfig.cs","5338","0x66B35348 ^ _003CModule_003E_007Bca6a0dd5_002Dc5c4_002D415b_002Db834_002D43407116930c_007D.m_85a9146d95c445febccf19a89589f9ed.m_92f741ef5b364ad3b7d2745060db6ed7","#FFB100"
"PvfCode\TreeColorConfig.cs","5338","0x4D180A54 ^ _003CModule_003E_007Bca6a0dd5_002Dc5c4_002D415b_002Db834_002D43407116930c_007D.m_85a9146d95c445febccf19a89589f9ed.m_ae8e5535a56e41c088957a236c4dbbbb","#FFB100"
"PvfCode\TreeColorConfig.cs","5356","0x1D4871C4 ^ _003CModule_003E_007Bca6a0dd5_002Dc5c4_002D415b_002Db834_002D43407116930c_007D.m_85a9146d95c445febccf19a89589f9ed.m_de1f8a36425541afa677302f17d6b50a","RarityColor4"
"PvfCode\TreeColorConfig.cs","5384","0x6540BDC6 ^ _003CModule_003E_007Bca6a0dd5_002Dc5c4_002D415b_002Db834_002D43407116930c_007D.m_85a9146d95c445febccf19a89589f9ed.m_b78a16215383430bb9c82d017daba94e","#FF6666"
"PvfCode\TreeColorConfig.cs","5384","0x7FC45E70 ^ _003CModule_003E_007Bca6a0dd5_002Dc5c4_002D415b_002Db834_002D43407116930c_007D.m_85a9146d95c445febccf19a89589f9ed.m_5bc082d3f4be4b0381caca1c5291fbbd","#FF6666"
"PvfCode\TreeColorConfig.cs","5384","0x785FFE53 ^ _003CModule_003E_007Bca6a0dd5_002Dc5c4_002D415b_002Db834_002D43407116930c_007D.m_85a9146d95c445febccf19a89589f9ed.m_ee9019ee278a483f841ec956772ff02e","#FF6666"
"PvfCode\TreeColorConfig.cs","5402","0x4200352 ^ _003CModule_003E_007Bca6a0dd5_002Dc5c4_002D415b_002Db834_002D43407116930c_007D.m_85a9146d95c445febccf19a89589f9ed.m_e5cd12d216b1498fb26aa29e2d96165a","RarityColor5"
"PvfCode\TreeConfig.cs","5430","0x20DD5149 ^ _003CModule_003E_007Bca6a0dd5_002Dc5c4_002D415b_002Db834_002D43407116930c_007D.m_85a9146d95c445febccf19a89589f9ed.m_da86af125ef44472bcb7ee017043046c","TreeShowNpkIcon"
"PvfCode\TreeConfig.cs","5464","0x22DA20AD ^ _003CModule_003E_007Bca6a0dd5_002Dc5c4_002D415b_002Db834_002D43407116930c_007D.m_85a9146d95c445febccf19a89589f9ed.m_65914779fc8a4f69bc272be591a5a205","UseRarityColor"
"PvfCode\TreeConfig.cs","5496","0x666DBB4B ^ _003CModule_003E_007Bca6a0dd5_002Dc5c4_002D415b_002Db834_002D43407116930c_007D.m_85a9146d95c445febccf19a89589f9ed.m_419fccdd318844b8972d6f6aa35cd856","TreeListControlTopShowFilePathTextBox"
"PvfCode\TreeConfig.cs","5574","0x785FFE9D ^ _003CModule_003E_007Bca6a0dd5_002Dc5c4_002D415b_002Db834_002D43407116930c_007D.m_85a9146d95c445febccf19a89589f9ed.m_ee9019ee278a483f841ec956772ff02e","GetItemCodeSort"
"PvfCode\TreeConfig.cs","5608","0x74C43EB2 ^ _003CModule_003E_007Bca6a0dd5_002Dc5c4_002D415b_002Db834_002D43407116930c_007D.m_85a9146d95c445febccf19a89589f9ed.m_946c564fa5bd4978b05e48a363369447","GetItemNameAndItemCodeIsSort"
"PvfCode\TreeConfig.cs","5668","0x74D8390D ^ _003CModule_003E_007Bca6a0dd5_002Dc5c4_002D415b_002Db834_002D43407116930c_007D.m_85a9146d95c445febccf19a89589f9ed.m_bb6682a830894276b8bd5aef887f12e5","TreeListGetItemNameAndItemCodeFormat"
"PvfCode\TreeConfig.cs","5744","0x666DB843 ^ _003CModule_003E_007Bca6a0dd5_002Dc5c4_002D415b_002Db834_002D43407116930c_007D.m_85a9146d95c445febccf19a89589f9ed.m_419fccdd318844b8972d6f6aa35cd856","----"
"PvfCode\TreeConfig.cs","5756","0x76632441 ^ _003CModule_003E_007Bca6a0dd5_002Dc5c4_002D415b_002Db834_002D43407116930c_007D.m_85a9146d95c445febccf19a89589f9ed.m_0b91fa1ff6e949e39fbbaf40993e22f1","GetItemNameAndItemCodeSplitChar"
"PvfCode\TreeConfig.cs","5822","0x317FD85A ^ _003CModule_003E_007Bca6a0dd5_002Dc5c4_002D415b_002Db834_002D43407116930c_007D.m_85a9146d95c445febccf19a89589f9ed.m_c8a3a7f5afbc4fc4b6ff1911680fdf15","TwConvertSimplified"
"PvfCode\TreeConfig.cs","5864","0x785FFDB3 ^ _003CModule_003E_007Bca6a0dd5_002Dc5c4_002D415b_002Db834_002D43407116930c_007D.m_85a9146d95c445febccf19a89589f9ed.m_ee9019ee278a483f841ec956772ff02e","ShowHorizontalLines"
"PvfCode\TreeConfig.cs","5906","0x785FFC49 ^ _003CModule_003E_007Bca6a0dd5_002Dc5c4_002D415b_002Db834_002D43407116930c_007D.m_85a9146d95c445febccf19a89589f9ed.m_ee9019ee278a483f841ec956772ff02e","AllowHorizontalScrollingAutoWidth"
"PvfCode\TreeConfig.cs","5976","0x2F9ABF02 ^ _003CModule_003E_007Bca6a0dd5_002Dc5c4_002D415b_002Db834_002D43407116930c_007D.m_85a9146d95c445febccf19a89589f9ed.m_ffdf07cd419c4048ae81f7fe42516fc1","TreeSolidColors"
"PvfCode\TreeConfig.cs","6010","0x3A4A76B0 ^ _003CModule_003E_007Bca6a0dd5_002Dc5c4_002D415b_002Db834_002D43407116930c_007D.m_85a9146d95c445febccf19a89589f9ed.m_a42832252e5045a78f8c39de3ab569ac","NowTreeColorConfig"
"PvfCode\TreeConfig.cs","6050","0x199F3370 ^ _003CModule_003E_007Bca6a0dd5_002Dc5c4_002D415b_002Db834_002D43407116930c_007D.m_85a9146d95c445febccf19a89589f9ed.m_ae5b1488c73c49aeb10614e5c153f865","ImportTreeListAutoExpandAllNodes"
"PvfCode\TreeConfig.cs","6118","0x1C1E2BE3 ^ _003CModule_003E_007Bca6a0dd5_002Dc5c4_002D415b_002Db834_002D43407116930c_007D.m_85a9146d95c445febccf19a89589f9ed.m_70c8fd8404cf43c49abc052e4d3493da","UseEvenRowBackground"
"PvfCode\TreeConfig.cs","6162","0x2965CA62 ^ _003CModule_003E_007Bca6a0dd5_002Dc5c4_002D415b_002Db834_002D43407116930c_007D.m_85a9146d95c445febccf19a89589f9ed.m_c8a6e237ba5e4929b4e63ed86132c747","CopyFilesSetToClipboard"
