"File","Offset","Expression","Value"
"controls\texteditorfolder\previewcontrols\TextEditorPreviewAni.cs","4296","0x768AE94E ^ _003CModule_003E_007Be69553f9_002Deb39_002D49cd_002D9d77_002Da4ee304d94f7_007D.m_7b86004a82fb42ee97ea7d5e58574563.m_5f32481f68ae4c7eaeea7ec68a5ff47b","/pvfUtility;V2026.1.22.2;component/controls/texteditorfolder/previewcontrols/texteditorpreviewani.xaml"
"controls\texteditorfolder\previewcontrols\TextEditorPreviewAni.cs","4504","0x4E193B01 ^ _003CModule_003E_007Be69553f9_002Deb39_002D49cd_002D9d77_002Da4ee304d94f7_007D.m_7b86004a82fb42ee97ea7d5e58574563.m_24a7cb1bd49e4021b5d8fa5493d816ca","MaxWidthValue"
"controls\texteditorfolder\previewcontrols\TextEditorPreviewAni.cs","4534","0x690EF094 ^ _003CModule_003E_007Be69553f9_002Deb39_002D49cd_002D9d77_002Da4ee304d94f7_007D.m_7b86004a82fb42ee97ea7d5e58574563.m_864fc4c2b93e4f099c2c07aa23d782f6","MaxHeightValue"
"controls\texteditorfolder\TextBoxPasteHelper.cs","4262","0x306506AC ^ _003CModule_003E_007Be69553f9_002Deb39_002D49cd_002D9d77_002Da4ee304d94f7_007D.m_7b86004a82fb42ee97ea7d5e58574563.m_add69167a2c54fe0bb2e5f0af2545839","CanPasteNewLine"
"Converts\Search\ConvertScriptContentSearchMode.cs","4046","0x21879660 ^ _003CModule_003E_007Be69553f9_002Deb39_002D49cd_002D9d77_002Da4ee304d94f7_007D.m_7b86004a82fb42ee97ea7d5e58574563.m_a6871abdbd314ec9bd2de23164bed82c","GlobalSearchWindow_ScriptFileSearchTypeComboBoxItem1"
"Converts\Search\ConvertScriptContentSearchMode.cs","4046","0x13FC48A4 ^ _003CModule_003E_007Be69553f9_002Deb39_002D49cd_002D9d77_002Da4ee304d94f7_007D.m_7b86004a82fb42ee97ea7d5e58574563.m_a7cc82b779404332a260d01290ecb801","GlobalSearchWindow_ScriptFileSearchTypeComboBoxItem1"
"Converts\Search\ConvertScriptContentSearchMode.cs","4154","0xB8B3DAB ^ _003CModule_003E_007Be69553f9_002Deb39_002D49cd_002D9d77_002Da4ee304d94f7_007D.m_7b86004a82fb42ee97ea7d5e58574563.m_e066a82cd08141c08d4817f20a7d29f3","GlobalSearchWindow_ScriptFileSearchTypeComboBoxItem2"
"Converts\Search\ConvertScriptContentSearchMode.cs","4154","0x25C005AD ^ _003CModule_003E_007Be69553f9_002Deb39_002D49cd_002D9d77_002Da4ee304d94f7_007D.m_7b86004a82fb42ee97ea7d5e58574563.m_c8944dd9ca4b4079b8678bce0630ff7d","GlobalSearchWindow_ScriptFileSearchTypeComboBoxItem2"
"PvfCode\App.cs","4566","0x636C13DC ^ _003CModule_003E_007Be69553f9_002Deb39_002D49cd_002D9d77_002Da4ee304d94f7_007D.m_7b86004a82fb42ee97ea7d5e58574563.m_972142dcef4a4cfba572768c2212069f","7z64.dll"
"PvfCode\App.cs","4586","0x70D1CC4E ^ _003CModule_003E_007Be69553f9_002Deb39_002D49cd_002D9d77_002Da4ee304d94f7_007D.m_7b86004a82fb42ee97ea7d5e58574563.m_541fbf15174a41ce952b7916fd6276fe","e_sqlite3.dll"
"PvfCode\App.cs","4616","0x3D9BC211 ^ _003CModule_003E_007Be69553f9_002Deb39_002D49cd_002D9d77_002Da4ee304d94f7_007D.m_7b86004a82fb42ee97ea7d5e58574563.m_825859c4ee504b91a6a1d6e7fabf4f01","WebView2Loader.dll"
"PvfCode\App.cs","4656","0x21878B9E ^ _003CModule_003E_007Be69553f9_002Deb39_002D49cd_002D9d77_002Da4ee304d94f7_007D.m_7b86004a82fb42ee97ea7d5e58574563.m_a6871abdbd314ec9bd2de23164bed82c","/pvfUtility;V2026.1.22.2;component/app.xaml"
"PvfCode\App.cs","68102","0x30641C0C ^ _003CModule_003E_007Be69553f9_002Deb39_002D49cd_002D9d77_002Da4ee304d94f7_007D.m_7b86004a82fb42ee97ea7d5e58574563.m_add69167a2c54fe0bb2e5f0af2545839","N"
"PvfCode\App.cs","68102","0x30641C0C ^ _003CModule_003E_007Be69553f9_002Deb39_002D49cd_002D9d77_002Da4ee304d94f7_007D.m_7b86004a82fb42ee97ea7d5e58574563.m_add69167a2c54fe0bb2e5f0af2545839","N"
"PvfCode\App.cs","68108","0x1019F95F ^ _003CModule_003E_007Be69553f9_002Deb39_002D49cd_002D9d77_002Da4ee304d94f7_007D.m_7b86004a82fb42ee97ea7d5e58574563.m_80f251012e8548e0baf3267defb3d706","mess_ShowMessageError"
"PvfCode\App.cs","68108","0x1019F95F ^ _003CModule_003E_007Be69553f9_002Deb39_002D49cd_002D9d77_002Da4ee304d94f7_007D.m_7b86004a82fb42ee97ea7d5e58574563.m_80f251012e8548e0baf3267defb3d706","mess_ShowMessageError"
"PvfCode\App.cs","68154","0x3854124F ^ _003CModule_003E_007Be69553f9_002Deb39_002D49cd_002D9d77_002Da4ee304d94f7_007D.m_7b86004a82fb42ee97ea7d5e58574563.m_0273572c23d24952bbcc01600fea0084","mess_Exception"
"PvfCode\App.cs","68186","0x4165BF6 ^ _003CModule_003E_007Be69553f9_002Deb39_002D49cd_002D9d77_002Da4ee304d94f7_007D.m_7b86004a82fb42ee97ea7d5e58574563.m_8fd2865c456d4936bd87c4a63c3e7ba1","QQ：812143836"
"PvfCode\App.cs","68186","0x11B81576 ^ _003CModule_003E_007Be69553f9_002Deb39_002D49cd_002D9d77_002Da4ee304d94f7_007D.m_7b86004a82fb42ee97ea7d5e58574563.m_39a59c8c3fda4dbdaaf2213c010b00a8","QQ：812143836"
"PvfCode\App.cs","68214","0x9320BC1 ^ _003CModule_003E_007Be69553f9_002Deb39_002D49cd_002D9d77_002Da4ee304d94f7_007D.m_7b86004a82fb42ee97ea7d5e58574563.m_a47e9e4bf3624e7291689f8fb4b10989","mess_Exception_2"
"PvfCode\App.cs","68250","0xC6365 ^ _003CModule_003E_007Be69553f9_002Deb39_002D49cd_002D9d77_002Da4ee304d94f7_007D.m_7b86004a82fb42ee97ea7d5e58574563.m_ffc261d25c834aebbee1da6f61154719","OpenClipboard 失败 (0x800401D0 (CLIPBRD_E_CANT_OPEN))"
"PvfCode\AppCore.cs","4746","0x65E6ECE9 ^ _003CModule_003E_007Be69553f9_002Deb39_002D49cd_002D9d77_002Da4ee304d94f7_007D.m_7b86004a82fb42ee97ea7d5e58574563.m_0a3e5af7839d43a19884f927a9769d0e","mess_LstExtractResult"
"PvfCode\AppCore.cs","68356","0x6C4DEEA4 ^ _003CModule_003E_007Be69553f9_002Deb39_002D49cd_002D9d77_002Da4ee304d94f7_007D.m_7b86004a82fb42ee97ea7d5e58574563.m_c4ac9f35eb704455b489a780e86cf909","宏保存成功"
"PvfCode\Commands\Resource1.cs","13276","0xB8B1E4D ^ _003CModule_003E_007Be69553f9_002Deb39_002D49cd_002D9d77_002Da4ee304d94f7_007D.m_7b86004a82fb42ee97ea7d5e58574563.m_e066a82cd08141c08d4817f20a7d29f3","ItemCodeHoverConfig"
"PvfCode\Commands\Resource1.cs","67806","0x527BAE0C ^ _003CModule_003E_007Be69553f9_002Deb39_002D49cd_002D9d77_002Da4ee304d94f7_007D.m_7b86004a82fb42ee97ea7d5e58574563.m_cb81f441a98e4bd493b61df435bbdbdb","Commands.Resource1"
"PvfCode\Controls\AvatarControl\AvatarControlEx.cs","33454","0x101871FD ^ _003CModule_003E_007Be69553f9_002Deb39_002D49cd_002D9d77_002Da4ee304d94f7_007D.m_7b86004a82fb42ee97ea7d5e58574563.m_80f251012e8548e0baf3267defb3d706","ImageSource"
"PvfCode\Controls\AvatarControl\AvatarControlEx.cs","67646","0x704F3311 ^ _003CModule_003E_007Be69553f9_002Deb39_002D49cd_002D9d77_002Da4ee304d94f7_007D.m_7b86004a82fb42ee97ea7d5e58574563.m_c4f70e4f04fd48b4b9edaf9a9b8fdeae","/pvfUtility;V2026.1.22.2;component/controls/avatarcontrol/avatarcontrolex.xaml"
"PvfCode\Controls\ButtonInfoEx.cs","63142","0x51F1236A ^ _003CModule_003E_007Be69553f9_002Deb39_002D49cd_002D9d77_002Da4ee304d94f7_007D.m_7b86004a82fb42ee97ea7d5e58574563.m_e9daf7d92d7e4446976bda811e90502a","/pvfUtility;V2026.1.22.2;component/controls/buttoninfoex.xaml"
"PvfCode\Controls\EditBox.cs","56668","0x11B9C270 ^ _003CModule_003E_007Be69553f9_002Deb39_002D49cd_002D9d77_002Da4ee304d94f7_007D.m_7b86004a82fb42ee97ea7d5e58574563.m_39a59c8c3fda4dbdaaf2213c010b00a8","Value"
"PvfCode\Controls\EditBox.cs","63268","0x3D9B273D ^ _003CModule_003E_007Be69553f9_002Deb39_002D49cd_002D9d77_002Da4ee304d94f7_007D.m_7b86004a82fb42ee97ea7d5e58574563.m_825859c4ee504b91a6a1d6e7fabf4f01","/pvfUtility;V2026.1.22.2;component/controls/editbox.xaml"
"PvfCode\Controls\EditBox.cs","63384","1427621874 ^ 0x1EB782AE ^ _003CModule_003E_007Be69553f9_002Deb39_002D49cd_002D9d77_002Da4ee304d94f7_007D.m_7b86004a82fb42ee97ea7d5e58574563.m_d6a39a5ddb584a4d998858fb4ceeb027","NullText"
"PvfCode\Controls\EditBox.cs","63404","0x3509FEB5 ^ _003CModule_003E_007Be69553f9_002Deb39_002D49cd_002D9d77_002Da4ee304d94f7_007D.m_7b86004a82fb42ee97ea7d5e58574563.m_c3720eb655124e6e81b317ef170605cd","Caption"
"PvfCode\Controls\ImageAttached.cs","63422","0x417A612 ^ _003CModule_003E_007Be69553f9_002Deb39_002D49cd_002D9d77_002Da4ee304d94f7_007D.m_7b86004a82fb42ee97ea7d5e58574563.m_8fd2865c456d4936bd87c4a63c3e7ba1","Gray8"
"PvfCode\Controls\ImageAttached.cs","63436","0x89A7FE5 ^ _003CModule_003E_007Be69553f9_002Deb39_002D49cd_002D9d77_002Da4ee304d94f7_007D.m_7b86004a82fb42ee97ea7d5e58574563.m_cf19654829b546c5ba704a307b4e0bfa","BitmapSourceBackup"
"PvfCode\Controls\NpkImageControls\AniImageControl.cs","67480","0x2B2FB9EE ^ _003CModule_003E_007Be69553f9_002Deb39_002D49cd_002D9d77_002Da4ee304d94f7_007D.m_7b86004a82fb42ee97ea7d5e58574563.m_5b1a4905efa74bdd971c79e2845c55df","/pvfUtility;V2026.1.22.2;component/controls/npkimagecontrols/aniimagecontrol.xaml"
"PvfCode\Controls\PopupEx.cs","49074","0x265C9270 ^ _003CModule_003E_007Be69553f9_002Deb39_002D49cd_002D9d77_002Da4ee304d94f7_007D.m_7b86004a82fb42ee97ea7d5e58574563.m_00f9435ae4b3435e95ad1d31b77e7a6f","UpdatePosition"
"PvfCode\Controls\PopupEx.cs","49318","0x4C1652B2 ^ _003CModule_003E_007Be69553f9_002Deb39_002D49cd_002D9d77_002Da4ee304d94f7_007D.m_7b86004a82fb42ee97ea7d5e58574563.m_d7eae1243bb84fa8b3e43c67ebe44716","IsPositionUpdate"
"PvfCode\Controls\PvfTreeView.cs","63476","-985766894 ^ -1596428923 ^ _003CModule_003E_007Be69553f9_002Deb39_002D49cd_002D9d77_002Da4ee304d94f7_007D.m_7b86004a82fb42ee97ea7d5e58574563.m_0a3e5af7839d43a19884f927a9769d0e","/pvfUtility;V2026.1.22.2;component/controls/pvftreeview.xaml"
"PvfCode\Controls\PvfTreeViewGroup.cs","63600","0x704EC35F ^ _003CModule_003E_007Be69553f9_002Deb39_002D49cd_002D9d77_002Da4ee304d94f7_007D.m_7b86004a82fb42ee97ea7d5e58574563.m_c4f70e4f04fd48b4b9edaf9a9b8fdeae","/pvfUtility;V2026.1.22.2;component/controls/pvftreeviewgroup.xaml"
"PvfCode\Controls\PvfTreeViewGroup.cs","63734","-1499773451 ^ -1533347621 ^ _003CModule_003E_007Be69553f9_002Deb39_002D49cd_002D9d77_002Da4ee304d94f7_007D.m_7b86004a82fb42ee97ea7d5e58574563.m_582a7f02cd3044949cbbc8d81e970cdb","TreeAllowDrop"
"PvfCode\Controls\SearchResultControl.cs","63764","0xB1DDFAC ^ _003CModule_003E_007Be69553f9_002Deb39_002D49cd_002D9d77_002Da4ee304d94f7_007D.m_7b86004a82fb42ee97ea7d5e58574563.m_df89dfc2a96347ad9471b517744dea02","/pvfUtility;V2026.1.22.2;component/controls/searchresultcontrol.xaml"
"PvfCode\Controls\Test\ZoomAndPanControl.cs","66808","0x13FD4392 ^ _003CModule_003E_007Be69553f9_002Deb39_002D49cd_002D9d77_002Da4ee304d94f7_007D.m_7b86004a82fb42ee97ea7d5e58574563.m_a7cc82b779404332a260d01290ecb801","PART_Content was not found in the ZoomAndPanControl visual template!"
"PvfCode\Controls\Test\ZoomAndPanControl.cs","66808","0x70D0D95C ^ _003CModule_003E_007Be69553f9_002Deb39_002D49cd_002D9d77_002Da4ee304d94f7_007D.m_7b86004a82fb42ee97ea7d5e58574563.m_541fbf15174a41ce952b7916fd6276fe","PART_Content was not found in the ZoomAndPanControl visual template!"
"PvfCode\Controls\Test\ZoomAndPanControl.cs","66948","0x7C0E1B66 ^ _003CModule_003E_007Be69553f9_002Deb39_002D49cd_002D9d77_002Da4ee304d94f7_007D.m_7b86004a82fb42ee97ea7d5e58574563.m_2bc1918cd21d40e9b73926d6c2cbc512","ContentScale"
"PvfCode\Controls\Test\ZoomAndPanControl.cs","66976","1503723328 ^ 0x513B72C9 ^ _003CModule_003E_007Be69553f9_002Deb39_002D49cd_002D9d77_002Da4ee304d94f7_007D.m_7b86004a82fb42ee97ea7d5e58574563.m_cf19654829b546c5ba704a307b4e0bfa","MinContentScale"
"PvfCode\Controls\Test\ZoomAndPanControl.cs","67010","0x636D07C8 ^ _003CModule_003E_007Be69553f9_002Deb39_002D49cd_002D9d77_002Da4ee304d94f7_007D.m_7b86004a82fb42ee97ea7d5e58574563.m_972142dcef4a4cfba572768c2212069f","MaxContentScale"
"PvfCode\Controls\Test\ZoomAndPanControl.cs","67044","0xF03ADF4 ^ _003CModule_003E_007Be69553f9_002Deb39_002D49cd_002D9d77_002Da4ee304d94f7_007D.m_7b86004a82fb42ee97ea7d5e58574563.m_e5d5198bec9744b280b22d7dede4d8ad","ContentOffsetX"
"PvfCode\Controls\Test\ZoomAndPanControl.cs","67076","0x46DB170D ^ _003CModule_003E_007Be69553f9_002Deb39_002D49cd_002D9d77_002Da4ee304d94f7_007D.m_7b86004a82fb42ee97ea7d5e58574563.m_34a93bd635aa4a0cb45ae24212f58e0f","ContentOffsetY"
"PvfCode\Controls\Test\ZoomAndPanControl.cs","67108","0x38541E51 ^ _003CModule_003E_007Be69553f9_002Deb39_002D49cd_002D9d77_002Da4ee304d94f7_007D.m_7b86004a82fb42ee97ea7d5e58574563.m_0273572c23d24952bbcc01600fea0084","AnimationDuration"
"PvfCode\Controls\Test\ZoomAndPanControl.cs","67146","0x42E7F056 ^ _003CModule_003E_007Be69553f9_002Deb39_002D49cd_002D9d77_002Da4ee304d94f7_007D.m_7b86004a82fb42ee97ea7d5e58574563.m_bbd6700d16934fad8cc9f8d19544f21f","ContentZoomFocusX"
"PvfCode\Controls\Test\ZoomAndPanControl.cs","67184","0x25C113E7 ^ _003CModule_003E_007Be69553f9_002Deb39_002D49cd_002D9d77_002Da4ee304d94f7_007D.m_7b86004a82fb42ee97ea7d5e58574563.m_c8944dd9ca4b4079b8678bce0630ff7d","ContentZoomFocusY"
"PvfCode\Controls\Test\ZoomAndPanControl.cs","67222","0x704F3DB9 ^ _003CModule_003E_007Be69553f9_002Deb39_002D49cd_002D9d77_002Da4ee304d94f7_007D.m_7b86004a82fb42ee97ea7d5e58574563.m_c4f70e4f04fd48b4b9edaf9a9b8fdeae","ViewportZoomFocusX"
"PvfCode\Controls\Test\ZoomAndPanControl.cs","67262","0xC6F41 ^ _003CModule_003E_007Be69553f9_002Deb39_002D49cd_002D9d77_002Da4ee304d94f7_007D.m_7b86004a82fb42ee97ea7d5e58574563.m_ffc261d25c834aebbee1da6f61154719","ViewportZoomFocusY"
"PvfCode\Controls\Test\ZoomAndPanControl.cs","67302","0x659F587B ^ _003CModule_003E_007Be69553f9_002Deb39_002D49cd_002D9d77_002Da4ee304d94f7_007D.m_7b86004a82fb42ee97ea7d5e58574563.m_0cdaa8b4a2df45ea8b368477e0c569ba","ContentViewportWidth"
"PvfCode\Controls\Test\ZoomAndPanControl.cs","67346","0x2B2FB964 ^ _003CModule_003E_007Be69553f9_002Deb39_002D49cd_002D9d77_002Da4ee304d94f7_007D.m_7b86004a82fb42ee97ea7d5e58574563.m_5b1a4905efa74bdd971c79e2845c55df","ContentViewportHeight"
"PvfCode\Controls\Test\ZoomAndPanControl.cs","67392","0x527BA192 ^ _003CModule_003E_007Be69553f9_002Deb39_002D49cd_002D9d77_002Da4ee304d94f7_007D.m_7b86004a82fb42ee97ea7d5e58574563.m_cb81f441a98e4bd493b61df435bbdbdb","IsMouseWheelScrollingEnabled"
"PvfCode\Controls\Test\ZoomAndPanControl.cs","67452","0x704F3C53 ^ _003CModule_003E_007Be69553f9_002Deb39_002D49cd_002D9d77_002Da4ee304d94f7_007D.m_7b86004a82fb42ee97ea7d5e58574563.m_c4f70e4f04fd48b4b9edaf9a9b8fdeae","PART_Content"
"PvfCode\Controls\TextEditorFolder\AllSearchResultTreeView.cs","64308","0xB8BD6A5 ^ _003CModule_003E_007Be69553f9_002Deb39_002D49cd_002D9d77_002Da4ee304d94f7_007D.m_7b86004a82fb42ee97ea7d5e58574563.m_e066a82cd08141c08d4817f20a7d29f3","/pvfUtility;V2026.1.22.2;component/controls/texteditorfolder/allsearchresulttreeview.xaml"
"PvfCode\Controls\TextEditorFolder\AllSearchResultView.cs","64490","0x101808B9 ^ _003CModule_003E_007Be69553f9_002Deb39_002D49cd_002D9d77_002Da4ee304d94f7_007D.m_7b86004a82fb42ee97ea7d5e58574563.m_80f251012e8548e0baf3267defb3d706","/pvfUtility;V2026.1.22.2;component/controls/texteditorfolder/allsearchresultview.xaml"
"PvfCode\Controls\TextEditorFolder\AvalonEditBehaviour.cs","64664","0x2B2E42EE ^ _003CModule_003E_007Be69553f9_002Deb39_002D49cd_002D9d77_002Da4ee304d94f7_007D.m_7b86004a82fb42ee97ea7d5e58574563.m_5b1a4905efa74bdd971c79e2845c55df","GiveMeTheText"
"PvfCode\Controls\TextEditorFolder\DefaultScriptEditor.cs","64694","0x6C4C1916 ^ _003CModule_003E_007Be69553f9_002Deb39_002D49cd_002D9d77_002Da4ee304d94f7_007D.m_7b86004a82fb42ee97ea7d5e58574563.m_c4ac9f35eb704455b489a780e86cf909","/pvfUtility;V2026.1.22.2;component/controls/texteditorfolder/defaultscripteditor.xaml"
"PvfCode\Controls\TextEditorFolder\DocumentTextEditor.cs","64868","0xD949B ^ _003CModule_003E_007Be69553f9_002Deb39_002D49cd_002D9d77_002Da4ee304d94f7_007D.m_7b86004a82fb42ee97ea7d5e58574563.m_ffc261d25c834aebbee1da6f61154719","/pvfUtility;V2026.1.22.2;component/controls/texteditorfolder/documenttexteditor.xaml"
"PvfCode\Controls\TextEditorFolder\ScriptCommentController.cs","9906","0xD4F4D ^ _003CModule_003E_007Be69553f9_002Deb39_002D49cd_002D9d77_002Da4ee304d94f7_007D.m_7b86004a82fb42ee97ea7d5e58574563.m_ffc261d25c834aebbee1da6f61154719","Comment"
"PvfCode\Controls\TextEditorFolder\ScriptCommentController.cs","9906","0x3CA99861 ^ _003CModule_003E_007Be69553f9_002Deb39_002D49cd_002D9d77_002Da4ee304d94f7_007D.m_7b86004a82fb42ee97ea7d5e58574563.m_c10a6115b19c4927ae8ffc79f8f16dfb","Comment"
"PvfCode\Controls\TextEditorFolder\ScriptCommentController.cs","9906","0x13FC61D8 ^ _003CModule_003E_007Be69553f9_002Deb39_002D49cd_002D9d77_002Da4ee304d94f7_007D.m_7b86004a82fb42ee97ea7d5e58574563.m_a7cc82b779404332a260d01290ecb801","Comment"
"PvfCode\Controls\TextEditorFolder\ScriptCommentController.cs","9906","0x2E4B33C9 ^ _003CModule_003E_007Be69553f9_002Deb39_002D49cd_002D9d77_002Da4ee304d94f7_007D.m_7b86004a82fb42ee97ea7d5e58574563.m_3f6f6322abdc4634a39525b5eb1c92fd","Comment"
"PvfCode\Controls\TextEditorFolder\ScriptCommentController.cs","46752","0x933B717 ^ _003CModule_003E_007Be69553f9_002Deb39_002D49cd_002D9d77_002Da4ee304d94f7_007D.m_7b86004a82fb42ee97ea7d5e58574563.m_a47e9e4bf3624e7291689f8fb4b10989","//"
"PvfCode\Controls\TextEditorFolder\ScriptCommentController.cs","46752","0x768A4F26 ^ _003CModule_003E_007Be69553f9_002Deb39_002D49cd_002D9d77_002Da4ee304d94f7_007D.m_7b86004a82fb42ee97ea7d5e58574563.m_5f32481f68ae4c7eaeea7ec68a5ff47b","//"
"PvfCode\Controls\TextEditorFolder\ScriptCommentController.cs","46752","0x4BA00464 ^ _003CModule_003E_007Be69553f9_002Deb39_002D49cd_002D9d77_002Da4ee304d94f7_007D.m_7b86004a82fb42ee97ea7d5e58574563.m_d6a39a5ddb584a4d998858fb4ceeb027","//"
"PvfCode\Controls\TextEditorFolder\ScriptCommentController.cs","46752","0x51F78161 ^ _003CModule_003E_007Be69553f9_002Deb39_002D49cd_002D9d77_002Da4ee304d94f7_007D.m_7b86004a82fb42ee97ea7d5e58574563.m_c14a170a5a60490084306350f271c7f1","//"
"PvfCode\Controls\TextEditorFolder\ScriptCommentController.cs","49366","0x42E636CA ^ _003CModule_003E_007Be69553f9_002Deb39_002D49cd_002D9d77_002Da4ee304d94f7_007D.m_7b86004a82fb42ee97ea7d5e58574563.m_bbd6700d16934fad8cc9f8d19544f21f","/*"
"PvfCode\Controls\TextEditorFolder\ScriptCommentController.cs","49366","0xB8BED47 ^ _003CModule_003E_007Be69553f9_002Deb39_002D49cd_002D9d77_002Da4ee304d94f7_007D.m_7b86004a82fb42ee97ea7d5e58574563.m_e066a82cd08141c08d4817f20a7d29f3","/*"
"PvfCode\Controls\TextEditorFolder\ScriptCommentController.cs","49366","0x1B5E54E0 ^ _003CModule_003E_007Be69553f9_002Deb39_002D49cd_002D9d77_002Da4ee304d94f7_007D.m_7b86004a82fb42ee97ea7d5e58574563.m_995dc3f7a3024d82ba87d77f60d35fca","/*"
"PvfCode\Controls\TextEditorFolder\ScriptCommentController.cs","49366","0x47B9DD33 ^ _003CModule_003E_007Be69553f9_002Deb39_002D49cd_002D9d77_002Da4ee304d94f7_007D.m_7b86004a82fb42ee97ea7d5e58574563.m_0bd286ac068745bfb29b92d10b515130","/*"
"PvfCode\Controls\TextEditorFolder\ScriptCommentController.cs","49366","0x11B9DFFA ^ _003CModule_003E_007Be69553f9_002Deb39_002D49cd_002D9d77_002Da4ee304d94f7_007D.m_7b86004a82fb42ee97ea7d5e58574563.m_39a59c8c3fda4dbdaaf2213c010b00a8","/*"
"PvfCode\Controls\TextEditorFolder\ScriptCommentController.cs","49374","0x13FC87B4 ^ _003CModule_003E_007Be69553f9_002Deb39_002D49cd_002D9d77_002Da4ee304d94f7_007D.m_7b86004a82fb42ee97ea7d5e58574563.m_a7cc82b779404332a260d01290ecb801","*/"
"PvfCode\Controls\TextEditorFolder\ScriptCommentController.cs","49374","0x19F9A41F ^ _003CModule_003E_007Be69553f9_002Deb39_002D49cd_002D9d77_002Da4ee304d94f7_007D.m_7b86004a82fb42ee97ea7d5e58574563.m_afceaa2a86c14a5c9cf1f8f0fdd0f590","*/"
"PvfCode\Controls\TextEditorFolder\ScriptCommentController.cs","49374","0x67784CD7 ^ _003CModule_003E_007Be69553f9_002Deb39_002D49cd_002D9d77_002Da4ee304d94f7_007D.m_7b86004a82fb42ee97ea7d5e58574563.m_e0f0c9b53f5f4d0e88dcbb6df9cbe106","*/"
"PvfCode\Controls\TextEditorFolder\ScriptCommentController.cs","49382","0x67784CEF ^ _003CModule_003E_007Be69553f9_002Deb39_002D49cd_002D9d77_002Da4ee304d94f7_007D.m_7b86004a82fb42ee97ea7d5e58574563.m_e0f0c9b53f5f4d0e88dcbb6df9cbe106","NutCommentCode.CommentCode"
"PvfCode\Controls\TextEditorFolder\ScriptCommentController.cs","49438","0x3509C807 ^ _003CModule_003E_007Be69553f9_002Deb39_002D49cd_002D9d77_002Da4ee304d94f7_007D.m_7b86004a82fb42ee97ea7d5e58574563.m_c3720eb655124e6e81b317ef170605cd","NutCommentCode.MultLineCommentCode"
"PvfCode\Controls\TextEditorFolder\ScriptCommentController.cs","49438","0x4D231CA5 ^ _003CModule_003E_007Be69553f9_002Deb39_002D49cd_002D9d77_002Da4ee304d94f7_007D.m_7b86004a82fb42ee97ea7d5e58574563.m_5924bd2461b7415baa9211b5f1cb71b2","NutCommentCode.MultLineCommentCode"
"PvfCode\Controls\TextEditorFolder\ScriptCommentController.cs","49510","0xB8BECF7 ^ _003CModule_003E_007Be69553f9_002Deb39_002D49cd_002D9d77_002Da4ee304d94f7_007D.m_7b86004a82fb42ee97ea7d5e58574563.m_e066a82cd08141c08d4817f20a7d29f3","NutCommentCode.ClearLineCommentCode"
"PvfCode\Controls\TextEditorFolder\ScriptCommentController.cs","49584","0x25C0D427 ^ _003CModule_003E_007Be69553f9_002Deb39_002D49cd_002D9d77_002Da4ee304d94f7_007D.m_7b86004a82fb42ee97ea7d5e58574563.m_c8944dd9ca4b4079b8678bce0630ff7d","NutCommentCode.IsSelected"
"PvfCode\Controls\TextEditorFolder\ScriptCommentController.cs","49638","0x2D97E6E7 ^ _003CModule_003E_007Be69553f9_002Deb39_002D49cd_002D9d77_002Da4ee304d94f7_007D.m_7b86004a82fb42ee97ea7d5e58574563.m_59a7418b35384ddea3432ed6abd3f702","NutCommentCode.ClearCommentCode"
"PvfCode\Controls\TextEditorFolder\SearchPanel.cs","3572","0x6C4CE854 ^ _003CModule_003E_007Be69553f9_002Deb39_002D49cd_002D9d77_002Da4ee304d94f7_007D.m_7b86004a82fb42ee97ea7d5e58574563.m_c4ac9f35eb704455b489a780e86cf909","
"
"PvfCode\Controls\TextEditorFolder\SearchPanel.cs","3572","0x659E5369 ^ _003CModule_003E_007Be69553f9_002Deb39_002D49cd_002D9d77_002Da4ee304d94f7_007D.m_7b86004a82fb42ee97ea7d5e58574563.m_0cdaa8b4a2df45ea8b368477e0c569ba","
"
"PvfCode\Controls\TextEditorFolder\SearchPanel.cs","4504","0x2D973699 ^ _003CModule_003E_007Be69553f9_002Deb39_002D49cd_002D9d77_002Da4ee304d94f7_007D.m_7b86004a82fb42ee97ea7d5e58574563.m_59a7418b35384ddea3432ed6abd3f702","MaxWidthValue"
"PvfCode\Controls\TextEditorFolder\SearchPanel.cs","65040","1437138932 ^ 0x70681473 ^ _003CModule_003E_007Be69553f9_002Deb39_002D49cd_002D9d77_002Da4ee304d94f7_007D.m_7b86004a82fb42ee97ea7d5e58574563.m_c8944dd9ca4b4079b8678bce0630ff7d","findKeywordText"
"PvfCode\Controls\TextEditorFolder\SearchPanel.cs","65074","0x10180D61 ^ _003CModule_003E_007Be69553f9_002Deb39_002D49cd_002D9d77_002Da4ee304d94f7_007D.m_7b86004a82fb42ee97ea7d5e58574563.m_80f251012e8548e0baf3267defb3d706","/pvfUtility;V2026.1.22.2;component/controls/texteditorfolder/searchpanel.xaml"
"PvfCode\Controls\TextEditorFolder\TextEditExtensions.cs","9906","0x622FA410 ^ _003CModule_003E_007Be69553f9_002Deb39_002D49cd_002D9d77_002Da4ee304d94f7_007D.m_7b86004a82fb42ee97ea7d5e58574563.m_41a03ba455a9468b9050278ae77448e1","Comment"
"PvfCode\Controls\TextEditorFolder\TextEditExtensions.cs","9906","0x622FA410 ^ _003CModule_003E_007Be69553f9_002Deb39_002D49cd_002D9d77_002Da4ee304d94f7_007D.m_7b86004a82fb42ee97ea7d5e58574563.m_41a03ba455a9468b9050278ae77448e1","Comment"
"PvfCode\Controls\TextEditorFolder\TextEditorBase.cs","10580","0x46DA385D ^ _003CModule_003E_007Be69553f9_002Deb39_002D49cd_002D9d77_002Da4ee304d94f7_007D.m_7b86004a82fb42ee97ea7d5e58574563.m_34a93bd635aa4a0cb45ae24212f58e0f","stringtable.bin"
"PvfCode\Controls\TextEditorFolder\TextEditorBase.cs","38444","0x4D234B97 ^ _003CModule_003E_007Be69553f9_002Deb39_002D49cd_002D9d77_002Da4ee304d94f7_007D.m_7b86004a82fb42ee97ea7d5e58574563.m_5924bd2461b7415baa9211b5f1cb71b2","|"
"PvfCode\Controls\TextEditorFolder\TextEditorBase.cs","65232","0x5DBB0EC9 ^ _003CModule_003E_007Be69553f9_002Deb39_002D49cd_002D9d77_002Da4ee304d94f7_007D.m_7b86004a82fb42ee97ea7d5e58574563.m_4dccf8dd3beb468396324e307ead22cc","TextEditorBase.OffSetIsHiglig"
"PvfCode\Controls\TextEditorFolder\TextEditorBase.cs","65232","0x51F7C911 ^ _003CModule_003E_007Be69553f9_002Deb39_002D49cd_002D9d77_002Da4ee304d94f7_007D.m_7b86004a82fb42ee97ea7d5e58574563.m_c14a170a5a60490084306350f271c7f1","TextEditorBase.OffSetIsHiglig"
"PvfCode\Controls\TextEditorFolder\TextEditorBase.cs","65294","0x4BA04DCA ^ _003CModule_003E_007Be69553f9_002Deb39_002D49cd_002D9d77_002Da4ee304d94f7_007D.m_7b86004a82fb42ee97ea7d5e58574563.m_d6a39a5ddb584a4d998858fb4ceeb027","TextEditorBase.GetHigSection"
"PvfCode\Controls\TextEditorFolder\TextEditorBase.cs","65354","0x3855E73F ^ _003CModule_003E_007Be69553f9_002Deb39_002D49cd_002D9d77_002Da4ee304d94f7_007D.m_7b86004a82fb42ee97ea7d5e58574563.m_0273572c23d24952bbcc01600fea0084","TextEditorBase.GetHigSectionAndIndex"
"PvfCode\Controls\TextEditorFolder\TextEditorBase.cs","65430","0x2E4BEAED ^ _003CModule_003E_007Be69553f9_002Deb39_002D49cd_002D9d77_002Da4ee304d94f7_007D.m_7b86004a82fb42ee97ea7d5e58574563.m_3f6f6322abdc4634a39525b5eb1c92fd","TextEditorBase.GetHigSections"
"PvfCode\Controls\TextEditorFolder\TextEditorBase.cs","65492","0x19F99B15 ^ _003CModule_003E_007Be69553f9_002Deb39_002D49cd_002D9d77_002Da4ee304d94f7_007D.m_7b86004a82fb42ee97ea7d5e58574563.m_afceaa2a86c14a5c9cf1f8f0fdd0f590","TextEditorBase.GetHigSectionsByLineNumber"
"PvfCode\Controls\TextEditorFolder\TextEditorBase.cs","65578","0x51F637EB ^ _003CModule_003E_007Be69553f9_002Deb39_002D49cd_002D9d77_002Da4ee304d94f7_007D.m_7b86004a82fb42ee97ea7d5e58574563.m_c14a170a5a60490084306350f271c7f1","TextEditorBase.GetMouseOffset"
"PvfCode\Controls\TextEditorFolder\TextEditorBase.cs","65578","0x5FF3E98B ^ _003CModule_003E_007Be69553f9_002Deb39_002D49cd_002D9d77_002Da4ee304d94f7_007D.m_7b86004a82fb42ee97ea7d5e58574563.m_558c76f87bdc4d51a68101d12bccb609","TextEditorBase.GetMouseOffset"
"PvfCode\Controls\TextEditorFolder\TextEditorBase.cs","65640","1503723328 ^ 0x30AF1E0A ^ _003CModule_003E_007Be69553f9_002Deb39_002D49cd_002D9d77_002Da4ee304d94f7_007D.m_7b86004a82fb42ee97ea7d5e58574563.m_864fc4c2b93e4f099c2c07aa23d782f6","TextEditorBase.GetVisibleOffset"
"PvfCode\Controls\TextEditorFolder\TextEditorBase.cs","65706","0x1019F3F9 ^ _003CModule_003E_007Be69553f9_002Deb39_002D49cd_002D9d77_002Da4ee304d94f7_007D.m_7b86004a82fb42ee97ea7d5e58574563.m_80f251012e8548e0baf3267defb3d706","TextEdtiroBase.InitFoldings"
"PvfCode\Controls\TextEditorFolder\TextEditorBase.cs","65764","0x42E7F6F8 ^ _003CModule_003E_007Be69553f9_002Deb39_002D49cd_002D9d77_002Da4ee304d94f7_007D.m_7b86004a82fb42ee97ea7d5e58574563.m_bbd6700d16934fad8cc9f8d19544f21f","TextEditor.GetDocumentHighlighter"
"PvfCode\Controls\TextEditorFolder\TextEditorBase.cs","65834","0x3CA8BFF9 ^ _003CModule_003E_007Be69553f9_002Deb39_002D49cd_002D9d77_002Da4ee304d94f7_007D.m_7b86004a82fb42ee97ea7d5e58574563.m_c10a6115b19c4927ae8ffc79f8f16dfb","TextEditor.UnloadedFoldingTimer"
"PvfCode\Controls\TextEditorFolder\TextEditorBase.cs","65900","0x51F636AD ^ _003CModule_003E_007Be69553f9_002Deb39_002D49cd_002D9d77_002Da4ee304d94f7_007D.m_7b86004a82fb42ee97ea7d5e58574563.m_c14a170a5a60490084306350f271c7f1","滚动条改变事件：Bar_ScrollChanged"
"PvfCode\Controls\TextEditorFolder\TextEditorBase.cs","65954","0xC685D ^ _003CModule_003E_007Be69553f9_002Deb39_002D49cd_002D9d77_002Da4ee304d94f7_007D.m_7b86004a82fb42ee97ea7d5e58574563.m_ffc261d25c834aebbee1da6f61154719","TextEditor.Dispose2"
"PvfCode\Controls\TextEditorFolder\TextEditorBase.cs","65996","0x7A7FFC70 ^ _003CModule_003E_007Be69553f9_002Deb39_002D49cd_002D9d77_002Da4ee304d94f7_007D.m_7b86004a82fb42ee97ea7d5e58574563.m_22c98bd810e84970b541501ace0b424a","/pvfUtility;V2026.1.22.2;component/controls/texteditorfolder/texteditorbase.xaml"
"PvfCode\Controls\TextEditorFolder\TextEditorBase.cs","66160","0x690FE352 ^ _003CModule_003E_007Be69553f9_002Deb39_002D49cd_002D9d77_002Da4ee304d94f7_007D.m_7b86004a82fb42ee97ea7d5e58574563.m_864fc4c2b93e4f099c2c07aa23d782f6","TextIsChanged"
"PvfCode\Controls\TextEditorFolder\TextEditorBase.cs","66190","0x65E7FCED ^ _003CModule_003E_007Be69553f9_002Deb39_002D49cd_002D9d77_002Da4ee304d94f7_007D.m_7b86004a82fb42ee97ea7d5e58574563.m_0a3e5af7839d43a19884f927a9769d0e","AllowCompletion"
"PvfCode\Controls\TextEditorFolder\TextEditorBase.cs","66224","0x19F86671 ^ _003CModule_003E_007Be69553f9_002Deb39_002D49cd_002D9d77_002Da4ee304d94f7_007D.m_7b86004a82fb42ee97ea7d5e58574563.m_afceaa2a86c14a5c9cf1f8f0fdd0f590","AllowFolding"
"PvfCode\Controls\TextEditorFolder\TextEditorBase.cs","66252","0x704F39E3 ^ _003CModule_003E_007Be69553f9_002Deb39_002D49cd_002D9d77_002Da4ee304d94f7_007D.m_7b86004a82fb42ee97ea7d5e58574563.m_c4f70e4f04fd48b4b9edaf9a9b8fdeae","FocusCaretLine"
"PvfCode\Controls\TextEditorFolder\TextEditorBase.cs","66284","0x35080BF5 ^ _003CModule_003E_007Be69553f9_002Deb39_002D49cd_002D9d77_002Da4ee304d94f7_007D.m_7b86004a82fb42ee97ea7d5e58574563.m_c3720eb655124e6e81b317ef170605cd","VerticalOffsetEx"
"PvfCode\Controls\TextEditorFolder\TextEditorBase.cs","66320","0x41EC78E2 ^ _003CModule_003E_007Be69553f9_002Deb39_002D49cd_002D9d77_002Da4ee304d94f7_007D.m_7b86004a82fb42ee97ea7d5e58574563.m_ba7ada5c647b4fc094df6608a5b444bd","MaxNumEx"
"PvfCode\Controls\TextEditorFolder\TextEditorBase.cs","66340","0x662CC214 ^ _003CModule_003E_007Be69553f9_002Deb39_002D49cd_002D9d77_002Da4ee304d94f7_007D.m_7b86004a82fb42ee97ea7d5e58574563.m_1e27397300b24ef4ba98a645a53798c2","ViewportSizeEx"
"PvfCode\Controls\TextEditorFolder\TextEditorBase.cs","66372","0x21869AEA ^ _003CModule_003E_007Be69553f9_002Deb39_002D49cd_002D9d77_002Da4ee304d94f7_007D.m_7b86004a82fb42ee97ea7d5e58574563.m_a6871abdbd314ec9bd2de23164bed82c","ScrollViewer"
"PvfCode\Controls\TextEditorFolder\TextEditorBase.cs","66400","0x41652CC ^ _003CModule_003E_007Be69553f9_002Deb39_002D49cd_002D9d77_002Da4ee304d94f7_007D.m_7b86004a82fb42ee97ea7d5e58574563.m_8fd2865c456d4936bd87c4a63c3e7ba1","IsActive"
"PvfCode\Controls\TextEditorFolder\TextEditorBase.cs","66420","0x2B2FBD02 ^ _003CModule_003E_007Be69553f9_002Deb39_002D49cd_002D9d77_002Da4ee304d94f7_007D.m_7b86004a82fb42ee97ea7d5e58574563.m_5b1a4905efa74bdd971c79e2845c55df","FileType"
"PvfCode\Controls\TextEditorFolder\TextEditorBase.cs","66440","0x690FE2AA ^ _003CModule_003E_007Be69553f9_002Deb39_002D49cd_002D9d77_002Da4ee304d94f7_007D.m_7b86004a82fb42ee97ea7d5e58574563.m_864fc4c2b93e4f099c2c07aa23d782f6","PvfFile"
"PvfCode\Controls\TextEditorFolder\TextEditorBase.cs","85338","0x3854552F ^ _003CModule_003E_007Be69553f9_002Deb39_002D49cd_002D9d77_002Da4ee304d94f7_007D.m_7b86004a82fb42ee97ea7d5e58574563.m_0273572c23d24952bbcc01600fea0084","折叠定时任务 ErrId:"
"PvfCode\Controls\TextEditorFolder\TextEditorBase.cs","85368","0x42E7BB64 ^ _003CModule_003E_007Be69553f9_002Deb39_002D49cd_002D9d77_002Da4ee304d94f7_007D.m_7b86004a82fb42ee97ea7d5e58574563.m_bbd6700d16934fad8cc9f8d19544f21f","TextEditorBase.TextEditorBase_Loaded"
"PvfCode\Controls\TextEditorFolder\TextEditorBase.cs","85444","0x2E4A58BF ^ _003CModule_003E_007Be69553f9_002Deb39_002D49cd_002D9d77_002Da4ee304d94f7_007D.m_7b86004a82fb42ee97ea7d5e58574563.m_3f6f6322abdc4634a39525b5eb1c92fd","更新折叠策略"
"PvfCode\Controls\TextEditorFolder\TextEditorPreview.cs","4504","0x7C0F0F7A ^ _003CModule_003E_007Be69553f9_002Deb39_002D49cd_002D9d77_002Da4ee304d94f7_007D.m_7b86004a82fb42ee97ea7d5e58574563.m_2bc1918cd21d40e9b73926d6c2cbc512","MaxWidthValue"
"PvfCode\Controls\TextEditorFolder\TextEditorPreview.cs","4534","0x659E4F2B ^ _003CModule_003E_007Be69553f9_002Deb39_002D49cd_002D9d77_002Da4ee304d94f7_007D.m_7b86004a82fb42ee97ea7d5e58574563.m_0cdaa8b4a2df45ea8b368477e0c569ba","MaxHeightValue"
"PvfCode\Controls\TextEditorFolder\TextEditorPreview.cs","66458","0x690FE2B8 ^ _003CModule_003E_007Be69553f9_002Deb39_002D49cd_002D9d77_002Da4ee304d94f7_007D.m_7b86004a82fb42ee97ea7d5e58574563.m_864fc4c2b93e4f099c2c07aa23d782f6","/pvfUtility;V2026.1.22.2;component/controls/texteditorfolder/texteditorpreview.xaml"
"PvfCode\Controls\TextEditorFolder\WindowGotoLine.cs","66628","0xF03AC54 ^ _003CModule_003E_007Be69553f9_002Deb39_002D49cd_002D9d77_002Da4ee304d94f7_007D.m_7b86004a82fb42ee97ea7d5e58574563.m_e5d5198bec9744b280b22d7dede4d8ad","/pvfUtility;V2026.1.22.2;component/controls/texteditorfolder/windowgotoline.xaml"
"PvfCode\Controls\TextEditorFolder\WindowGotoLine.cs","66792","0x5FF3ED49 ^ _003CModule_003E_007Be69553f9_002Deb39_002D49cd_002D9d77_002Da4ee304d94f7_007D.m_7b86004a82fb42ee97ea7d5e58574563.m_558c76f87bdc4d51a68101d12bccb609","Offset"
"PvfCode\Controls\VisualCodeEditors\VsCodeEditor.cs","3572","0x1B5E99C2 ^ _003CModule_003E_007Be69553f9_002Deb39_002D49cd_002D9d77_002Da4ee304d94f7_007D.m_7b86004a82fb42ee97ea7d5e58574563.m_995dc3f7a3024d82ba87d77f60d35fca","
"
"PvfCode\Controls\VisualCodeEditors\VsCodeEditor.cs","3572","-1499773451 ^ -411683853 ^ _003CModule_003E_007Be69553f9_002Deb39_002D49cd_002D9d77_002Da4ee304d94f7_007D.m_7b86004a82fb42ee97ea7d5e58574563.m_ba7ada5c647b4fc094df6608a5b444bd","
"
"PvfCode\Controls\VisualCodeEditors\VsCodeEditor.cs","3572","0x4175C58 ^ _003CModule_003E_007Be69553f9_002Deb39_002D49cd_002D9d77_002Da4ee304d94f7_007D.m_7b86004a82fb42ee97ea7d5e58574563.m_8fd2865c456d4936bd87c4a63c3e7ba1","
"
"PvfCode\Controls\VisualCodeEditors\VsCodeEditor.cs","3572","0x527AAB26 ^ _003CModule_003E_007Be69553f9_002Deb39_002D49cd_002D9d77_002Da4ee304d94f7_007D.m_7b86004a82fb42ee97ea7d5e58574563.m_cb81f441a98e4bd493b61df435bbdbdb","
"
"PvfCode\Controls\VisualCodeEditors\VsCodeEditor.cs","3580","0x51F1D830 ^ _003CModule_003E_007Be69553f9_002Deb39_002D49cd_002D9d77_002Da4ee304d94f7_007D.m_7b86004a82fb42ee97ea7d5e58574563.m_e9daf7d92d7e4446976bda811e90502a","	"
"PvfCode\Controls\VisualCodeEditors\VsCodeEditor.cs","3580","0x30651BF6 ^ _003CModule_003E_007Be69553f9_002Deb39_002D49cd_002D9d77_002Da4ee304d94f7_007D.m_7b86004a82fb42ee97ea7d5e58574563.m_add69167a2c54fe0bb2e5f0af2545839","	"
"PvfCode\Controls\VisualCodeEditors\VsCodeEditor.cs","9756","0x7A7EDBA0 ^ _003CModule_003E_007Be69553f9_002Deb39_002D49cd_002D9d77_002Da4ee304d94f7_007D.m_7b86004a82fb42ee97ea7d5e58574563.m_22c98bd810e84970b541501ace0b424a",")"
"PvfCode\Controls\VisualCodeEditors\VsCodeEditor.cs","9756","0x1018D54F ^ _003CModule_003E_007Be69553f9_002Deb39_002D49cd_002D9d77_002Da4ee304d94f7_007D.m_7b86004a82fb42ee97ea7d5e58574563.m_80f251012e8548e0baf3267defb3d706",")"
"PvfCode\Controls\VisualCodeEditors\VsCodeEditor.cs","29286","0x42E6847A ^ _003CModule_003E_007Be69553f9_002Deb39_002D49cd_002D9d77_002Da4ee304d94f7_007D.m_7b86004a82fb42ee97ea7d5e58574563.m_bbd6700d16934fad8cc9f8d19544f21f","\r\n"
"PvfCode\Controls\VisualCodeEditors\VsCodeEditor.cs","29286","0x93373D1 ^ _003CModule_003E_007Be69553f9_002Deb39_002D49cd_002D9d77_002Da4ee304d94f7_007D.m_7b86004a82fb42ee97ea7d5e58574563.m_a47e9e4bf3624e7291689f8fb4b10989","\r\n"
"PvfCode\Controls\VisualCodeEditors\VsCodeEditor.cs","29298","0x4C16E066 ^ _003CModule_003E_007Be69553f9_002Deb39_002D49cd_002D9d77_002Da4ee304d94f7_007D.m_7b86004a82fb42ee97ea7d5e58574563.m_d7eae1243bb84fa8b3e43c67ebe44716","\t"
"PvfCode\Controls\VisualCodeEditors\VsCodeEditor.cs","29298","0x42E6846E ^ _003CModule_003E_007Be69553f9_002Deb39_002D49cd_002D9d77_002Da4ee304d94f7_007D.m_7b86004a82fb42ee97ea7d5e58574563.m_bbd6700d16934fad8cc9f8d19544f21f","\t"
"PvfCode\Controls\VisualCodeEditors\VsCodeEditor.cs","43572","0x47B9B7D1 ^ _003CModule_003E_007Be69553f9_002Deb39_002D49cd_002D9d77_002Da4ee304d94f7_007D.m_7b86004a82fb42ee97ea7d5e58574563.m_0bd286ac068745bfb29b92d10b515130",""""
"PvfCode\Controls\VisualCodeEditors\VsCodeEditor.cs","43572","0x1B5E3E02 ^ _003CModule_003E_007Be69553f9_002Deb39_002D49cd_002D9d77_002Da4ee304d94f7_007D.m_7b86004a82fb42ee97ea7d5e58574563.m_995dc3f7a3024d82ba87d77f60d35fca",""""
"PvfCode\Controls\VisualCodeEditors\VsCodeEditor.cs","43572","0x11B9B518 ^ _003CModule_003E_007Be69553f9_002Deb39_002D49cd_002D9d77_002Da4ee304d94f7_007D.m_7b86004a82fb42ee97ea7d5e58574563.m_39a59c8c3fda4dbdaaf2213c010b00a8",""""
"PvfCode\Controls\VisualCodeEditors\VsCodeEditor.cs","43572","0x4C163820 ^ _003CModule_003E_007Be69553f9_002Deb39_002D49cd_002D9d77_002Da4ee304d94f7_007D.m_7b86004a82fb42ee97ea7d5e58574563.m_d7eae1243bb84fa8b3e43c67ebe44716",""""
"PvfCode\Controls\VisualCodeEditors\VsCodeEditor.cs","63904","1427621874 ^ 0x1EB78C96 ^ _003CModule_003E_007Be69553f9_002Deb39_002D49cd_002D9d77_002Da4ee304d94f7_007D.m_7b86004a82fb42ee97ea7d5e58574563.m_d6a39a5ddb584a4d998858fb4ceeb027","http://api.pvfcode.cn/PvfCodeEditor/PvfUtilityNewDiffEditor"
"PvfCode\Controls\VisualCodeEditors\VsCodeEditor.cs","64026","0x70D127BE ^ _003CModule_003E_007Be69553f9_002Deb39_002D49cd_002D9d77_002Da4ee304d94f7_007D.m_7b86004a82fb42ee97ea7d5e58574563.m_541fbf15174a41ce952b7916fd6276fe","MonacoEditorRightContextMenu"
"PvfCode\Controls\VisualCodeEditors\VsCodeEditor.cs","64086","0x47B9E7B3 ^ _003CModule_003E_007Be69553f9_002Deb39_002D49cd_002D9d77_002Da4ee304d94f7_007D.m_7b86004a82fb42ee97ea7d5e58574563.m_0bd286ac068745bfb29b92d10b515130","/pvfUtility;V2026.1.22.2;component/controls/visualcodeeditors/vscodeeditor.xaml"
"PvfCode\Controls\VisualCodeEditors\VsCodeEditor.cs","64248","0x201BF20 ^ _003CModule_003E_007Be69553f9_002Deb39_002D49cd_002D9d77_002Da4ee304d94f7_007D.m_7b86004a82fb42ee97ea7d5e58574563.m_582a7f02cd3044949cbbc8d81e970cdb","EditorLanguage"
"PvfCode\Controls\VisualCodeEditors\VsCodeEditor.cs","64280","0x51F7CCD9 ^ _003CModule_003E_007Be69553f9_002Deb39_002D49cd_002D9d77_002Da4ee304d94f7_007D.m_7b86004a82fb42ee97ea7d5e58574563.m_c14a170a5a60490084306350f271c7f1","PvfCodeTheme"
"PvfCode\Controls\VisualCodeEditors\VsCodeEditor.cs","80892","0x3CA8852F ^ _003CModule_003E_007Be69553f9_002Deb39_002D49cd_002D9d77_002Da4ee304d94f7_007D.m_7b86004a82fb42ee97ea7d5e58574563.m_c10a6115b19c4927ae8ffc79f8f16dfb","SetTheme("""
"PvfCode\Controls\VisualCodeEditors\VsCodeEditor.cs","80916","0x659F6289 ^ _003CModule_003E_007Be69553f9_002Deb39_002D49cd_002D9d77_002Da4ee304d94f7_007D.m_7b86004a82fb42ee97ea7d5e58574563.m_0cdaa8b4a2df45ea8b368477e0c569ba",""")"
"PvfCode\Controls\VisualCodeEditors\VsCodeEditor.cs","84966","0x11B854CA ^ _003CModule_003E_007Be69553f9_002Deb39_002D49cd_002D9d77_002Da4ee304d94f7_007D.m_7b86004a82fb42ee97ea7d5e58574563.m_39a59c8c3fda4dbdaaf2213c010b00a8","asdfsdf"
"PvfCode\Controls\VisualCodeEditors\VsCodeEditor.cs","84966","0x9324A51 ^ _003CModule_003E_007Be69553f9_002Deb39_002D49cd_002D9d77_002Da4ee304d94f7_007D.m_7b86004a82fb42ee97ea7d5e58574563.m_a47e9e4bf3624e7291689f8fb4b10989","asdfsdf"
"PvfCode\Controls\VisualCodeEditors\VsCodeEditor.cs","84984","0x25C15E6F ^ _003CModule_003E_007Be69553f9_002Deb39_002D49cd_002D9d77_002Da4ee304d94f7_007D.m_7b86004a82fb42ee97ea7d5e58574563.m_c8944dd9ca4b4079b8678bce0630ff7d","GetLeftDocumentText()"
"PvfCode\Controls\VisualCodeEditors\VsCodeEditor.cs","85030","0x662C8D16 ^ _003CModule_003E_007Be69553f9_002Deb39_002D49cd_002D9d77_002Da4ee304d94f7_007D.m_7b86004a82fb42ee97ea7d5e58574563.m_1e27397300b24ef4ba98a645a53798c2","\r\n\r\n"
"PvfCode\Controls\VisualCodeEditors\VsCodeEditor.cs","85030","0x2B2FF250 ^ _003CModule_003E_007Be69553f9_002Deb39_002D49cd_002D9d77_002Da4ee304d94f7_007D.m_7b86004a82fb42ee97ea7d5e58574563.m_5b1a4905efa74bdd971c79e2845c55df","\r\n\r\n"
"PvfCode\Controls\VisualCodeEditors\VsCodeEditor.cs","85050","0x25C159AD ^ _003CModule_003E_007Be69553f9_002Deb39_002D49cd_002D9d77_002Da4ee304d94f7_007D.m_7b86004a82fb42ee97ea7d5e58574563.m_c8944dd9ca4b4079b8678bce0630ff7d","GetRightDocumentText()"
"PvfCode\Controls\VisualCodeEditors\VsCodeEditor.cs","85098","0x4E1866F3 ^ _003CModule_003E_007Be69553f9_002Deb39_002D49cd_002D9d77_002Da4ee304d94f7_007D.m_7b86004a82fb42ee97ea7d5e58574563.m_24a7cb1bd49e4021b5d8fa5493d816ca","window.chrome.webview.postMessage(editor.getValue())"
"PvfCode\Controls\VisualCodeEditors\VsCodeEditor.cs","85206","0x65E7B2B5 ^ _003CModule_003E_007Be69553f9_002Deb39_002D49cd_002D9d77_002Da4ee304d94f7_007D.m_7b86004a82fb42ee97ea7d5e58574563.m_0a3e5af7839d43a19884f927a9769d0e","GoToNextDiffLine()"
"PvfCode\Controls\VisualCodeEditors\VsCodeEditor.cs","85246","0x11B853D2 ^ _003CModule_003E_007Be69553f9_002Deb39_002D49cd_002D9d77_002Da4ee304d94f7_007D.m_7b86004a82fb42ee97ea7d5e58574563.m_39a59c8c3fda4dbdaaf2213c010b00a8",""","""
"PvfCode\Controls\VisualCodeEditors\VsCodeEditor.cs","85246","0x622ECE5C ^ _003CModule_003E_007Be69553f9_002Deb39_002D49cd_002D9d77_002Da4ee304d94f7_007D.m_7b86004a82fb42ee97ea7d5e58574563.m_41a03ba455a9468b9050278ae77448e1",""","""
"PvfCode\Controls\VisualCodeEditors\VsCodeEditor.cs","85256","0x13FD0A62 ^ _003CModule_003E_007Be69553f9_002Deb39_002D49cd_002D9d77_002Da4ee304d94f7_007D.m_7b86004a82fb42ee97ea7d5e58574563.m_a7cc82b779404332a260d01290ecb801","SetLeftEditorText("
"PvfCode\Controls\VisualCodeEditors\VsCodeEditor.cs","85296","0x704F761F ^ _003CModule_003E_007Be69553f9_002Deb39_002D49cd_002D9d77_002Da4ee304d94f7_007D.m_7b86004a82fb42ee97ea7d5e58574563.m_c4f70e4f04fd48b4b9edaf9a9b8fdeae","SetRightEditorText("
"PvfCode\Converts\Batch\ConverterBatchSourceComboxItem.cs","62988","0x201B3D4 ^ _003CModule_003E_007Be69553f9_002Deb39_002D49cd_002D9d77_002Da4ee304d94f7_007D.m_7b86004a82fb42ee97ea7d5e58574563.m_582a7f02cd3044949cbbc8d81e970cdb","BatchOperationView_Source_AllFiles"
"PvfCode\Converts\Batch\ConverterBatchSourceComboxItem.cs","62988","0x19F992CD ^ _003CModule_003E_007Be69553f9_002Deb39_002D49cd_002D9d77_002Da4ee304d94f7_007D.m_7b86004a82fb42ee97ea7d5e58574563.m_afceaa2a86c14a5c9cf1f8f0fdd0f590","BatchOperationView_Source_AllFiles"
"PvfCode\Converts\Batch\ConverterBatchSourceComboxItem.cs","63060","0x21876FFA ^ _003CModule_003E_007Be69553f9_002Deb39_002D49cd_002D9d77_002Da4ee304d94f7_007D.m_7b86004a82fb42ee97ea7d5e58574563.m_a6871abdbd314ec9bd2de23164bed82c","BatchOperationView_Source_SelectedFiles"
"PvfCode\Converts\Batch\ConverterBatchSourceComboxItem.cs","63060","0x13FCB13E ^ _003CModule_003E_007Be69553f9_002Deb39_002D49cd_002D9d77_002Da4ee304d94f7_007D.m_7b86004a82fb42ee97ea7d5e58574563.m_a7cc82b779404332a260d01290ecb801","BatchOperationView_Source_SelectedFiles"
"PvfCode\Converts\ConverterUrlToImageSource.cs","34752","0x417D66C ^ _003CModule_003E_007Be69553f9_002Deb39_002D49cd_002D9d77_002Da4ee304d94f7_007D.m_7b86004a82fb42ee97ea7d5e58574563.m_8fd2865c456d4936bd87c4a63c3e7ba1","http://"
"PvfCode\Converts\ConverterUrlToImageSource.cs","34770","0x704EBCFD ^ _003CModule_003E_007Be69553f9_002Deb39_002D49cd_002D9d77_002Da4ee304d94f7_007D.m_7b86004a82fb42ee97ea7d5e58574563.m_c4f70e4f04fd48b4b9edaf9a9b8fdeae","https://"
"PvfCode\Converts\GMTool\ConverterAmplify_optionStyle.cs","61692","0x659EAE61 ^ _003CModule_003E_007Be69553f9_002Deb39_002D49cd_002D9d77_002Da4ee304d94f7_007D.m_7b86004a82fb42ee97ea7d5e58574563.m_0cdaa8b4a2df45ea8b368477e0c569ba","无红字"
"PvfCode\Converts\GMTool\ConverterAmplify_optionStyle.cs","61702","0x5FF218A7 ^ _003CModule_003E_007Be69553f9_002Deb39_002D49cd_002D9d77_002Da4ee304d94f7_007D.m_7b86004a82fb42ee97ea7d5e58574563.m_558c76f87bdc4d51a68101d12bccb609","体力"
"PvfCode\Converts\GMTool\ConverterAmplify_optionStyle.cs","61710","0x4BA043CA ^ _003CModule_003E_007Be69553f9_002Deb39_002D49cd_002D9d77_002Da4ee304d94f7_007D.m_7b86004a82fb42ee97ea7d5e58574563.m_d6a39a5ddb584a4d998858fb4ceeb027","精神"
"PvfCode\Converts\GMTool\ConverterAmplify_optionStyle.cs","61718","0x47B9ECF3 ^ _003CModule_003E_007Be69553f9_002Deb39_002D49cd_002D9d77_002Da4ee304d94f7_007D.m_7b86004a82fb42ee97ea7d5e58574563.m_0bd286ac068745bfb29b92d10b515130","力量"
"PvfCode\Converts\GMTool\ConverterAmplify_optionStyle.cs","61726","0xB8BDC8F ^ _003CModule_003E_007Be69553f9_002Deb39_002D49cd_002D9d77_002Da4ee304d94f7_007D.m_7b86004a82fb42ee97ea7d5e58574563.m_e066a82cd08141c08d4817f20a7d29f3","智力"
"PvfCode\Converts\GMTool\ConverterAmplify_optionStyle.cs","61734","-1499773451 ^ -1533349621 ^ _003CModule_003E_007Be69553f9_002Deb39_002D49cd_002D9d77_002Da4ee304d94f7_007D.m_7b86004a82fb42ee97ea7d5e58574563.m_582a7f02cd3044949cbbc8d81e970cdb","Amplify_option_Type_Normal"
"PvfCode\Converts\GMTool\ConverterAmplify_optionStyle.cs","61790","0xB1DD7E6 ^ _003CModule_003E_007Be69553f9_002Deb39_002D49cd_002D9d77_002Da4ee304d94f7_007D.m_7b86004a82fb42ee97ea7d5e58574563.m_df89dfc2a96347ad9471b517744dea02","Amplify_option_Type_Fatigue"
"PvfCode\Converts\GMTool\ConverterAmplify_optionStyle.cs","61848","0x7C0FEF7A ^ _003CModule_003E_007Be69553f9_002Deb39_002D49cd_002D9d77_002Da4ee304d94f7_007D.m_7b86004a82fb42ee97ea7d5e58574563.m_2bc1918cd21d40e9b73926d6c2cbc512","Amplify_option_Type_Spirit"
"PvfCode\Converts\GMTool\ConverterAmplify_optionStyle.cs","61904","0x2E4BE4AB ^ _003CModule_003E_007Be69553f9_002Deb39_002D49cd_002D9d77_002Da4ee304d94f7_007D.m_7b86004a82fb42ee97ea7d5e58574563.m_3f6f6322abdc4634a39525b5eb1c92fd","Amplify_option_Type_Strength"
"PvfCode\Converts\GMTool\ConverterAmplify_optionStyle.cs","61964","0x3D9B2215 ^ _003CModule_003E_007Be69553f9_002Deb39_002D49cd_002D9d77_002Da4ee304d94f7_007D.m_7b86004a82fb42ee97ea7d5e58574563.m_825859c4ee504b91a6a1d6e7fabf4f01","Amplify_option_Type_Intelligence"
"PvfCode\Converts\GMTool\ConverterPostalType.cs","62032","0x636CF05A ^ _003CModule_003E_007Be69553f9_002Deb39_002D49cd_002D9d77_002Da4ee304d94f7_007D.m_7b86004a82fb42ee97ea7d5e58574563.m_972142dcef4a4cfba572768c2212069f","普通邮件"
"PvfCode\Converts\GMTool\ConverterPostalType.cs","62044","0x70CC8FA0 ^ _003CModule_003E_007Be69553f9_002Deb39_002D49cd_002D9d77_002Da4ee304d94f7_007D.m_7b86004a82fb42ee97ea7d5e58574563.m_ee8424bd48bb442e9a823a15df5a62b4","时装邮件"
"PvfCode\Converts\GMTool\ConverterPostalType.cs","62056","0x11B9ED44 ^ _003CModule_003E_007Be69553f9_002Deb39_002D49cd_002D9d77_002Da4ee304d94f7_007D.m_7b86004a82fb42ee97ea7d5e58574563.m_39a59c8c3fda4dbdaaf2213c010b00a8","宠物"
"PvfCode\Converts\GMTool\ConverterPostalType.cs","62064","0x51F7C5B1 ^ _003CModule_003E_007Be69553f9_002Deb39_002D49cd_002D9d77_002Da4ee304d94f7_007D.m_7b86004a82fb42ee97ea7d5e58574563.m_c14a170a5a60490084306350f271c7f1","点券"
"PvfCode\Converts\GMTool\ConverterPostalType.cs","62072","0x5D5FB5C7 ^ _003CModule_003E_007Be69553f9_002Deb39_002D49cd_002D9d77_002Da4ee304d94f7_007D.m_7b86004a82fb42ee97ea7d5e58574563.m_a471290541044d3bb697860b55cc6bc1","金币"
"PvfCode\Converts\GMTool\ConverterPostalType.cs","62080","0x70CC8F7C ^ _003CModule_003E_007Be69553f9_002Deb39_002D49cd_002D9d77_002Da4ee304d94f7_007D.m_7b86004a82fb42ee97ea7d5e58574563.m_ee8424bd48bb442e9a823a15df5a62b4","宠物蛋"
"PvfCode\Converts\GMTool\ConverterPostalType.cs","62090","0x70D12F2E ^ _003CModule_003E_007Be69553f9_002Deb39_002D49cd_002D9d77_002Da4ee304d94f7_007D.m_7b86004a82fb42ee97ea7d5e58574563.m_541fbf15174a41ce952b7916fd6276fe","代币券"
"PvfCode\Converts\GMTool\ConverterPostalType.cs","62100","0x5DBB028D ^ _003CModule_003E_007Be69553f9_002Deb39_002D49cd_002D9d77_002Da4ee304d94f7_007D.m_7b86004a82fb42ee97ea7d5e58574563.m_4dccf8dd3beb468396324e307ead22cc","PostalType_Normal"
"PvfCode\Converts\GMTool\ConverterPostalType.cs","62138","0xD9B45 ^ _003CModule_003E_007Be69553f9_002Deb39_002D49cd_002D9d77_002Da4ee304d94f7_007D.m_7b86004a82fb42ee97ea7d5e58574563.m_ffc261d25c834aebbee1da6f61154719","PostalType_Fashion"
"PvfCode\Converts\GMTool\ConverterPostalType.cs","62178","0x70CC8F1E ^ _003CModule_003E_007Be69553f9_002Deb39_002D49cd_002D9d77_002Da4ee304d94f7_007D.m_7b86004a82fb42ee97ea7d5e58574563.m_ee8424bd48bb442e9a823a15df5a62b4","PostalType_Pet"
"PvfCode\Converts\GMTool\ConverterPostalType.cs","62210","0xB1DD5BA ^ _003CModule_003E_007Be69553f9_002Deb39_002D49cd_002D9d77_002Da4ee304d94f7_007D.m_7b86004a82fb42ee97ea7d5e58574563.m_df89dfc2a96347ad9471b517744dea02","PostalType_PetEgg"
"PvfCode\Converts\GMTool\ConverterPostalType.cs","62248","0x933F29F ^ _003CModule_003E_007Be69553f9_002Deb39_002D49cd_002D9d77_002Da4ee304d94f7_007D.m_7b86004a82fb42ee97ea7d5e58574563.m_a47e9e4bf3624e7291689f8fb4b10989","PostalType_Cera"
"PvfCode\Converts\GMTool\ConverterPostalType.cs","62282","0x51F7C48B ^ _003CModule_003E_007Be69553f9_002Deb39_002D49cd_002D9d77_002Da4ee304d94f7_007D.m_7b86004a82fb42ee97ea7d5e58574563.m_c14a170a5a60490084306350f271c7f1","PostalType_CeraPoint"
"PvfCode\Converts\GMTool\ConverterPostalType.cs","62326","0x662D3246 ^ _003CModule_003E_007Be69553f9_002Deb39_002D49cd_002D9d77_002Da4ee304d94f7_007D.m_7b86004a82fb42ee97ea7d5e58574563.m_1e27397300b24ef4ba98a645a53798c2","PostalType_Gold"
"PvfCode\Converts\GMTool\ConverterTopUpType.cs","62360","0xF025B88 ^ _003CModule_003E_007Be69553f9_002Deb39_002D49cd_002D9d77_002Da4ee304d94f7_007D.m_7b86004a82fb42ee97ea7d5e58574563.m_e5d5198bec9744b280b22d7dede4d8ad","语言包内未找到"
"PvfCode\Converts\GMTool\ConverterTopUpType.cs","62378","0x704EC885 ^ _003CModule_003E_007Be69553f9_002Deb39_002D49cd_002D9d77_002Da4ee304d94f7_007D.m_7b86004a82fb42ee97ea7d5e58574563.m_c4f70e4f04fd48b4b9edaf9a9b8fdeae","RechargeOption_Type_cash_cera"
"PvfCode\Converts\GMTool\ConverterTopUpType.cs","62440","0x7A7E0E54 ^ _003CModule_003E_007Be69553f9_002Deb39_002D49cd_002D9d77_002Da4ee304d94f7_007D.m_7b86004a82fb42ee97ea7d5e58574563.m_22c98bd810e84970b541501ace0b424a","RechargeOption_Type_cash_cera_point"
"PvfCode\Converts\GMTool\ConverterTopUpType.cs","62514","0x527A52E0 ^ _003CModule_003E_007Be69553f9_002Deb39_002D49cd_002D9d77_002Da4ee304d94f7_007D.m_7b86004a82fb42ee97ea7d5e58574563.m_cb81f441a98e4bd493b61df435bbdbdb","RechargeOption_Type_SP"
"PvfCode\Converts\GMTool\ConverterTopUpType.cs","62562","0x3509FD7B ^ _003CModule_003E_007Be69553f9_002Deb39_002D49cd_002D9d77_002Da4ee304d94f7_007D.m_7b86004a82fb42ee97ea7d5e58574563.m_c3720eb655124e6e81b317ef170605cd","RechargeOption_Type_tp"
"PvfCode\Converts\GMTool\ConverterTopUpType.cs","62610","-1863606693 ^ -183659350 ^ _003CModule_003E_007Be69553f9_002Deb39_002D49cd_002D9d77_002Da4ee304d94f7_007D.m_7b86004a82fb42ee97ea7d5e58574563.m_0a3e5af7839d43a19884f927a9769d0e","RechargeOption_Type_qp"
"PvfCode\Converts\GMTool\ConverterTopUpType.cs","62658","-1904881294 ^ -544935812 ^ _003CModule_003E_007Be69553f9_002Deb39_002D49cd_002D9d77_002Da4ee304d94f7_007D.m_7b86004a82fb42ee97ea7d5e58574563.m_e9daf7d92d7e4446976bda811e90502a","RechargeOption_Type_duel"
"PvfCode\Converts\GMTool\ConverterTopUpType.cs","62710","0x690E15D4 ^ _003CModule_003E_007Be69553f9_002Deb39_002D49cd_002D9d77_002Da4ee304d94f7_007D.m_7b86004a82fb42ee97ea7d5e58574563.m_864fc4c2b93e4f099c2c07aa23d782f6","RechargeOption_Type_fatigue"
"PvfCode\Converts\GMTool\ConverterTopUpType.cs","62768","0xB1DD388 ^ _003CModule_003E_007Be69553f9_002Deb39_002D49cd_002D9d77_002Da4ee304d94f7_007D.m_7b86004a82fb42ee97ea7d5e58574563.m_df89dfc2a96347ad9471b517744dea02","RechargeOption_Type_Type_win"
"PvfCode\Converts\GMTool\ConverterTopUpType.cs","62828","0x41ED8E9E ^ _003CModule_003E_007Be69553f9_002Deb39_002D49cd_002D9d77_002Da4ee304d94f7_007D.m_7b86004a82fb42ee97ea7d5e58574563.m_ba7ada5c647b4fc094df6608a5b444bd","RechargeOption_Type_lose"
"PvfCode\Converts\GMTool\ConverterTopUpValueType.cs","62360","0x42E60584 ^ _003CModule_003E_007Be69553f9_002Deb39_002D49cd_002D9d77_002Da4ee304d94f7_007D.m_7b86004a82fb42ee97ea7d5e58574563.m_bbd6700d16934fad8cc9f8d19544f21f","语言包内未找到"
"PvfCode\Converts\GMTool\ConverterTopUpValueType.cs","62880","0xD9C5F ^ _003CModule_003E_007Be69553f9_002Deb39_002D49cd_002D9d77_002Da4ee304d94f7_007D.m_7b86004a82fb42ee97ea7d5e58574563.m_ffc261d25c834aebbee1da6f61154719","RechargeOption_ValueType1"
"PvfCode\Converts\GMTool\ConverterTopUpValueType.cs","62934","0x10180685 ^ _003CModule_003E_007Be69553f9_002Deb39_002D49cd_002D9d77_002Da4ee304d94f7_007D.m_7b86004a82fb42ee97ea7d5e58574563.m_80f251012e8548e0baf3267defb3d706","RechargeOption_ValueType2"
"PvfCode\Converts\independent_drop\Converter_independent_drop_DropInfoPanelVisibility.cs","61502","0x3065E634 ^ _003CModule_003E_007Be69553f9_002Deb39_002D49cd_002D9d77_002Da4ee304d94f7_007D.m_7b86004a82fb42ee97ea7d5e58574563.m_add69167a2c54fe0bb2e5f0af2545839","Default"
"PvfCode\Converts\independent_drop\Converter_independent_drop_DropInfoPanelVisibility.cs","61520","0x5D5FB7EF ^ _003CModule_003E_007Be69553f9_002Deb39_002D49cd_002D9d77_002Da4ee304d94f7_007D.m_7b86004a82fb42ee97ea7d5e58574563.m_a471290541044d3bb697860b55cc6bc1","List"
"PvfCode\Converts\independent_drop\Converterdrop_RadioButton_InsertPositionType.cs","61206","0x2E4BFA6D ^ _003CModule_003E_007Be69553f9_002Deb39_002D49cd_002D9d77_002Da4ee304d94f7_007D.m_7b86004a82fb42ee97ea7d5e58574563.m_3f6f6322abdc4634a39525b5eb1c92fd","ViewIndependent_drop_RadioButton_InsertPosition_Top"
"PvfCode\Converts\independent_drop\Converterdrop_RadioButton_InsertPositionType.cs","61206","0x2D97C817 ^ _003CModule_003E_007Be69553f9_002Deb39_002D49cd_002D9d77_002Da4ee304d94f7_007D.m_7b86004a82fb42ee97ea7d5e58574563.m_59a7418b35384ddea3432ed6abd3f702","ViewIndependent_drop_RadioButton_InsertPosition_Top"
"PvfCode\Converts\independent_drop\Converterdrop_RadioButton_InsertPositionType.cs","61312","0x5DBB1F99 ^ _003CModule_003E_007Be69553f9_002Deb39_002D49cd_002D9d77_002Da4ee304d94f7_007D.m_7b86004a82fb42ee97ea7d5e58574563.m_4dccf8dd3beb468396324e307ead22cc","ViewIndependent_drop_RadioButton_InsertPosition_Bottom"
"PvfCode\Converts\independent_drop\Converterdrop_RadioButton_InsertPositionType.cs","61312","0x662D2EB0 ^ _003CModule_003E_007Be69553f9_002Deb39_002D49cd_002D9d77_002Da4ee304d94f7_007D.m_7b86004a82fb42ee97ea7d5e58574563.m_1e27397300b24ef4ba98a645a53798c2","ViewIndependent_drop_RadioButton_InsertPosition_Bottom"
"PvfCode\Converts\independent_drop\ConverterNameTooltip.cs","3572","0x7A7EF048 ^ _003CModule_003E_007Be69553f9_002Deb39_002D49cd_002D9d77_002Da4ee304d94f7_007D.m_7b86004a82fb42ee97ea7d5e58574563.m_22c98bd810e84970b541501ace0b424a","
"
"PvfCode\Converts\independent_drop\ConverterNameTooltip.cs","61424","0x13FCA89A ^ _003CModule_003E_007Be69553f9_002Deb39_002D49cd_002D9d77_002Da4ee304d94f7_007D.m_7b86004a82fb42ee97ea7d5e58574563.m_a7cc82b779404332a260d01290ecb801","independent_drop_ConverterNameTooltip"
"PvfCode\Converts\independent_drop\ConvertMonsterType.cs","61532","0x417A1F0 ^ _003CModule_003E_007Be69553f9_002Deb39_002D49cd_002D9d77_002Da4ee304d94f7_007D.m_7b86004a82fb42ee97ea7d5e58574563.m_8fd2865c456d4936bd87c4a63c3e7ba1","ViewIndependent_drop_MonsterType_Monster"
"PvfCode\Converts\independent_drop\ConvertMonsterType.cs","61532","0x67787C55 ^ _003CModule_003E_007Be69553f9_002Deb39_002D49cd_002D9d77_002Da4ee304d94f7_007D.m_7b86004a82fb42ee97ea7d5e58574563.m_e0f0c9b53f5f4d0e88dcbb6df9cbe106","ViewIndependent_drop_MonsterType_Monster"
"PvfCode\Converts\independent_drop\ConvertMonsterType.cs","61616","0x636CF2BA ^ _003CModule_003E_007Be69553f9_002Deb39_002D49cd_002D9d77_002Da4ee304d94f7_007D.m_7b86004a82fb42ee97ea7d5e58574563.m_972142dcef4a4cfba572768c2212069f","ViewIndependent_drop_MonsterType_APC"
"PvfCode\Converts\Login\ConverterLoginViewVisibility.cs","61186","0x42E6191E ^ _003CModule_003E_007Be69553f9_002Deb39_002D49cd_002D9d77_002Da4ee304d94f7_007D.m_7b86004a82fb42ee97ea7d5e58574563.m_bbd6700d16934fad8cc9f8d19544f21f","Register"
"PvfCode\Converts\MainWindow\ConvertBarStaticPvfStatus.cs","61044","0x42E61868 ^ _003CModule_003E_007Be69553f9_002Deb39_002D49cd_002D9d77_002Da4ee304d94f7_007D.m_7b86004a82fb42ee97ea7d5e58574563.m_bbd6700d16934fad8cc9f8d19544f21f","mainWin_StatusBar_PvfStatus_Opened"
"PvfCode\Converts\MainWindow\ConvertBarStaticPvfStatus.cs","61116","0xB8BC32D ^ _003CModule_003E_007Be69553f9_002Deb39_002D49cd_002D9d77_002Da4ee304d94f7_007D.m_7b86004a82fb42ee97ea7d5e58574563.m_e066a82cd08141c08d4817f20a7d29f3","mainWin_StatusBar_PvfStatus_Ready"
"PvfCode\Converts\PvfDiff\ConverterPvfDiffShowMode.cs","60746","0x51F7DA8B ^ _003CModule_003E_007Be69553f9_002Deb39_002D49cd_002D9d77_002Da4ee304d94f7_007D.m_7b86004a82fb42ee97ea7d5e58574563.m_c14a170a5a60490084306350f271c7f1","PvfDiffControl_ShowMode_PathDiff"
"PvfCode\Converts\PvfDiff\ConverterPvfDiffShowMode.cs","60814","0x51F13842 ^ _003CModule_003E_007Be69553f9_002Deb39_002D49cd_002D9d77_002Da4ee304d94f7_007D.m_7b86004a82fb42ee97ea7d5e58574563.m_e9daf7d92d7e4446976bda811e90502a","PvfDiffControl_ShowMode_FileContentDiff"
"PvfCode\Converts\PvfDiff\ConverterPvfDiffShowMode.cs","60896","0x70D13044 ^ _003CModule_003E_007Be69553f9_002Deb39_002D49cd_002D9d77_002Da4ee304d94f7_007D.m_7b86004a82fb42ee97ea7d5e58574563.m_541fbf15174a41ce952b7916fd6276fe","PvfDiffControl_ShowMode_PathAndFileDiff"
"PvfCode\Converts\PvfDiff\ConverterPvfDiffShowMode.cs","60978","0x4BA05CF6 ^ _003CModule_003E_007Be69553f9_002Deb39_002D49cd_002D9d77_002Da4ee304d94f7_007D.m_7b86004a82fb42ee97ea7d5e58574563.m_d6a39a5ddb584a4d998858fb4ceeb027","PvfDiffControl_ShowMode_AllFile"
"PvfCode\Converts\PvfRelease\ConverterPvfRelease_TargetType.cs","60610","0x51F1390E ^ _003CModule_003E_007Be69553f9_002Deb39_002D49cd_002D9d77_002Da4ee304d94f7_007D.m_7b86004a82fb42ee97ea7d5e58574563.m_e9daf7d92d7e4446976bda811e90502a","ViewPvfRelease_TargetType_Client"
"PvfCode\Converts\PvfRelease\ConverterPvfRelease_TargetType.cs","60610","0x636CEEC8 ^ _003CModule_003E_007Be69553f9_002Deb39_002D49cd_002D9d77_002Da4ee304d94f7_007D.m_7b86004a82fb42ee97ea7d5e58574563.m_972142dcef4a4cfba572768c2212069f","ViewPvfRelease_TargetType_Client"
"PvfCode\Converts\PvfRelease\ConverterPvfRelease_TargetType.cs","60678","0x5D5FAAB9 ^ _003CModule_003E_007Be69553f9_002Deb39_002D49cd_002D9d77_002Da4ee304d94f7_007D.m_7b86004a82fb42ee97ea7d5e58574563.m_a471290541044d3bb697860b55cc6bc1","ViewPvfRelease_TargetType_Server"
"PvfCode\Converts\PvfRelease\ConverterPvfRelease_TargetType.cs","60678","0x7C0FF3E4 ^ _003CModule_003E_007Be69553f9_002Deb39_002D49cd_002D9d77_002Da4ee304d94f7_007D.m_7b86004a82fb42ee97ea7d5e58574563.m_2bc1918cd21d40e9b73926d6c2cbc512","ViewPvfRelease_TargetType_Server"
"PvfCode\Converts\PvfTree\ConverterAllowHorizontalScrolling.cs","60188","0x25C0FE8B ^ _003CModule_003E_007Be69553f9_002Deb39_002D49cd_002D9d77_002Da4ee304d94f7_007D.m_7b86004a82fb42ee97ea7d5e58574563.m_c8944dd9ca4b4079b8678bce0630ff7d","Auto"
"PvfCode\Converts\PvfTree\ConverterContextMenuITemIsVisibility.cs","60200","0x2E4BFE53 ^ _003CModule_003E_007Be69553f9_002Deb39_002D49cd_002D9d77_002Da4ee304d94f7_007D.m_7b86004a82fb42ee97ea7d5e58574563.m_3f6f6322abdc4634a39525b5eb1c92fd","删除"
"PvfCode\Converts\PvfTree\ConverterContextMenuITemIsVisibility.cs","60208","0x1B5E7F06 ^ _003CModule_003E_007Be69553f9_002Deb39_002D49cd_002D9d77_002Da4ee304d94f7_007D.m_7b86004a82fb42ee97ea7d5e58574563.m_995dc3f7a3024d82ba87d77f60d35fca","提取"
"PvfCode\Converts\PvfTree\ConverterContextMenuITemIsVisibility.cs","60216","0x659EB5A5 ^ _003CModule_003E_007Be69553f9_002Deb39_002D49cd_002D9d77_002Da4ee304d94f7_007D.m_7b86004a82fb42ee97ea7d5e58574563.m_0cdaa8b4a2df45ea8b368477e0c569ba","导入"
"PvfCode\Converts\PvfTree\ConverterContextMenuITemIsVisibility.cs","60224","0x47B9F6A5 ^ _003CModule_003E_007Be69553f9_002Deb39_002D49cd_002D9d77_002Da4ee304d94f7_007D.m_7b86004a82fb42ee97ea7d5e58574563.m_0bd286ac068745bfb29b92d10b515130","粘贴"
"PvfCode\Converts\PvfTree\ConverterContextMenuITemIsVisibility.cs","60232","0x4BA0598C ^ _003CModule_003E_007Be69553f9_002Deb39_002D49cd_002D9d77_002Da4ee304d94f7_007D.m_7b86004a82fb42ee97ea7d5e58574563.m_d6a39a5ddb584a4d998858fb4ceeb027","属性"
"PvfCode\Converts\PvfTree\ConverterContextMenuITemIsVisibility.cs","60240","0x46DAFA59 ^ _003CModule_003E_007Be69553f9_002Deb39_002D49cd_002D9d77_002Da4ee304d94f7_007D.m_7b86004a82fb42ee97ea7d5e58574563.m_34a93bd635aa4a0cb45ae24212f58e0f","转到文件..."
"PvfCode\Converts\PvfTree\ConverterContextMenuITemIsVisibility.cs","60258","0x3509E27B ^ _003CModule_003E_007Be69553f9_002Deb39_002D49cd_002D9d77_002Da4ee304d94f7_007D.m_7b86004a82fb42ee97ea7d5e58574563.m_c3720eb655124e6e81b317ef170605cd","添加到查找视图"
"PvfCode\Converts\PvfTree\ConverterContextMenuITemIsVisibility.cs","60276","0x4BA059B0 ^ _003CModule_003E_007Be69553f9_002Deb39_002D49cd_002D9d77_002Da4ee304d94f7_007D.m_7b86004a82fb42ee97ea7d5e58574563.m_d6a39a5ddb584a4d998858fb4ceeb027","提取main"
"PvfCode\Converts\PvfTree\ConverterContextMenuITemIsVisibility.cs","60292","0x704ED0AB ^ _003CModule_003E_007Be69553f9_002Deb39_002D49cd_002D9d77_002Da4ee304d94f7_007D.m_7b86004a82fb42ee97ea7d5e58574563.m_c4f70e4f04fd48b4b9edaf9a9b8fdeae","提取为lst"
"PvfCode\Converts\PvfTree\ConverterContextMenuITemIsVisibility.cs","60308","0x47B9F671 ^ _003CModule_003E_007Be69553f9_002Deb39_002D49cd_002D9d77_002Da4ee304d94f7_007D.m_7b86004a82fb42ee97ea7d5e58574563.m_0bd286ac068745bfb29b92d10b515130","展开所有节点"
"PvfCode\Converts\PvfTree\ConverterContextMenuITemIsVisibility.cs","60324","0x677867AD ^ _003CModule_003E_007Be69553f9_002Deb39_002D49cd_002D9d77_002Da4ee304d94f7_007D.m_7b86004a82fb42ee97ea7d5e58574563.m_e0f0c9b53f5f4d0e88dcbb6df9cbe106","新建空白文件"
"PvfCode\Converts\PvfTree\ConverterContextMenuITemIsVisibility.cs","60340","0x5FF20215 ^ _003CModule_003E_007Be69553f9_002Deb39_002D49cd_002D9d77_002Da4ee304d94f7_007D.m_7b86004a82fb42ee97ea7d5e58574563.m_558c76f87bdc4d51a68101d12bccb609","lst管理器"
"PvfCode\Converts\PvfTree\ConverterContextMenuITemIsVisibility.cs","60356","0x5DBB1BDD ^ _003CModule_003E_007Be69553f9_002Deb39_002D49cd_002D9d77_002Da4ee304d94f7_007D.m_7b86004a82fb42ee97ea7d5e58574563.m_4dccf8dd3beb468396324e307ead22cc","重命名"
"PvfCode\Converts\PvfTree\ConverterContextMenuITemIsVisibility.cs","60366","0x659EB553 ^ _003CModule_003E_007Be69553f9_002Deb39_002D49cd_002D9d77_002Da4ee304d94f7_007D.m_7b86004a82fb42ee97ea7d5e58574563.m_0cdaa8b4a2df45ea8b368477e0c569ba","批处理"
"PvfCode\Converts\PvfTree\ConverterContextMenuITemIsVisibility.cs","60376","0x19F98F19 ^ _003CModule_003E_007Be69553f9_002Deb39_002D49cd_002D9d77_002Da4ee304d94f7_007D.m_7b86004a82fb42ee97ea7d5e58574563.m_afceaa2a86c14a5c9cf1f8f0fdd0f590","移除选中"
"PvfCode\Converts\PvfTree\ConverterContextMenuITemIsVisibility.cs","60388","0x2187724A ^ _003CModule_003E_007Be69553f9_002Deb39_002D49cd_002D9d77_002Da4ee304d94f7_007D.m_7b86004a82fb42ee97ea7d5e58574563.m_a6871abdbd314ec9bd2de23164bed82c","编辑注释"
"PvfCode\Converts\PvfTree\ConverterContextMenuITemIsVisibility.cs","60400","0xF0243E0 ^ _003CModule_003E_007Be69553f9_002Deb39_002D49cd_002D9d77_002Da4ee304d94f7_007D.m_7b86004a82fb42ee97ea7d5e58574563.m_e5d5198bec9744b280b22d7dede4d8ad","获取代码"
"PvfCode\Converts\PvfTree\ConverterContextMenuITemIsVisibility.cs","60412","0x65E6159F ^ _003CModule_003E_007Be69553f9_002Deb39_002D49cd_002D9d77_002Da4ee304d94f7_007D.m_7b86004a82fb42ee97ea7d5e58574563.m_0a3e5af7839d43a19884f927a9769d0e","复制剪切"
"PvfCode\Converts\PvfTree\ConverterContextMenuITemIsVisibility.cs","60424","0xF024418 ^ _003CModule_003E_007Be69553f9_002Deb39_002D49cd_002D9d77_002Da4ee304d94f7_007D.m_7b86004a82fb42ee97ea7d5e58574563.m_e5d5198bec9744b280b22d7dede4d8ad","发送邮件"
"PvfCode\Converts\PvfTree\ConverterContextMenuITemIsVisibility.cs","60436","1437138932 ^ 0x304EED83 ^ _003CModule_003E_007Be69553f9_002Deb39_002D49cd_002D9d77_002Da4ee304d94f7_007D.m_7b86004a82fb42ee97ea7d5e58574563.m_0a3e5af7839d43a19884f927a9769d0e","转到文件资源管理器"
"PvfCode\Converts\PvfTree\ConverterContextMenuITemIsVisibility.cs","60458","-1863606693 ^ -1737360808 ^ _003CModule_003E_007Be69553f9_002Deb39_002D49cd_002D9d77_002Da4ee304d94f7_007D.m_7b86004a82fb42ee97ea7d5e58574563.m_cf19654829b546c5ba704a307b4e0bfa","使用差异比较器打开"
"PvfCode\Converts\PvfTree\ConverterContextMenuITemIsVisibility.cs","60480","-1499773451 ^ -394099924 ^ _003CModule_003E_007Be69553f9_002Deb39_002D49cd_002D9d77_002Da4ee304d94f7_007D.m_7b86004a82fb42ee97ea7d5e58574563.m_24a7cb1bd49e4021b5d8fa5493d816ca","添加到书签"
"PvfCode\Converts\PvfTree\ConvertTreeDiffStrMess.cs","60494","0x622F6EEC ^ _003CModule_003E_007Be69553f9_002Deb39_002D49cd_002D9d77_002Da4ee304d94f7_007D.m_7b86004a82fb42ee97ea7d5e58574563.m_41a03ba455a9468b9050278ae77448e1","Path"
"PvfCode\Converts\PvfTree\ConvertTreeDiffStrMess.cs","60506","0x7A7E11E6 ^ _003CModule_003E_007Be69553f9_002Deb39_002D49cd_002D9d77_002Da4ee304d94f7_007D.m_7b86004a82fb42ee97ea7d5e58574563.m_22c98bd810e84970b541501ace0b424a","Content"
"PvfCode\Converts\PvfTree\ConvertTreeDiffTypeBackBrush.cs","60524","0x704ED743 ^ _003CModule_003E_007Be69553f9_002Deb39_002D49cd_002D9d77_002Da4ee304d94f7_007D.m_7b86004a82fb42ee97ea7d5e58574563.m_c4f70e4f04fd48b4b9edaf9a9b8fdeae","TreePvfDiffRowBackBrush"
"PvfCode\Converts\PvfTree\ConvertTreeDiffTypeBackBrush.cs","60574","0x417BD32 ^ _003CModule_003E_007Be69553f9_002Deb39_002D49cd_002D9d77_002Da4ee304d94f7_007D.m_7b86004a82fb42ee97ea7d5e58574563.m_8fd2865c456d4936bd87c4a63c3e7ba1","#A7CD97"
"PvfCode\Converts\PvfTree\ConvertTreeItemCode.cs","9750","1437138932 ^ 0x69016731 ^ _003CModule_003E_007Be69553f9_002Deb39_002D49cd_002D9d77_002Da4ee304d94f7_007D.m_7b86004a82fb42ee97ea7d5e58574563.m_c10a6115b19c4927ae8ffc79f8f16dfb","("
"PvfCode\Converts\PvfTree\ConvertTreeItemCode.cs","9756","0x51F711DD ^ _003CModule_003E_007Be69553f9_002Deb39_002D49cd_002D9d77_002Da4ee304d94f7_007D.m_7b86004a82fb42ee97ea7d5e58574563.m_c14a170a5a60490084306350f271c7f1",")"
"PvfCode\Converts\PvfTree\TreeColorConverter.cs","60592","0x46DAFDB9 ^ _003CModule_003E_007Be69553f9_002Deb39_002D49cd_002D9d77_002Da4ee304d94f7_007D.m_7b86004a82fb42ee97ea7d5e58574563.m_34a93bd635aa4a0cb45ae24212f58e0f","#000000"
"PvfCode\Converts\Search\ConverterFileTypeKeepOrExcludeSelectItem.cs","60002","0x3D9B3A7B ^ _003CModule_003E_007Be69553f9_002Deb39_002D49cd_002D9d77_002Da4ee304d94f7_007D.m_7b86004a82fb42ee97ea7d5e58574563.m_825859c4ee504b91a6a1d6e7fabf4f01","GlobalSearchWindow_FileTypeOption_Exclude"
"PvfCode\Converts\Search\ConverterFileTypeKeepOrExcludeSelectItem.cs","60088","0x677866B1 ^ _003CModule_003E_007Be69553f9_002Deb39_002D49cd_002D9d77_002Da4ee304d94f7_007D.m_7b86004a82fb42ee97ea7d5e58574563.m_e0f0c9b53f5f4d0e88dcbb6df9cbe106","GlobalSearchWindow_FileTypeOption_Keep"
"PvfCode\Converts\Search\ConverterFileTypeKeepOrExcludeSelectItem.cs","60088","0x4E19C021 ^ _003CModule_003E_007Be69553f9_002Deb39_002D49cd_002D9d77_002Da4ee304d94f7_007D.m_7b86004a82fb42ee97ea7d5e58574563.m_24a7cb1bd49e4021b5d8fa5493d816ca","GlobalSearchWindow_FileTypeOption_Keep"
"PvfCode\Converts\Search\ConverterFileTypeKeepOrExcludeSelectItem.cs","60088","0x265CC77A ^ _003CModule_003E_007Be69553f9_002Deb39_002D49cd_002D9d77_002Da4ee304d94f7_007D.m_7b86004a82fb42ee97ea7d5e58574563.m_00f9435ae4b3435e95ad1d31b77e7a6f","GlobalSearchWindow_FileTypeOption_Keep"
"PvfCode\Converts\Search\ConvertSearchContentVisibility.cs","60168","0x13FCAC62 ^ _003CModule_003E_007Be69553f9_002Deb39_002D49cd_002D9d77_002Da4ee304d94f7_007D.m_7b86004a82fb42ee97ea7d5e58574563.m_a7cc82b779404332a260d01290ecb801","脚本文件搜索内容"
"PvfCode\Converts\StoreList\ConverterStoreDataType.cs","59580","0x659EB621 ^ _003CModule_003E_007Be69553f9_002Deb39_002D49cd_002D9d77_002Da4ee304d94f7_007D.m_7b86004a82fb42ee97ea7d5e58574563.m_0cdaa8b4a2df45ea8b368477e0c569ba","ViewStoreList_StoreDataType_Bookmark"
"PvfCode\Converts\StoreList\ConverterStoreDataType.cs","59656","0x6D26DBC6 ^ _003CModule_003E_007Be69553f9_002Deb39_002D49cd_002D9d77_002Da4ee304d94f7_007D.m_7b86004a82fb42ee97ea7d5e58574563.m_a1b83f1dd0754677898be265fae789c4","ViewStoreList_StoreDataType_Macro"
"PvfCode\Converts\StoreList\ConverterStoreDataType.cs","59726","0x768A10C8 ^ _003CModule_003E_007Be69553f9_002Deb39_002D49cd_002D9d77_002Da4ee304d94f7_007D.m_7b86004a82fb42ee97ea7d5e58574563.m_5f32481f68ae4c7eaeea7ec68a5ff47b","ViewStoreList_StoreDataType_FileListComment"
"PvfCode\Converts\StoreList\ConverterStoreDataType.cs","59816","0x4C167BBC ^ _003CModule_003E_007Be69553f9_002Deb39_002D49cd_002D9d77_002Da4ee304d94f7_007D.m_7b86004a82fb42ee97ea7d5e58574563.m_d7eae1243bb84fa8b3e43c67ebe44716","ViewStoreList_StoreDataType_ScriptFileTabComment"
"PvfCode\Converts\StoreList\ConverterStoreDataType.cs","59916","352137165 ^ 0x450C100D ^ _003CModule_003E_007Be69553f9_002Deb39_002D49cd_002D9d77_002Da4ee304d94f7_007D.m_7b86004a82fb42ee97ea7d5e58574563.m_e9daf7d92d7e4446976bda811e90502a","ViewStoreList_StoreDataType_ItemCodeHover"
"PvfCode\Converts\StringDataTemplateSelector.cs","51752","0x19F9AEE9 ^ _003CModule_003E_007Be69553f9_002Deb39_002D49cd_002D9d77_002Da4ee304d94f7_007D.m_7b86004a82fb42ee97ea7d5e58574563.m_afceaa2a86c14a5c9cf1f8f0fdd0f590","TextBlockTemplate"
"PvfCode\Converts\Themes\ConverterThemeTypeToString.cs","59332","0xB8BCA55 ^ _003CModule_003E_007Be69553f9_002Deb39_002D49cd_002D9d77_002Da4ee304d94f7_007D.m_7b86004a82fb42ee97ea7d5e58574563.m_e066a82cd08141c08d4817f20a7d29f3","ViewGlobalOptions_Label_ColorTheme_Blue"
"PvfCode\Converts\Themes\ConverterThemeTypeToString.cs","59332","0x10181497 ^ _003CModule_003E_007Be69553f9_002Deb39_002D49cd_002D9d77_002Da4ee304d94f7_007D.m_7b86004a82fb42ee97ea7d5e58574563.m_80f251012e8548e0baf3267defb3d706","ViewGlobalOptions_Label_ColorTheme_Blue"
"PvfCode\Converts\Themes\ConverterThemeTypeToString.cs","59414","0x25C0FD81 ^ _003CModule_003E_007Be69553f9_002Deb39_002D49cd_002D9d77_002Da4ee304d94f7_007D.m_7b86004a82fb42ee97ea7d5e58574563.m_c8944dd9ca4b4079b8678bce0630ff7d","ViewGlobalOptions_Label_ColorTheme_Dark"
"PvfCode\Converts\Themes\ConverterThemeTypeToString.cs","59414","0x662D2926 ^ _003CModule_003E_007Be69553f9_002Deb39_002D49cd_002D9d77_002Da4ee304d94f7_007D.m_7b86004a82fb42ee97ea7d5e58574563.m_1e27397300b24ef4ba98a645a53798c2","ViewGlobalOptions_Label_ColorTheme_Dark"
"PvfCode\Converts\Themes\ConverterThemeTypeToString.cs","59496","0x70CC9594 ^ _003CModule_003E_007Be69553f9_002Deb39_002D49cd_002D9d77_002Da4ee304d94f7_007D.m_7b86004a82fb42ee97ea7d5e58574563.m_ee8424bd48bb442e9a823a15df5a62b4","ViewGlobalOptions_Label_ColorTheme_Light"
"PvfCode\Converts\VsCodeEditor\ConverterVsCodeEditorDefaultBackColor.cs","59278","0x25C0F219 ^ _003CModule_003E_007Be69553f9_002Deb39_002D49cd_002D9d77_002Da4ee304d94f7_007D.m_7b86004a82fb42ee97ea7d5e58574563.m_c8944dd9ca4b4079b8678bce0630ff7d","#d6dbe9"
"PvfCode\Converts\VsCodeEditor\ConverterVsCodeEditorDefaultBackColor.cs","59296","0xB1DC118 ^ _003CModule_003E_007Be69553f9_002Deb39_002D49cd_002D9d77_002Da4ee304d94f7_007D.m_7b86004a82fb42ee97ea7d5e58574563.m_df89dfc2a96347ad9471b517744dea02","#1e1e1e"
"PvfCode\Converts\VsCodeEditor\ConverterVsCodeEditorDefaultBackColor.cs","59314","0x6C4C0212 ^ _003CModule_003E_007Be69553f9_002Deb39_002D49cd_002D9d77_002Da4ee304d94f7_007D.m_7b86004a82fb42ee97ea7d5e58574563.m_c4ac9f35eb704455b489a780e86cf909","#eeeef2"
"PvfCode\DocumentNavigationService.cs","9288","0x70CC59B4 ^ _003CModule_003E_007Be69553f9_002Deb39_002D49cd_002D9d77_002Da4ee304d94f7_007D.m_7b86004a82fb42ee97ea7d5e58574563.m_ee8424bd48bb442e9a823a15df5a62b4","DocumentNavigationService.RefreshViewState"
"PvfCode\DocumentNavigationService.cs","9376","0x2D9703A1 ^ _003CModule_003E_007Be69553f9_002Deb39_002D49cd_002D9d77_002Da4ee304d94f7_007D.m_7b86004a82fb42ee97ea7d5e58574563.m_59a7418b35384ddea3432ed6abd3f702","DocumentNavigationService.Add"
"PvfCode\DocumentNavigationService.cs","9438","0x1018D78D ^ _003CModule_003E_007Be69553f9_002Deb39_002D49cd_002D9d77_002Da4ee304d94f7_007D.m_7b86004a82fb42ee97ea7d5e58574563.m_80f251012e8548e0baf3267defb3d706","DocumentNavigationService.Remove"
"PvfCode\DocumentNavigationService.cs","9506","0x2E4B3059 ^ _003CModule_003E_007Be69553f9_002Deb39_002D49cd_002D9d77_002Da4ee304d94f7_007D.m_7b86004a82fb42ee97ea7d5e58574563.m_3f6f6322abdc4634a39525b5eb1c92fd","DocumentNavigationService.Back"
"PvfCode\DocumentNavigationService.cs","9506","0x25C030B5 ^ _003CModule_003E_007Be69553f9_002Deb39_002D49cd_002D9d77_002Da4ee304d94f7_007D.m_7b86004a82fb42ee97ea7d5e58574563.m_c8944dd9ca4b4079b8678bce0630ff7d","DocumentNavigationService.Back"
"PvfCode\DocumentNavigationService.cs","9570","0x1018D631 ^ _003CModule_003E_007Be69553f9_002Deb39_002D49cd_002D9d77_002Da4ee304d94f7_007D.m_7b86004a82fb42ee97ea7d5e58574563.m_80f251012e8548e0baf3267defb3d706","DocumentNavigationService.Navigation"
"PvfCode\Images\CharacJobAvatar.cs","38650","0x19F9F23B ^ _003CModule_003E_007Be69553f9_002Deb39_002D49cd_002D9d77_002Da4ee304d94f7_007D.m_7b86004a82fb42ee97ea7d5e58574563.m_afceaa2a86c14a5c9cf1f8f0fdd0f590",".png"
"PvfCode\Images\CharacJobAvatar.cs","56944","0x2E4BCB0B ^ _003CModule_003E_007Be69553f9_002Deb39_002D49cd_002D9d77_002Da4ee304d94f7_007D.m_7b86004a82fb42ee97ea7d5e58574563.m_3f6f6322abdc4634a39525b5eb1c92fd","pack://application:,,,/pvfUtility;component/Images/Pngs/DnfCharacDefaultIcon/"
"PvfCode\Images\ResEditor.cs","57102","0x768A2688 ^ _003CModule_003E_007Be69553f9_002Deb39_002D49cd_002D9d77_002Da4ee304d94f7_007D.m_7b86004a82fb42ee97ea7d5e58574563.m_5f32481f68ae4c7eaeea7ec68a5ff47b","pack://application:,,,/pvfUtility;component/Images/Svgs/Edit/SaveAll_16x.svg"
"PvfCode\Images\ResEditor.cs","57258","0x933DE1D ^ _003CModule_003E_007Be69553f9_002Deb39_002D49cd_002D9d77_002Da4ee304d94f7_007D.m_7b86004a82fb42ee97ea7d5e58574563.m_a47e9e4bf3624e7291689f8fb4b10989","pack://application:,,,/pvfUtility;component/Images/Svgs/Edit/SaveAll_16x_2.svg"
"PvfCode\Images\ResEditor.cs","57418","0x265CCD88 ^ _003CModule_003E_007Be69553f9_002Deb39_002D49cd_002D9d77_002Da4ee304d94f7_007D.m_7b86004a82fb42ee97ea7d5e58574563.m_00f9435ae4b3435e95ad1d31b77e7a6f","pack://application:,,,/pvfUtility;component/Images/Svgs/Edit/SaveFileDialogControl_16x.svg"
"PvfCode\Images\ResEditor.cs","57602","0xD88FD ^ _003CModule_003E_007Be69553f9_002Deb39_002D49cd_002D9d77_002Da4ee304d94f7_007D.m_7b86004a82fb42ee97ea7d5e58574563.m_ffc261d25c834aebbee1da6f61154719","pack://application:,,,/pvfUtility;component/Images/Svgs/Edit/SaveFileDialogControl_16x_2.svg"
"PvfCode\Images\ResEditor.cs","57790","0x662D208E ^ _003CModule_003E_007Be69553f9_002Deb39_002D49cd_002D9d77_002Da4ee304d94f7_007D.m_7b86004a82fb42ee97ea7d5e58574563.m_1e27397300b24ef4ba98a645a53798c2","pack://application:,,,/pvfUtility;component/Images/Svgs/Edit/HighImportance.svg"
"PvfCode\Images\ResSearch.cs","57952","0x70D13FC4 ^ _003CModule_003E_007Be69553f9_002Deb39_002D49cd_002D9d77_002Da4ee304d94f7_007D.m_7b86004a82fb42ee97ea7d5e58574563.m_541fbf15174a41ce952b7916fd6276fe","pack://application:,,,/pvfUtility;component/Images/Svgs/Search/RegularExpression.svg"
"PvfCode\Images\ResTreeFileTypes.cs","58124","1427621874 ^ 0x551A4D01 ^ _003CModule_003E_007Be69553f9_002Deb39_002D49cd_002D9d77_002Da4ee304d94f7_007D.m_7b86004a82fb42ee97ea7d5e58574563.m_ffc261d25c834aebbee1da6f61154719","pack://application:,,,/pvfUtility;component/Images/Svgs/TreeFileTypes/FolderClosed.svg"
"PvfCode\Images\ResTreeFileTypes.cs","58300","0x2D97C4BD ^ _003CModule_003E_007Be69553f9_002Deb39_002D49cd_002D9d77_002Da4ee304d94f7_007D.m_7b86004a82fb42ee97ea7d5e58574563.m_59a7418b35384ddea3432ed6abd3f702","pack://application:,,,/pvfUtility;component/Images/Svgs/TreeFileTypes/FolderOpened.svg"
"PvfCode\Images\ResTreeFileTypes.cs","58476","0x3509ED75 ^ _003CModule_003E_007Be69553f9_002Deb39_002D49cd_002D9d77_002Da4ee304d94f7_007D.m_7b86004a82fb42ee97ea7d5e58574563.m_c3720eb655124e6e81b317ef170605cd","pack://application:,,,/pvfUtility;component/Images/Svgs/TreeFileTypes/Lst.svg"
"PvfCode\Images\ResTreeFileTypes.cs","58634","0x7A7E18B6 ^ _003CModule_003E_007Be69553f9_002Deb39_002D49cd_002D9d77_002Da4ee304d94f7_007D.m_7b86004a82fb42ee97ea7d5e58574563.m_22c98bd810e84970b541501ace0b424a","pack://application:,,,/pvfUtility;component/Images/Svgs/TreeFileTypes/Script_16x.svg"
"PvfCode\Images\ResTreeFileTypes.cs","58806","0x704EDE99 ^ _003CModule_003E_007Be69553f9_002Deb39_002D49cd_002D9d77_002Da4ee304d94f7_007D.m_7b86004a82fb42ee97ea7d5e58574563.m_c4f70e4f04fd48b4b9edaf9a9b8fdeae","pack://application:,,,/pvfUtility;component/Images/Svgs/TreeFileTypes/Str.svg"
"PvfCode\Images\ResTreeFileTypes.cs","58964","0x70CC9BA8 ^ _003CModule_003E_007Be69553f9_002Deb39_002D49cd_002D9d77_002Da4ee304d94f7_007D.m_7b86004a82fb42ee97ea7d5e58574563.m_ee8424bd48bb442e9a823a15df5a62b4","pack://application:,,,/pvfUtility;component/Images/Svgs/TreeFileTypes/Ani.svg"
"PvfCode\Images\ResTreeFileTypes.cs","59122","0x3855FE87 ^ _003CModule_003E_007Be69553f9_002Deb39_002D49cd_002D9d77_002Da4ee304d94f7_007D.m_7b86004a82fb42ee97ea7d5e58574563.m_0273572c23d24952bbcc01600fea0084","pack://application:,,,/pvfUtility;component/Images/Svgs/TreeFileTypes/Ui.svg"
"PvfCode\KeyGestureStaticValue.cs","5042","0x41ED6840 ^ _003CModule_003E_007Be69553f9_002Deb39_002D49cd_002D9d77_002Da4ee304d94f7_007D.m_7b86004a82fb42ee97ea7d5e58574563.m_ba7ada5c647b4fc094df6608a5b444bd","mess_AltLeftArrow"
"PvfCode\KeyGestureStaticValue.cs","5080","0x704E28F7 ^ _003CModule_003E_007Be69553f9_002Deb39_002D49cd_002D9d77_002Da4ee304d94f7_007D.m_7b86004a82fb42ee97ea7d5e58574563.m_c4f70e4f04fd48b4b9edaf9a9b8fdeae","mess_AltRightArrow"
"PvfCode\KeyGestureStaticValue.cs","5120","0x93315B7 ^ _003CModule_003E_007Be69553f9_002Deb39_002D49cd_002D9d77_002Da4ee304d94f7_007D.m_7b86004a82fb42ee97ea7d5e58574563.m_a47e9e4bf3624e7291689f8fb4b10989","Alt+↑"
"PvfCode\KeyGestureStaticValue.cs","5134","0x19F970CF ^ _003CModule_003E_007Be69553f9_002Deb39_002D49cd_002D9d77_002Da4ee304d94f7_007D.m_7b86004a82fb42ee97ea7d5e58574563.m_afceaa2a86c14a5c9cf1f8f0fdd0f590","Alt+↓"
"PvfCode\KeyGestureStaticValue.cs","5148","0x67789815 ^ _003CModule_003E_007Be69553f9_002Deb39_002D49cd_002D9d77_002Da4ee304d94f7_007D.m_7b86004a82fb42ee97ea7d5e58574563.m_e0f0c9b53f5f4d0e88dcbb6df9cbe106","Ctrl+/"
"PvfCode\KeyGestureStaticValue.cs","5164","0x4C168638 ^ _003CModule_003E_007Be69553f9_002Deb39_002D49cd_002D9d77_002Da4ee304d94f7_007D.m_7b86004a82fb42ee97ea7d5e58574563.m_d7eae1243bb84fa8b3e43c67ebe44716","Ctrl+↓"
"PvfCode\KeyGestureStaticValue.cs","5180","0xB1D3284 ^ _003CModule_003E_007Be69553f9_002Deb39_002D49cd_002D9d77_002Da4ee304d94f7_007D.m_7b86004a82fb42ee97ea7d5e58574563.m_df89dfc2a96347ad9471b517744dea02","Ctrl+↑"
"PvfCode\KeyGestureStaticValue.cs","5196","0x265C398E ^ _003CModule_003E_007Be69553f9_002Deb39_002D49cd_002D9d77_002Da4ee304d94f7_007D.m_7b86004a82fb42ee97ea7d5e58574563.m_00f9435ae4b3435e95ad1d31b77e7a6f","Ctrl+回车"
"PvfCode\Localization\LanguageResourceManager.cs","68370","0x30641D18 ^ _003CModule_003E_007Be69553f9_002Deb39_002D49cd_002D9d77_002Da4ee304d94f7_007D.m_7b86004a82fb42ee97ea7d5e58574563.m_add69167a2c54fe0bb2e5f0af2545839","/Styles/Luanguage-zh-CN.xaml"
"PvfCode\Localization\LanguageResourceManager.cs","68370","0x2E4A1E69 ^ _003CModule_003E_007Be69553f9_002Deb39_002D49cd_002D9d77_002Da4ee304d94f7_007D.m_7b86004a82fb42ee97ea7d5e58574563.m_3f6f6322abdc4634a39525b5eb1c92fd","/Styles/Luanguage-zh-CN.xaml"
"PvfCode\Localization\LanguageResourceManager.cs","68370","0x3D9ADB0B ^ _003CModule_003E_007Be69553f9_002Deb39_002D49cd_002D9d77_002Da4ee304d94f7_007D.m_7b86004a82fb42ee97ea7d5e58574563.m_825859c4ee504b91a6a1d6e7fabf4f01","/Styles/Luanguage-zh-CN.xaml"
"PvfCode\Localization\LanguageResourceManager.cs","68370","-1904881294 ^ -385067415 ^ _003CModule_003E_007Be69553f9_002Deb39_002D49cd_002D9d77_002Da4ee304d94f7_007D.m_7b86004a82fb42ee97ea7d5e58574563.m_e0f0c9b53f5f4d0e88dcbb6df9cbe106","/Styles/Luanguage-zh-CN.xaml"
"PvfCode\Localization\LanguageResourceManager.cs","68430","0x9320AF9 ^ _003CModule_003E_007Be69553f9_002Deb39_002D49cd_002D9d77_002Da4ee304d94f7_007D.m_7b86004a82fb42ee97ea7d5e58574563.m_a47e9e4bf3624e7291689f8fb4b10989","语言包加载出错 已设定为默认的简体中文 Language pack loading error has been set to the default Simplified Chinese 
Error："
"PvfCode\Localization\LanguageResourceManager.cs","68640","0x2B2FB256 ^ _003CModule_003E_007Be69553f9_002Deb39_002D49cd_002D9d77_002Da4ee304d94f7_007D.m_7b86004a82fb42ee97ea7d5e58574563.m_5b1a4905efa74bdd971c79e2845c55df","https://icshare.gitee.io/pvf-utility/Langs/langVersion.xaml"
"PvfCode\Localization\LanguageResourceManager.cs","68762","0x51F0D956 ^ _003CModule_003E_007Be69553f9_002Deb39_002D49cd_002D9d77_002Da4ee304d94f7_007D.m_7b86004a82fb42ee97ea7d5e58574563.m_e9daf7d92d7e4446976bda811e90502a","Lang"
"PvfCode\Localization\LanguageResourceManager.cs","68774","0xB8A2137 ^ _003CModule_003E_007Be69553f9_002Deb39_002D49cd_002D9d77_002Da4ee304d94f7_007D.m_7b86004a82fb42ee97ea7d5e58574563.m_e066a82cd08141c08d4817f20a7d29f3","Lang\lang-zh-TW.xml"
"PvfCode\Localization\LanguageResourceManager.cs","68816","0x4165D7C ^ _003CModule_003E_007Be69553f9_002Deb39_002D49cd_002D9d77_002Da4ee304d94f7_007D.m_7b86004a82fb42ee97ea7d5e58574563.m_8fd2865c456d4936bd87c4a63c3e7ba1","Lang\lang-ko-KR.xml"
"PvfCode\Localization\LanguageResourceManager.cs","68858","0x7C0E1218 ^ _003CModule_003E_007Be69553f9_002Deb39_002D49cd_002D9d77_002Da4ee304d94f7_007D.m_7b86004a82fb42ee97ea7d5e58574563.m_2bc1918cd21d40e9b73926d6c2cbc512","区域语言设置失败 找不到文件："
"PvfCode\Localization\LanguageResourceManager.cs","68892","0x659F5381 ^ _003CModule_003E_007Be69553f9_002Deb39_002D49cd_002D9d77_002Da4ee304d94f7_007D.m_7b86004a82fb42ee97ea7d5e58574563.m_0cdaa8b4a2df45ea8b368477e0c569ba","

Regional language setting failed File not found:"
"PvfCode\MacroHelper.cs","69672","0x19F874E9 ^ _003CModule_003E_007Be69553f9_002Deb39_002D49cd_002D9d77_002Da4ee304d94f7_007D.m_7b86004a82fb42ee97ea7d5e58574563.m_afceaa2a86c14a5c9cf1f8f0fdd0f590","mess_ExecutingBatchProcessMacro"
"PvfCode\MacroHelper.cs","69738","0x265D3DA8 ^ _003CModule_003E_007Be69553f9_002Deb39_002D49cd_002D9d77_002Da4ee304d94f7_007D.m_7b86004a82fb42ee97ea7d5e58574563.m_00f9435ae4b3435e95ad1d31b77e7a6f","mess_SearchResultIsEmpty"
"PvfCode\MacroHelper.cs","69790","0x67799C97 ^ _003CModule_003E_007Be69553f9_002Deb39_002D49cd_002D9d77_002Da4ee304d94f7_007D.m_7b86004a82fb42ee97ea7d5e58574563.m_e0f0c9b53f5f4d0e88dcbb6df9cbe106","mess_ExecutingBatchProcessMacro2"
"PvfCode\MacroHelper.cs","69858","0x67799CEB ^ _003CModule_003E_007Be69553f9_002Deb39_002D49cd_002D9d77_002Da4ee304d94f7_007D.m_7b86004a82fb42ee97ea7d5e58574563.m_e0f0c9b53f5f4d0e88dcbb6df9cbe106","mess_ExecutingMacro"
"PvfCode\MainWindow.cs","3572","0x704E36DB ^ _003CModule_003E_007Be69553f9_002Deb39_002D49cd_002D9d77_002Da4ee304d94f7_007D.m_7b86004a82fb42ee97ea7d5e58574563.m_c4f70e4f04fd48b4b9edaf9a9b8fdeae","
"
"PvfCode\MainWindow.cs","4792","0x7C0F0C5A ^ _003CModule_003E_007Be69553f9_002Deb39_002D49cd_002D9d77_002Da4ee304d94f7_007D.m_7b86004a82fb42ee97ea7d5e58574563.m_2bc1918cd21d40e9b73926d6c2cbc512","http://api.pvfcode.cn/CheckAutoUpdater"
"PvfCode\MainWindow.cs","6968","0x636C1932 ^ _003CModule_003E_007Be69553f9_002Deb39_002D49cd_002D9d77_002Da4ee304d94f7_007D.m_7b86004a82fb42ee97ea7d5e58574563.m_972142dcef4a4cfba572768c2212069f","mainWin_bar_Main_subItem_BookMark_BookMarkStore"
"PvfCode\MainWindow.cs","7066","0x5DBBEB83 ^ _003CModule_003E_007Be69553f9_002Deb39_002D49cd_002D9d77_002Da4ee304d94f7_007D.m_7b86004a82fb42ee97ea7d5e58574563.m_4dccf8dd3beb468396324e307ead22cc","mainWin_bar_Main_subItem_ClearPvfPackOpenLogs"
"PvfCode\MainWindow.cs","7160","0x5FF2F259 ^ _003CModule_003E_007Be69553f9_002Deb39_002D49cd_002D9d77_002Da4ee304d94f7_007D.m_7b86004a82fb42ee97ea7d5e58574563.m_558c76f87bdc4d51a68101d12bccb609","FunWithNotifications_19_1"
"PvfCode\MainWindow.cs","7214","0x67789027 ^ _003CModule_003E_007Be69553f9_002Deb39_002D49cd_002D9d77_002Da4ee304d94f7_007D.m_7b86004a82fb42ee97ea7d5e58574563.m_e0f0c9b53f5f4d0e88dcbb6df9cbe106","mess_ExitApp"
"PvfCode\MainWindow.cs","7242","0x5DBBEC53 ^ _003CModule_003E_007Be69553f9_002Deb39_002D49cd_002D9d77_002Da4ee304d94f7_007D.m_7b86004a82fb42ee97ea7d5e58574563.m_4dccf8dd3beb468396324e307ead22cc","mess_ModifySuccess"
"PvfCode\MainWindow.cs","7282","0x25C009E5 ^ _003CModule_003E_007Be69553f9_002Deb39_002D49cd_002D9d77_002Da4ee304d94f7_007D.m_7b86004a82fb42ee97ea7d5e58574563.m_c8944dd9ca4b4079b8678bce0630ff7d","Dock"
"PvfCode\MainWindow.cs","7294","0x265C31BC ^ _003CModule_003E_007Be69553f9_002Deb39_002D49cd_002D9d77_002Da4ee304d94f7_007D.m_7b86004a82fb42ee97ea7d5e58574563.m_00f9435ae4b3435e95ad1d31b77e7a6f","Hide"
"PvfCode\MainWindow.cs","7306","0xB8B311B ^ _003CModule_003E_007Be69553f9_002Deb39_002D49cd_002D9d77_002Da4ee304d94f7_007D.m_7b86004a82fb42ee97ea7d5e58574563.m_e066a82cd08141c08d4817f20a7d29f3","Float"
"PvfCode\MainWindow.cs","7320","0xF02B488 ^ _003CModule_003E_007Be69553f9_002Deb39_002D49cd_002D9d77_002Da4ee304d94f7_007D.m_7b86004a82fb42ee97ea7d5e58574563.m_e5d5198bec9744b280b22d7dede4d8ad","Close"
"PvfCode\MainWindow.cs","7334","0xF02B4B6 ^ _003CModule_003E_007Be69553f9_002Deb39_002D49cd_002D9d77_002Da4ee304d94f7_007D.m_7b86004a82fb42ee97ea7d5e58574563.m_e5d5198bec9744b280b22d7dede4d8ad","Auto Hide"
"PvfCode\MainWindow.cs","7356","0x13FC5BD6 ^ _003CModule_003E_007Be69553f9_002Deb39_002D49cd_002D9d77_002Da4ee304d94f7_007D.m_7b86004a82fb42ee97ea7d5e58574563.m_a7cc82b779404332a260d01290ecb801","Close all but this"
"PvfCode\MainWindow.cs","7396","0x690EFDC6 ^ _003CModule_003E_007Be69553f9_002Deb39_002D49cd_002D9d77_002Da4ee304d94f7_007D.m_7b86004a82fb42ee97ea7d5e58574563.m_864fc4c2b93e4f099c2c07aa23d782f6","Pin Tab"
"PvfCode\MainWindow.cs","7414","-1499773451 ^ -1375612630 ^ _003CModule_003E_007Be69553f9_002Deb39_002D49cd_002D9d77_002Da4ee304d94f7_007D.m_7b86004a82fb42ee97ea7d5e58574563.m_cf19654829b546c5ba704a307b4e0bfa","New horizontal tab group"
"PvfCode\MainWindow.cs","7466","0x21878484 ^ _003CModule_003E_007Be69553f9_002Deb39_002D49cd_002D9d77_002Da4ee304d94f7_007D.m_7b86004a82fb42ee97ea7d5e58574563.m_a6871abdbd314ec9bd2de23164bed82c","New vertical tab group"
"PvfCode\MainWindow.cs","7514","0x4E1937C3 ^ _003CModule_003E_007Be69553f9_002Deb39_002D49cd_002D9d77_002Da4ee304d94f7_007D.m_7b86004a82fb42ee97ea7d5e58574563.m_24a7cb1bd49e4021b5d8fa5493d816ca","Move to previous tab group"
"PvfCode\MainWindow.cs","7570","0x5D5F5A2D ^ _003CModule_003E_007Be69553f9_002Deb39_002D49cd_002D9d77_002Da4ee304d94f7_007D.m_7b86004a82fb42ee97ea7d5e58574563.m_a471290541044d3bb697860b55cc6bc1","mess_Document_ContextMenu_Name_Dock"
"PvfCode\MainWindow.cs","7644","0x46DA0CD5 ^ _003CModule_003E_007Be69553f9_002Deb39_002D49cd_002D9d77_002Da4ee304d94f7_007D.m_7b86004a82fb42ee97ea7d5e58574563.m_34a93bd635aa4a0cb45ae24212f58e0f","mess_Document_ContextMenu_Name_Float"
"PvfCode\MainWindow.cs","7720","0x7A7EE394 ^ _003CModule_003E_007Be69553f9_002Deb39_002D49cd_002D9d77_002Da4ee304d94f7_007D.m_7b86004a82fb42ee97ea7d5e58574563.m_22c98bd810e84970b541501ace0b424a","mess_Document_ContextMenu_Name_AutoHide"
"PvfCode\MainWindow.cs","7802","0x5DBBEE63 ^ _003CModule_003E_007Be69553f9_002Deb39_002D49cd_002D9d77_002Da4ee304d94f7_007D.m_7b86004a82fb42ee97ea7d5e58574563.m_4dccf8dd3beb468396324e307ead22cc","mess_Document_ContextMenu_Name_Hide"
"PvfCode\MainWindow.cs","7802","0x768AE7FC ^ _003CModule_003E_007Be69553f9_002Deb39_002D49cd_002D9d77_002Da4ee304d94f7_007D.m_7b86004a82fb42ee97ea7d5e58574563.m_5f32481f68ae4c7eaeea7ec68a5ff47b","mess_Document_ContextMenu_Name_Hide"
"PvfCode\MainWindow.cs","7876","0x70D1C360 ^ _003CModule_003E_007Be69553f9_002Deb39_002D49cd_002D9d77_002Da4ee304d94f7_007D.m_7b86004a82fb42ee97ea7d5e58574563.m_541fbf15174a41ce952b7916fd6276fe","mess_Document_ContextMenu_Name_CloseAllExceptThis"
"PvfCode\MainWindow.cs","7978","0x2B2EA15C ^ _003CModule_003E_007Be69553f9_002Deb39_002D49cd_002D9d77_002Da4ee304d94f7_007D.m_7b86004a82fb42ee97ea7d5e58574563.m_5b1a4905efa74bdd971c79e2845c55df","mess_Document_ContextMenu_Name_NewVerticalDocumentGroup"
"PvfCode\MainWindow.cs","8092","0x636C1D96 ^ _003CModule_003E_007Be69553f9_002Deb39_002D49cd_002D9d77_002Da4ee304d94f7_007D.m_7b86004a82fb42ee97ea7d5e58574563.m_972142dcef4a4cfba572768c2212069f","mess_Document_ContextMenu_Name_NewHorizontalDocumentGroup"
"PvfCode\MainWindow.cs","8210","0x19F944D3 ^ _003CModule_003E_007Be69553f9_002Deb39_002D49cd_002D9d77_002Da4ee304d94f7_007D.m_7b86004a82fb42ee97ea7d5e58574563.m_afceaa2a86c14a5c9cf1f8f0fdd0f590","mess_Document_ContextMenu_Name_MoveToMainDocumentGroup"
"PvfCode\MainWindow.cs","8322","0x3D9BF09B ^ _003CModule_003E_007Be69553f9_002Deb39_002D49cd_002D9d77_002Da4ee304d94f7_007D.m_7b86004a82fb42ee97ea7d5e58574563.m_825859c4ee504b91a6a1d6e7fabf4f01","mess_Document_ContextMenu_Name_Close"
"PvfCode\MainWindow.cs","8398","0x9332179 ^ _003CModule_003E_007Be69553f9_002Deb39_002D49cd_002D9d77_002Da4ee304d94f7_007D.m_7b86004a82fb42ee97ea7d5e58574563.m_a47e9e4bf3624e7291689f8fb4b10989","mess_Document_ContextMenu_Name_CloseRightDocuments"
"PvfCode\MainWindow.cs","8502","0xB1D078E ^ _003CModule_003E_007Be69553f9_002Deb39_002D49cd_002D9d77_002Da4ee304d94f7_007D.m_7b86004a82fb42ee97ea7d5e58574563.m_df89dfc2a96347ad9471b517744dea02","mess_Document_ContextMenu_Name_CloseLeftDocuments"
"PvfCode\MainWindow.cs","8604","0x89AA9B5 ^ _003CModule_003E_007Be69553f9_002Deb39_002D49cd_002D9d77_002Da4ee304d94f7_007D.m_7b86004a82fb42ee97ea7d5e58574563.m_cf19654829b546c5ba704a307b4e0bfa","mess_Document_ContextMenu_Name_CloseAllDocuments"
"PvfCode\MainWindow.cs","8704","0x65E6DC63 ^ _003CModule_003E_007Be69553f9_002Deb39_002D49cd_002D9d77_002Da4ee304d94f7_007D.m_7b86004a82fb42ee97ea7d5e58574563.m_0a3e5af7839d43a19884f927a9769d0e","mess_ExistUnsavedFile"
"PvfCode\MainWindow.cs","8704","1427621874 ^ 0x450F16A1 ^ _003CModule_003E_007Be69553f9_002Deb39_002D49cd_002D9d77_002Da4ee304d94f7_007D.m_7b86004a82fb42ee97ea7d5e58574563.m_80f251012e8548e0baf3267defb3d706","mess_ExistUnsavedFile"
"PvfCode\MainWindow.cs","8704","0x51F715C1 ^ _003CModule_003E_007Be69553f9_002Deb39_002D49cd_002D9d77_002Da4ee304d94f7_007D.m_7b86004a82fb42ee97ea7d5e58574563.m_c14a170a5a60490084306350f271c7f1","mess_ExistUnsavedFile"
"PvfCode\MainWindow.cs","8704","0x42E6D41C ^ _003CModule_003E_007Be69553f9_002Deb39_002D49cd_002D9d77_002Da4ee304d94f7_007D.m_7b86004a82fb42ee97ea7d5e58574563.m_bbd6700d16934fad8cc9f8d19544f21f","mess_ExistUnsavedFile"
"PvfCode\MainWindow.cs","8750","0x41ED59DC ^ _003CModule_003E_007Be69553f9_002Deb39_002D49cd_002D9d77_002Da4ee304d94f7_007D.m_7b86004a82fb42ee97ea7d5e58574563.m_ba7ada5c647b4fc094df6608a5b444bd","common_Save"
"PvfCode\MainWindow.cs","8750","0x3CA99CFD ^ _003CModule_003E_007Be69553f9_002Deb39_002D49cd_002D9d77_002Da4ee304d94f7_007D.m_7b86004a82fb42ee97ea7d5e58574563.m_c10a6115b19c4927ae8ffc79f8f16dfb","common_Save"
"PvfCode\MainWindow.cs","8750","0x9332399 ^ _003CModule_003E_007Be69553f9_002Deb39_002D49cd_002D9d77_002Da4ee304d94f7_007D.m_7b86004a82fb42ee97ea7d5e58574563.m_a47e9e4bf3624e7291689f8fb4b10989","common_Save"
"PvfCode\MainWindow.cs","8750","0x6D2610E0 ^ _003CModule_003E_007Be69553f9_002Deb39_002D49cd_002D9d77_002Da4ee304d94f7_007D.m_7b86004a82fb42ee97ea7d5e58574563.m_a1b83f1dd0754677898be265fae789c4","common_Save"
"PvfCode\MainWindow.cs","8776","0x1B5EB67E ^ _003CModule_003E_007Be69553f9_002Deb39_002D49cd_002D9d77_002Da4ee304d94f7_007D.m_7b86004a82fb42ee97ea7d5e58574563.m_995dc3f7a3024d82ba87d77f60d35fca","common_NotSave"
"PvfCode\MainWindow.cs","8776","0x5DBBD251 ^ _003CModule_003E_007Be69553f9_002Deb39_002D49cd_002D9d77_002Da4ee304d94f7_007D.m_7b86004a82fb42ee97ea7d5e58574563.m_4dccf8dd3beb468396324e307ead22cc","common_NotSave"
"PvfCode\MainWindow.cs","8776","0x7C0F3CAA ^ _003CModule_003E_007Be69553f9_002Deb39_002D49cd_002D9d77_002Da4ee304d94f7_007D.m_7b86004a82fb42ee97ea7d5e58574563.m_2bc1918cd21d40e9b73926d6c2cbc512","common_NotSave"
"PvfCode\MainWindow.cs","8776","0x70D1FFEC ^ _003CModule_003E_007Be69553f9_002Deb39_002D49cd_002D9d77_002Da4ee304d94f7_007D.m_7b86004a82fb42ee97ea7d5e58574563.m_541fbf15174a41ce952b7916fd6276fe","common_NotSave"
"PvfCode\MainWindow.cs","8808","0x3CA99CBB ^ _003CModule_003E_007Be69553f9_002Deb39_002D49cd_002D9d77_002Da4ee304d94f7_007D.m_7b86004a82fb42ee97ea7d5e58574563.m_c10a6115b19c4927ae8ffc79f8f16dfb","common_Cancel"
"PvfCode\MainWindow.cs","8808","0x6C4CC7C8 ^ _003CModule_003E_007Be69553f9_002Deb39_002D49cd_002D9d77_002Da4ee304d94f7_007D.m_7b86004a82fb42ee97ea7d5e58574563.m_c4ac9f35eb704455b489a780e86cf909","common_Cancel"
"PvfCode\MainWindow.cs","8808","0x3D9BF271 ^ _003CModule_003E_007Be69553f9_002Deb39_002D49cd_002D9d77_002Da4ee304d94f7_007D.m_7b86004a82fb42ee97ea7d5e58574563.m_825859c4ee504b91a6a1d6e7fabf4f01","common_Cancel"
"PvfCode\MainWindow.cs","8808","0x19F946A9 ^ _003CModule_003E_007Be69553f9_002Deb39_002D49cd_002D9d77_002Da4ee304d94f7_007D.m_7b86004a82fb42ee97ea7d5e58574563.m_afceaa2a86c14a5c9cf1f8f0fdd0f590","common_Cancel"
"PvfCode\MainWindow.cs","8838","0x70CC5F7A ^ _003CModule_003E_007Be69553f9_002Deb39_002D49cd_002D9d77_002Da4ee304d94f7_007D.m_7b86004a82fb42ee97ea7d5e58574563.m_ee8424bd48bb442e9a823a15df5a62b4","/pvfUtility;V2026.1.22.2;component/mainwindow.xaml"
"PvfCode\MainWindow.cs","69000","352137165 ^ 0x1F770FD4 ^ _003CModule_003E_007Be69553f9_002Deb39_002D49cd_002D9d77_002Da4ee304d94f7_007D.m_7b86004a82fb42ee97ea7d5e58574563.m_e066a82cd08141c08d4817f20a7d29f3","mess_ResetWindowLayout"
"PvfCode\MainWindow.cs","69048","0x19F86979 ^ _003CModule_003E_007Be69553f9_002Deb39_002D49cd_002D9d77_002Da4ee304d94f7_007D.m_7b86004a82fb42ee97ea7d5e58574563.m_afceaa2a86c14a5c9cf1f8f0fdd0f590","mess_ResetWindowLayoutError"
"PvfCode\MainWindow.cs","69106","0x4165C5E ^ _003CModule_003E_007Be69553f9_002Deb39_002D49cd_002D9d77_002Da4ee304d94f7_007D.m_7b86004a82fb42ee97ea7d5e58574563.m_8fd2865c456d4936bd87c4a63c3e7ba1","mess_LoadLayoutError"
"PvfCode\MainWindow.cs","69150","0x70CD73E2 ^ _003CModule_003E_007Be69553f9_002Deb39_002D49cd_002D9d77_002Da4ee304d94f7_007D.m_7b86004a82fb42ee97ea7d5e58574563.m_ee8424bd48bb442e9a823a15df5a62b4","mess_SaveLayoutError"
"PvfCode\MainWindow.cs","69194","0x41EC75B8 ^ _003CModule_003E_007Be69553f9_002Deb39_002D49cd_002D9d77_002Da4ee304d94f7_007D.m_7b86004a82fb42ee97ea7d5e58574563.m_ba7ada5c647b4fc094df6608a5b444bd","Mess_NpkIconsApplyToFileExplorer_Prohibited"
"PvfCode\MainWindow.cs","69284","0x42E7F8B8 ^ _003CModule_003E_007Be69553f9_002Deb39_002D49cd_002D9d77_002Da4ee304d94f7_007D.m_7b86004a82fb42ee97ea7d5e58574563.m_bbd6700d16934fad8cc9f8d19544f21f","TreeSetting_EventTreeShowNpkIconChanged"
"PvfCode\MyNotificationActivator.cs","8942","0x51F7152F ^ _003CModule_003E_007Be69553f9_002Deb39_002D49cd_002D9d77_002Da4ee304d94f7_007D.m_7b86004a82fb42ee97ea7d5e58574563.m_c14a170a5a60490084306350f271c7f1","Activate it!"
"PvfCode\NavigationData.cs","9646","0x7C0F3B4C ^ _003CModule_003E_007Be69553f9_002Deb39_002D49cd_002D9d77_002Da4ee304d94f7_007D.m_7b86004a82fb42ee97ea7d5e58574563.m_2bc1918cd21d40e9b73926d6c2cbc512","IsChecked"
"PvfCode\PvfTreeFile.cs","9750","0x2D970117 ^ _003CModule_003E_007Be69553f9_002Deb39_002D49cd_002D9d77_002Da4ee304d94f7_007D.m_7b86004a82fb42ee97ea7d5e58574563.m_59a7418b35384ddea3432ed6abd3f702","("
"PvfCode\PvfTreeFile.cs","9756","0x25C0338B ^ _003CModule_003E_007Be69553f9_002Deb39_002D49cd_002D9d77_002Da4ee304d94f7_007D.m_7b86004a82fb42ee97ea7d5e58574563.m_c8944dd9ca4b4079b8678bce0630ff7d",")"
"PvfCode\PvfTreeFileBase.cs","9842","0x4C16B466 ^ _003CModule_003E_007Be69553f9_002Deb39_002D49cd_002D9d77_002Da4ee304d94f7_007D.m_7b86004a82fb42ee97ea7d5e58574563.m_d7eae1243bb84fa8b3e43c67ebe44716","IsShearStatus"
"PvfCode\PvfTreeFileBase.cs","9872","0xF028E80 ^ _003CModule_003E_007Be69553f9_002Deb39_002D49cd_002D9d77_002Da4ee304d94f7_007D.m_7b86004a82fb42ee97ea7d5e58574563.m_e5d5198bec9744b280b22d7dede4d8ad","<"
"PvfCode\PvfTreeFileBase.cs","9878","0x70CC5B6A ^ _003CModule_003E_007Be69553f9_002Deb39_002D49cd_002D9d77_002Da4ee304d94f7_007D.m_7b86004a82fb42ee97ea7d5e58574563.m_ee8424bd48bb442e9a823a15df5a62b4",">"
"PvfCode\PvfTreeFileBase.cs","9884","0x6778AA95 ^ _003CModule_003E_007Be69553f9_002Deb39_002D49cd_002D9d77_002Da4ee304d94f7_007D.m_7b86004a82fb42ee97ea7d5e58574563.m_e0f0c9b53f5f4d0e88dcbb6df9cbe106","ImageType"
"PvfCode\PvfTreeFileBase.cs","9906","0x2D9701B3 ^ _003CModule_003E_007Be69553f9_002Deb39_002D49cd_002D9d77_002Da4ee304d94f7_007D.m_7b86004a82fb42ee97ea7d5e58574563.m_59a7418b35384ddea3432ed6abd3f702","Comment"
"PvfCode\PvfTreeFileBase.cs","9924","0x25C03353 ^ _003CModule_003E_007Be69553f9_002Deb39_002D49cd_002D9d77_002Da4ee304d94f7_007D.m_7b86004a82fb42ee97ea7d5e58574563.m_c8944dd9ca4b4079b8678bce0630ff7d","DetailedComment"
"PvfCode\PvfTreeFileBase.cs","9958","0x1018D5B5 ^ _003CModule_003E_007Be69553f9_002Deb39_002D49cd_002D9d77_002Da4ee304d94f7_007D.m_7b86004a82fb42ee97ea7d5e58574563.m_80f251012e8548e0baf3267defb3d706","ItemName"
"PvfCode\PvfTreeFileBase.cs","9978","0x6778AAF3 ^ _003CModule_003E_007Be69553f9_002Deb39_002D49cd_002D9d77_002Da4ee304d94f7_007D.m_7b86004a82fb42ee97ea7d5e58574563.m_e0f0c9b53f5f4d0e88dcbb6df9cbe106","ItemCodeStr"
"PvfCode\PvfTreeFileBase.cs","10004","0xB8B0A85 ^ _003CModule_003E_007Be69553f9_002Deb39_002D49cd_002D9d77_002Da4ee304d94f7_007D.m_7b86004a82fb42ee97ea7d5e58574563.m_e066a82cd08141c08d4817f20a7d29f3","Rarity"
"PvfCode\PvfTreeFileBase.cs","10020","0x13FC604E ^ _003CModule_003E_007Be69553f9_002Deb39_002D49cd_002D9d77_002Da4ee304d94f7_007D.m_7b86004a82fb42ee97ea7d5e58574563.m_a7cc82b779404332a260d01290ecb801","Image"
"PvfCode\PvfTreeFileBase.cs","10034","0x659E79AF ^ _003CModule_003E_007Be69553f9_002Deb39_002D49cd_002D9d77_002Da4ee304d94f7_007D.m_7b86004a82fb42ee97ea7d5e58574563.m_0cdaa8b4a2df45ea8b368477e0c569ba","ItemPreviewData"
"PvfCode\PvfTreeFileBase.cs","10068","0xB8B0AC5 ^ _003CModule_003E_007Be69553f9_002Deb39_002D49cd_002D9d77_002Da4ee304d94f7_007D.m_7b86004a82fb42ee97ea7d5e58574563.m_e066a82cd08141c08d4817f20a7d29f3","AttachType"
"PvfCode\PvfTreeFileBase.cs","10092","0x70D1FAC8 ^ _003CModule_003E_007Be69553f9_002Deb39_002D49cd_002D9d77_002Da4ee304d94f7_007D.m_7b86004a82fb42ee97ea7d5e58574563.m_541fbf15174a41ce952b7916fd6276fe","asdf"
"PvfCode\PvfTreeFileDiff.cs","9750","0x93327A1 ^ _003CModule_003E_007Be69553f9_002Deb39_002D49cd_002D9d77_002Da4ee304d94f7_007D.m_7b86004a82fb42ee97ea7d5e58574563.m_a47e9e4bf3624e7291689f8fb4b10989","("
"PvfCode\PvfTreeFileDiff.cs","9756","0x41ED5DEE ^ _003CModule_003E_007Be69553f9_002Deb39_002D49cd_002D9d77_002Da4ee304d94f7_007D.m_7b86004a82fb42ee97ea7d5e58574563.m_ba7ada5c647b4fc094df6608a5b444bd",")"
"PvfCode\PvfTreeFileImport.cs","9750","0x70CC5BEA ^ _003CModule_003E_007Be69553f9_002Deb39_002D49cd_002D9d77_002Da4ee304d94f7_007D.m_7b86004a82fb42ee97ea7d5e58574563.m_ee8424bd48bb442e9a823a15df5a62b4","("
"PvfCode\PvfTreeFileImport.cs","9756","0x659E7881 ^ _003CModule_003E_007Be69553f9_002Deb39_002D49cd_002D9d77_002Da4ee304d94f7_007D.m_7b86004a82fb42ee97ea7d5e58574563.m_0cdaa8b4a2df45ea8b368477e0c569ba",")"
"PvfCode\PvfTreeFileRename.cs","9762","0x65E6D841 ^ _003CModule_003E_007Be69553f9_002Deb39_002D49cd_002D9d77_002Da4ee304d94f7_007D.m_7b86004a82fb42ee97ea7d5e58574563.m_0a3e5af7839d43a19884f927a9769d0e","NewFileName"
"PvfCode\PvfTreeFileRename.cs","9788","0x46DA3735 ^ _003CModule_003E_007Be69553f9_002Deb39_002D49cd_002D9d77_002Da4ee304d94f7_007D.m_7b86004a82fb42ee97ea7d5e58574563.m_34a93bd635aa4a0cb45ae24212f58e0f","ChangedViewText"
"PvfCode\PvfTreeFileRename.cs","9822","0x636C2454 ^ _003CModule_003E_007Be69553f9_002Deb39_002D49cd_002D9d77_002Da4ee304d94f7_007D.m_7b86004a82fb42ee97ea7d5e58574563.m_972142dcef4a4cfba572768c2212069f","UP"
"PvfCode\PvfTreeFileRename.cs","9830","0x5D5F61D9 ^ _003CModule_003E_007Be69553f9_002Deb39_002D49cd_002D9d77_002Da4ee304d94f7_007D.m_7b86004a82fb42ee97ea7d5e58574563.m_a471290541044d3bb697860b55cc6bc1","\"
"PvfCode\PvfTreeFileRename.cs","9836","0x65E6D80F ^ _003CModule_003E_007Be69553f9_002Deb39_002D49cd_002D9d77_002Da4ee304d94f7_007D.m_7b86004a82fb42ee97ea7d5e58574563.m_0a3e5af7839d43a19884f927a9769d0e","/"
"PvfCode\Res.cs","5214","0x89A9C77 ^ _003CModule_003E_007Be69553f9_002Deb39_002D49cd_002D9d77_002Da4ee304d94f7_007D.m_7b86004a82fb42ee97ea7d5e58574563.m_cf19654829b546c5ba704a307b4e0bfa","pack://application:,,,/pvfUtility;component/Images/Pngs/NpcShop/ImageMark.png"
"PvfCode\Res.cs","5372","0x1018E7AF ^ _003CModule_003E_007Be69553f9_002Deb39_002D49cd_002D9d77_002Da4ee304d94f7_007D.m_7b86004a82fb42ee97ea7d5e58574563.m_80f251012e8548e0baf3267defb3d706","pack://application:,,,/pvfUtility;component/Images/Pngs/NpcShop/SelectedItem.png"
"PvfCode\Res.cs","5536","0x2D9732A1 ^ _003CModule_003E_007Be69553f9_002Deb39_002D49cd_002D9d77_002Da4ee304d94f7_007D.m_7b86004a82fb42ee97ea7d5e58574563.m_59a7418b35384ddea3432ed6abd3f702","pack://application:,,,/pvfUtility;component/Images/Pngs/chatGPT.png"
"PvfCode\Res.cs","5674","0x89A9E03 ^ _003CModule_003E_007Be69553f9_002Deb39_002D49cd_002D9d77_002Da4ee304d94f7_007D.m_7b86004a82fb42ee97ea7d5e58574563.m_cf19654829b546c5ba704a307b4e0bfa","pack://application:,,,/pvfUtility;component/Images/Svgs/OpenFolder_16x.svg"
"PvfCode\Res.cs","5826","0x21878F6C ^ _003CModule_003E_007Be69553f9_002Deb39_002D49cd_002D9d77_002Da4ee304d94f7_007D.m_7b86004a82fb42ee97ea7d5e58574563.m_a6871abdbd314ec9bd2de23164bed82c","pack://application:,,,/pvfUtility;component/Images/Svgs/Save_16x.svg"
"PvfCode\Res.cs","5966","0x636C1544 ^ _003CModule_003E_007Be69553f9_002Deb39_002D49cd_002D9d77_002Da4ee304d94f7_007D.m_7b86004a82fb42ee97ea7d5e58574563.m_972142dcef4a4cfba572768c2212069f","pack://application:,,,/pvfUtility;component/Images/Svgs/ClosePvf.svg"
"PvfCode\Res.cs","6106","0x38550FAF ^ _003CModule_003E_007Be69553f9_002Deb39_002D49cd_002D9d77_002Da4ee304d94f7_007D.m_7b86004a82fb42ee97ea7d5e58574563.m_0273572c23d24952bbcc01600fea0084","pack://application:,,,/pvfUtility;component/Images/Svgs/ResetLayoutOptions.svg"
"PvfCode\Res.cs","6266","0x1018EB29 ^ _003CModule_003E_007Be69553f9_002Deb39_002D49cd_002D9d77_002Da4ee304d94f7_007D.m_7b86004a82fb42ee97ea7d5e58574563.m_80f251012e8548e0baf3267defb3d706","pack://application:,,,/pvfUtility;component/Images/Svgs/VisualStudioBlendLogo2015Pre_16x.svg"
"PvfCode\Res.cs","6454","0x704E2219 ^ _003CModule_003E_007Be69553f9_002Deb39_002D49cd_002D9d77_002Da4ee304d94f7_007D.m_7b86004a82fb42ee97ea7d5e58574563.m_c4f70e4f04fd48b4b9edaf9a9b8fdeae","pack://application:,,,/pvfUtility;component/Images/Svgs/ErrorIcon.svg"
"PvfCode\Res.cs","6596","0x4BA0AB00 ^ _003CModule_003E_007Be69553f9_002Deb39_002D49cd_002D9d77_002Da4ee304d94f7_007D.m_7b86004a82fb42ee97ea7d5e58574563.m_d6a39a5ddb584a4d998858fb4ceeb027","HigSectionIcon"
"PvfCode\Res.cs","6628","0x25C00C73 ^ _003CModule_003E_007Be69553f9_002Deb39_002D49cd_002D9d77_002Da4ee304d94f7_007D.m_7b86004a82fb42ee97ea7d5e58574563.m_c8944dd9ca4b4079b8678bce0630ff7d","MethodSealed"
"PvfCode\Res.cs","6656","0x265C37C2 ^ _003CModule_003E_007Be69553f9_002Deb39_002D49cd_002D9d77_002Da4ee304d94f7_007D.m_7b86004a82fb42ee97ea7d5e58574563.m_00f9435ae4b3435e95ad1d31b77e7a6f","StringIcon"
"PvfCode\Res.cs","6680","0x1018E94B ^ _003CModule_003E_007Be69553f9_002Deb39_002D49cd_002D9d77_002Da4ee304d94f7_007D.m_7b86004a82fb42ee97ea7d5e58574563.m_80f251012e8548e0baf3267defb3d706","MacroIcon"
"PvfCode\Res.cs","6702","0x65E6E44D ^ _003CModule_003E_007Be69553f9_002Deb39_002D49cd_002D9d77_002Da4ee304d94f7_007D.m_7b86004a82fb42ee97ea7d5e58574563.m_0a3e5af7839d43a19884f927a9769d0e","FindinFiles_16x"
"PvfCode\Res.cs","6736","0x1B5E8E66 ^ _003CModule_003E_007Be69553f9_002Deb39_002D49cd_002D9d77_002Da4ee304d94f7_007D.m_7b86004a82fb42ee97ea7d5e58574563.m_995dc3f7a3024d82ba87d77f60d35fca","CollapseGroup_16x"
"PvfCode\Res.cs","6774","0x6778967F ^ _003CModule_003E_007Be69553f9_002Deb39_002D49cd_002D9d77_002Da4ee304d94f7_007D.m_7b86004a82fb42ee97ea7d5e58574563.m_e0f0c9b53f5f4d0e88dcbb6df9cbe106","ClearWindowContent"
"PvfCode\Res.cs","6814","0x35091387 ^ _003CModule_003E_007Be69553f9_002Deb39_002D49cd_002D9d77_002Da4ee304d94f7_007D.m_7b86004a82fb42ee97ea7d5e58574563.m_c3720eb655124e6e81b317ef170605cd","pack://application:,,,/pvfUtility;component/Images/Pngs/NpcShop/RedNull.png"
"PvfCode\Services\AutoUpdateManager.cs","4792","0x7A7EEF04 ^ _003CModule_003E_007Be69553f9_002Deb39_002D49cd_002D9d77_002Da4ee304d94f7_007D.m_7b86004a82fb42ee97ea7d5e58574563.m_22c98bd810e84970b541501ace0b424a","http://api.pvfcode.cn/CheckAutoUpdater"
"PvfCode\Services\AutoUpdateManager.cs","4872","0x5D5F54B7 ^ _003CModule_003E_007Be69553f9_002Deb39_002D49cd_002D9d77_002Da4ee304d94f7_007D.m_7b86004a82fb42ee97ea7d5e58574563.m_a471290541044d3bb697860b55cc6bc1","Version"
"PvfCode\Services\AutoUpdateManager.cs","4890","0x622F91B8 ^ _003CModule_003E_007Be69553f9_002Deb39_002D49cd_002D9d77_002Da4ee304d94f7_007D.m_7b86004a82fb42ee97ea7d5e58574563.m_41a03ba455a9468b9050278ae77448e1","Changelog"
"PvfCode\Services\AutoUpdateManager.cs","4912","0x70CC6ECC ^ _003CModule_003E_007Be69553f9_002Deb39_002D49cd_002D9d77_002Da4ee304d94f7_007D.m_7b86004a82fb42ee97ea7d5e58574563.m_ee8424bd48bb442e9a823a15df5a62b4","DownloadUrl"
"PvfCode\Services\AutoUpdateManager.cs","4938","0x6D262184 ^ _003CModule_003E_007Be69553f9_002Deb39_002D49cd_002D9d77_002Da4ee304d94f7_007D.m_7b86004a82fb42ee97ea7d5e58574563.m_a1b83f1dd0754677898be265fae789c4","value"
"PvfCode\Services\AutoUpdateManager.cs","4952","0x265C3E9A ^ _003CModule_003E_007Be69553f9_002Deb39_002D49cd_002D9d77_002Da4ee304d94f7_007D.m_7b86004a82fb42ee97ea7d5e58574563.m_00f9435ae4b3435e95ad1d31b77e7a6f","Mandatory"
"PvfCode\Services\AutoUpdateManager.cs","4952","0x1B5E876E ^ _003CModule_003E_007Be69553f9_002Deb39_002D49cd_002D9d77_002Da4ee304d94f7_007D.m_7b86004a82fb42ee97ea7d5e58574563.m_995dc3f7a3024d82ba87d77f60d35fca","Mandatory"
"PvfCode\Services\AutoUpdateManager.cs","4952","0x7C0F0DBA ^ _003CModule_003E_007Be69553f9_002Deb39_002D49cd_002D9d77_002Da4ee304d94f7_007D.m_7b86004a82fb42ee97ea7d5e58574563.m_2bc1918cd21d40e9b73926d6c2cbc512","Mandatory"
"PvfCode\Services\AutoUpdateManager.cs","4974","0x7C0F0D8C ^ _003CModule_003E_007Be69553f9_002Deb39_002D49cd_002D9d77_002Da4ee304d94f7_007D.m_7b86004a82fb42ee97ea7d5e58574563.m_2bc1918cd21d40e9b73926d6c2cbc512","mode"
"PvfCode\Services\AutoUpdateManager.cs","4986","0xF02BB6A ^ _003CModule_003E_007Be69553f9_002Deb39_002D49cd_002D9d77_002Da4ee304d94f7_007D.m_7b86004a82fb42ee97ea7d5e58574563.m_e5d5198bec9744b280b22d7dede4d8ad","minVersion"
"PvfCode\Services\AutoUpdateManager.cs","5010","0x11B90CBE ^ _003CModule_003E_007Be69553f9_002Deb39_002D49cd_002D9d77_002Da4ee304d94f7_007D.m_7b86004a82fb42ee97ea7d5e58574563.m_39a59c8c3fda4dbdaaf2213c010b00a8","更新程序自定义JSON失败："
"PvfCode\Services\PvfAutoBackupService.cs","84778","0x2000EF2 ^ _003CModule_003E_007Be69553f9_002Deb39_002D49cd_002D9d77_002Da4ee304d94f7_007D.m_7b86004a82fb42ee97ea7d5e58574563.m_582a7f02cd3044949cbbc8d81e970cdb","AutoTheBackupPvfTimeService_BackupSuccess"
"PvfCode\Services\PvfAutoBackupService.cs","84864","0x89BC3A9 ^ _003CModule_003E_007Be69553f9_002Deb39_002D49cd_002D9d77_002Da4ee304d94f7_007D.m_7b86004a82fb42ee97ea7d5e58574563.m_cf19654829b546c5ba704a307b4e0bfa","*.pvf"
"PvfCode\Services\PvfAutoBackupService.cs","84878","0x5FF3A22F ^ _003CModule_003E_007Be69553f9_002Deb39_002D49cd_002D9d77_002Da4ee304d94f7_007D.m_7b86004a82fb42ee97ea7d5e58574563.m_558c76f87bdc4d51a68101d12bccb609","AutoTheBackupPvfTimeService_BackupPvfError"
"PvfCode\Services\PvfAutoBackupService.cs","84878","0x89BC3A7 ^ _003CModule_003E_007Be69553f9_002Deb39_002D49cd_002D9d77_002Da4ee304d94f7_007D.m_7b86004a82fb42ee97ea7d5e58574563.m_cf19654829b546c5ba704a307b4e0bfa","AutoTheBackupPvfTimeService_BackupPvfError"
"PvfCode\SplashScreen\PvfCodeSplashScreenWindow.cs","56746","0x3855C5DF ^ _003CModule_003E_007Be69553f9_002Deb39_002D49cd_002D9d77_002Da4ee304d94f7_007D.m_7b86004a82fb42ee97ea7d5e58574563.m_0273572c23d24952bbcc01600fea0084","/pvfUtility;V2026.1.22.2;component/splashscreen/fluentsplashscreen/pvfcodesplashscreenwindow.xaml"
"PvfCode\ThemeSwitcher.cs","8970","0x41ED58F8 ^ _003CModule_003E_007Be69553f9_002Deb39_002D49cd_002D9d77_002Da4ee304d94f7_007D.m_7b86004a82fb42ee97ea7d5e58574563.m_ba7ada5c647b4fc094df6608a5b444bd","SettingSelectedTheme"
"PvfCode\ThemeSwitcher.cs","9014","0x65E6DD55 ^ _003CModule_003E_007Be69553f9_002Deb39_002D49cd_002D9d77_002Da4ee304d94f7_007D.m_7b86004a82fb42ee97ea7d5e58574563.m_0a3e5af7839d43a19884f927a9769d0e","Light"
"PvfCode\ThemeSwitcher.cs","9014","0x51F714F7 ^ _003CModule_003E_007Be69553f9_002Deb39_002D49cd_002D9d77_002Da4ee304d94f7_007D.m_7b86004a82fb42ee97ea7d5e58574563.m_c14a170a5a60490084306350f271c7f1","Light"
"PvfCode\ThemeSwitcher.cs","9028","0x70CC5EB8 ^ _003CModule_003E_007Be69553f9_002Deb39_002D49cd_002D9d77_002Da4ee304d94f7_007D.m_7b86004a82fb42ee97ea7d5e58574563.m_ee8424bd48bb442e9a823a15df5a62b4","VS2019_Dark"
"PvfCode\ThemeSwitcher.cs","9054","0xD4AA1 ^ _003CModule_003E_007Be69553f9_002Deb39_002D49cd_002D9d77_002Da4ee304d94f7_007D.m_7b86004a82fb42ee97ea7d5e58574563.m_ffc261d25c834aebbee1da6f61154719","/Themes/Vs2019Blue.xaml"
"PvfCode\ThemeSwitcher.cs","9104","-1904881294 ^ -975880154 ^ _003CModule_003E_007Be69553f9_002Deb39_002D49cd_002D9d77_002Da4ee304d94f7_007D.m_7b86004a82fb42ee97ea7d5e58574563.m_d6a39a5ddb584a4d998858fb4ceeb027","/Themes/Vs2019Dark.xaml"
"PvfCode\ThemeSwitcher.cs","9154","0x6778AFCB ^ _003CModule_003E_007Be69553f9_002Deb39_002D49cd_002D9d77_002Da4ee304d94f7_007D.m_7b86004a82fb42ee97ea7d5e58574563.m_e0f0c9b53f5f4d0e88dcbb6df9cbe106","/Themes/Vs2019Light.xaml"
"PvfCode\ThemeSwitcher.cs","9206","0x768ADA70 ^ _003CModule_003E_007Be69553f9_002Deb39_002D49cd_002D9d77_002Da4ee304d94f7_007D.m_7b86004a82fb42ee97ea7d5e58574563.m_5f32481f68ae4c7eaeea7ec68a5ff47b","Squirrel"
"PvfCode\ThemeSwitcher.cs","9206","0x1B5EB7C0 ^ _003CModule_003E_007Be69553f9_002Deb39_002D49cd_002D9d77_002Da4ee304d94f7_007D.m_7b86004a82fb42ee97ea7d5e58574563.m_995dc3f7a3024d82ba87d77f60d35fca","Squirrel"
"PvfCode\ThemeSwitcher.cs","9226","0xD4DF5 ^ _003CModule_003E_007Be69553f9_002Deb39_002D49cd_002D9d77_002Da4ee304d94f7_007D.m_7b86004a82fb42ee97ea7d5e58574563.m_ffc261d25c834aebbee1da6f61154719","Kor"
"PvfCode\ThemeSwitcher.cs","9226","0x662DE53A ^ _003CModule_003E_007Be69553f9_002Deb39_002D49cd_002D9d77_002Da4ee304d94f7_007D.m_7b86004a82fb42ee97ea7d5e58574563.m_1e27397300b24ef4ba98a645a53798c2","Kor"
"PvfCode\ThemeSwitcher.cs","9236","0x768ADD92 ^ _003CModule_003E_007Be69553f9_002Deb39_002D49cd_002D9d77_002Da4ee304d94f7_007D.m_7b86004a82fb42ee97ea7d5e58574563.m_5f32481f68ae4c7eaeea7ec68a5ff47b","Lst"
"PvfCode\ThemeSwitcher.cs","9236","0xD4DEB ^ _003CModule_003E_007Be69553f9_002Deb39_002D49cd_002D9d77_002Da4ee304d94f7_007D.m_7b86004a82fb42ee97ea7d5e58574563.m_ffc261d25c834aebbee1da6f61154719","Lst"
"PvfCode\ThemeSwitcher.cs","9246","0x704E1F31 ^ _003CModule_003E_007Be69553f9_002Deb39_002D49cd_002D9d77_002Da4ee304d94f7_007D.m_7b86004a82fb42ee97ea7d5e58574563.m_c4f70e4f04fd48b4b9edaf9a9b8fdeae","StringTable"
"PvfCode\ThemeSwitcher.cs","9272","0x2E4B3143 ^ _003CModule_003E_007Be69553f9_002Deb39_002D49cd_002D9d77_002Da4ee304d94f7_007D.m_7b86004a82fb42ee97ea7d5e58574563.m_3f6f6322abdc4634a39525b5eb1c92fd","Script"
"PvfCode\ThemeSwitcher.cs","9272","0x933258F ^ _003CModule_003E_007Be69553f9_002Deb39_002D49cd_002D9d77_002Da4ee304d94f7_007D.m_7b86004a82fb42ee97ea7d5e58574563.m_a47e9e4bf3624e7291689f8fb4b10989","Script"
"PvfCode\ThemeSwitcher.cs","9906","0x4BA09476 ^ _003CModule_003E_007Be69553f9_002Deb39_002D49cd_002D9d77_002Da4ee304d94f7_007D.m_7b86004a82fb42ee97ea7d5e58574563.m_d6a39a5ddb584a4d998858fb4ceeb027","Comment"
"PvfCode\ThemeSwitcher.cs","41694","1437138932 ^ 0x7E86E35C ^ _003CModule_003E_007Be69553f9_002Deb39_002D49cd_002D9d77_002Da4ee304d94f7_007D.m_7b86004a82fb42ee97ea7d5e58574563.m_5b1a4905efa74bdd971c79e2845c55df","Digits"
"PvfCode\ThemeSwitcher.cs","41710","0x101851BD ^ _003CModule_003E_007Be69553f9_002Deb39_002D49cd_002D9d77_002Da4ee304d94f7_007D.m_7b86004a82fb42ee97ea7d5e58574563.m_80f251012e8548e0baf3267defb3d706","String"
"PvfCode\ThemeSwitcher.cs","43520","0x622F28A2 ^ _003CModule_003E_007Be69553f9_002Deb39_002D49cd_002D9d77_002Da4ee304d94f7_007D.m_7b86004a82fb42ee97ea7d5e58574563.m_41a03ba455a9468b9050278ae77448e1","Section"
"PvfCode\ThemeSwitcher.cs","43538","0x46DABB1B ^ _003CModule_003E_007Be69553f9_002Deb39_002D49cd_002D9d77_002Da4ee304d94f7_007D.m_7b86004a82fb42ee97ea7d5e58574563.m_34a93bd635aa4a0cb45ae24212f58e0f","SectionEnd"
"PvfCode\ThemeSwitcher.cs","46852","0x636CB50E ^ _003CModule_003E_007Be69553f9_002Deb39_002D49cd_002D9d77_002Da4ee304d94f7_007D.m_7b86004a82fb42ee97ea7d5e58574563.m_972142dcef4a4cfba572768c2212069f","KorStrIndex"
"PvfCode\ThemeSwitcher.cs","55100","-1499773451 ^ -394086320 ^ _003CModule_003E_007Be69553f9_002Deb39_002D49cd_002D9d77_002Da4ee304d94f7_007D.m_7b86004a82fb42ee97ea7d5e58574563.m_24a7cb1bd49e4021b5d8fa5493d816ca","FilePath"
"PvfCode\ThemeSwitcher.cs","69366","0x3CA8B025 ^ _003CModule_003E_007Be69553f9_002Deb39_002D49cd_002D9d77_002Da4ee304d94f7_007D.m_7b86004a82fb42ee97ea7d5e58574563.m_c10a6115b19c4927ae8ffc79f8f16dfb","Header"
"PvfCode\ThemeSwitcher.cs","69382","0x1019FC55 ^ _003CModule_003E_007Be69553f9_002Deb39_002D49cd_002D9d77_002Da4ee304d94f7_007D.m_7b86004a82fb42ee97ea7d5e58574563.m_80f251012e8548e0baf3267defb3d706","KorName"
"PvfCode\ThemeSwitcher.cs","69400","0x218696B6 ^ _003CModule_003E_007Be69553f9_002Deb39_002D49cd_002D9d77_002Da4ee304d94f7_007D.m_7b86004a82fb42ee97ea7d5e58574563.m_a6871abdbd314ec9bd2de23164bed82c","GGenObject"
"PvfCode\ThemeSwitcher.cs","69424","0x35080629 ^ _003CModule_003E_007Be69553f9_002Deb39_002D49cd_002D9d77_002Da4ee304d94f7_007D.m_7b86004a82fb42ee97ea7d5e58574563.m_c3720eb655124e6e81b317ef170605cd","MethodCall"
"PvfCode\ThemeSwitcher.cs","69448","0x9320EFF ^ _003CModule_003E_007Be69553f9_002Deb39_002D49cd_002D9d77_002Da4ee304d94f7_007D.m_7b86004a82fb42ee97ea7d5e58574563.m_a47e9e4bf3624e7291689f8fb4b10989","Keywords"
"PvfCode\ThemeSwitcher.cs","69468","0x46DB1E55 ^ _003CModule_003E_007Be69553f9_002Deb39_002D49cd_002D9d77_002Da4ee304d94f7_007D.m_7b86004a82fb42ee97ea7d5e58574563.m_34a93bd635aa4a0cb45ae24212f58e0f","KorColon"
"PvfCode\ThemeSwitcher.cs","69488","0x67798379 ^ _003CModule_003E_007Be69553f9_002Deb39_002D49cd_002D9d77_002Da4ee304d94f7_007D.m_7b86004a82fb42ee97ea7d5e58574563.m_e0f0c9b53f5f4d0e88dcbb6df9cbe106","Curlybraces"
"PvfCode\ThemeSwitcher.cs","69514","0x41EC7478 ^ _003CModule_003E_007Be69553f9_002Deb39_002D49cd_002D9d77_002Da4ee304d94f7_007D.m_7b86004a82fb42ee97ea7d5e58574563.m_ba7ada5c647b4fc094df6608a5b444bd","Punctuation"
"PvfCode\ThemeSwitcher.cs","69540","0x41EC7456 ^ _003CModule_003E_007Be69553f9_002Deb39_002D49cd_002D9d77_002Da4ee304d94f7_007D.m_7b86004a82fb42ee97ea7d5e58574563.m_ba7ada5c647b4fc094df6608a5b444bd","KorStrValue"
"PvfCode\ThemeSwitcher.cs","69566","0x19F86B7F ^ _003CModule_003E_007Be69553f9_002Deb39_002D49cd_002D9d77_002Da4ee304d94f7_007D.m_7b86004a82fb42ee97ea7d5e58574563.m_afceaa2a86c14a5c9cf1f8f0fdd0f590","Keywords2"
"PvfCode\ThemeSwitcher.cs","69588","1503723328 ^ 0x1E18ED71 ^ _003CModule_003E_007Be69553f9_002Deb39_002D49cd_002D9d77_002Da4ee304d94f7_007D.m_7b86004a82fb42ee97ea7d5e58574563.m_0bd286ac068745bfb29b92d10b515130","KorStringMarkSymbol"
"PvfCode\ThemeSwitcher.cs","69630","0x5DBAFFE7 ^ _003CModule_003E_007Be69553f9_002Deb39_002D49cd_002D9d77_002Da4ee304d94f7_007D.m_7b86004a82fb42ee97ea7d5e58574563.m_4dccf8dd3beb468396324e307ead22cc","KorStrAngleBrackets"
"PvfCode\TreeListDropGroup.cs","9668","0x636C27CE ^ _003CModule_003E_007Be69553f9_002Deb39_002D49cd_002D9d77_002Da4ee304d94f7_007D.m_7b86004a82fb42ee97ea7d5e58574563.m_972142dcef4a4cfba572768c2212069f","mess_ThisFileTypeDeliverFail_NotSupport"
"PvfCode\ValidationRules\TreeList\BindingProxy.cs","56734","0x5D5F9A21 ^ _003CModule_003E_007Be69553f9_002Deb39_002D49cd_002D9d77_002Da4ee304d94f7_007D.m_7b86004a82fb42ee97ea7d5e58574563.m_a471290541044d3bb697860b55cc6bc1","Data"
"PvfCode\ValidationRules\TreeList\ComparisonNode.cs","56668","0x4C164F48 ^ _003CModule_003E_007Be69553f9_002Deb39_002D49cd_002D9d77_002Da4ee304d94f7_007D.m_7b86004a82fb42ee97ea7d5e58574563.m_d7eae1243bb84fa8b3e43c67ebe44716","Value"
"PvfCode\ValidationRules\TreeList\ComparisonNode.cs","56682","0x70D100CE ^ _003CModule_003E_007Be69553f9_002Deb39_002D49cd_002D9d77_002Da4ee304d94f7_007D.m_7b86004a82fb42ee97ea7d5e58574563.m_541fbf15174a41ce952b7916fd6276fe","BindingToTrigger"
"PvfCode\ValidationRules\TreeList\ComparisonNode.cs","56718","0x3065CB84 ^ _003CModule_003E_007Be69553f9_002Deb39_002D49cd_002D9d77_002Da4ee304d94f7_007D.m_7b86004a82fb42ee97ea7d5e58574563.m_add69167a2c54fe0bb2e5f0af2545839","Source"
"PvfCode\ValidationRules\TreeList\TreeListReNameNewFileNameRequiredValidationRule.cs","56396","0x2B2E623A ^ _003CModule_003E_007Be69553f9_002Deb39_002D49cd_002D9d77_002Da4ee304d94f7_007D.m_7b86004a82fb42ee97ea7d5e58574563.m_5b1a4905efa74bdd971c79e2845c55df","FileExplorer_RenameFile_NewFileNameIsNull"
"PvfCode\ValidationRules\TreeList\TreeListReNameNewFileNameRequiredValidationRule.cs","56482","0x4D230119 ^ _003CModule_003E_007Be69553f9_002Deb39_002D49cd_002D9d77_002Da4ee304d94f7_007D.m_7b86004a82fb42ee97ea7d5e58574563.m_5924bd2461b7415baa9211b5f1cb71b2","FileExplorer_RenameFile_FileNameIsRepeatInPvfPack"
"PvfCode\ValidationRules\TreeList\TreeListReNameNewFileNameRequiredValidationRule.cs","56584","0x51F108C4 ^ _003CModule_003E_007Be69553f9_002Deb39_002D49cd_002D9d77_002Da4ee304d94f7_007D.m_7b86004a82fb42ee97ea7d5e58574563.m_e9daf7d92d7e4446976bda811e90502a","FileExplorer_RenameFile_FileNameIsRepeat"
"PvfCode\ViewModels\AniDesigner\WindowAniDesignerViewModel.cs","56360","0x1B5E481E ^ _003CModule_003E_007Be69553f9_002Deb39_002D49cd_002D9d77_002Da4ee304d94f7_007D.m_7b86004a82fb42ee97ea7d5e58574563.m_995dc3f7a3024d82ba87d77f60d35fca","ani设计器  "
"PvfCode\ViewModels\AniDesigner\WindowAniDesignerViewModel.cs","56380","0x622F5E9E ^ _003CModule_003E_007Be69553f9_002Deb39_002D49cd_002D9d77_002Da4ee304d94f7_007D.m_7b86004a82fb42ee97ea7d5e58574563.m_41a03ba455a9468b9050278ae77448e1","ani设计器"
"PvfCode\ViewModels\AniDesigner\WindowAniDesignerViewModel.cs","82180","0x11B85E28 ^ _003CModule_003E_007Be69553f9_002Deb39_002D49cd_002D9d77_002Da4ee304d94f7_007D.m_7b86004a82fb42ee97ea7d5e58574563.m_39a59c8c3fda4dbdaaf2213c010b00a8","TextEditorPreviewViewModelAni.XL"
"PvfCode\ViewModels\AniDesigner\WindowAniDesignerViewModel.cs","84010","352137165 ^ 0x561A91FB ^ _003CModule_003E_007Be69553f9_002Deb39_002D49cd_002D9d77_002Da4ee304d94f7_007D.m_7b86004a82fb42ee97ea7d5e58574563.m_bbd6700d16934fad8cc9f8d19544f21f","帧"
"PvfCode\ViewModels\AniDesigner\WindowAniDesignerViewModel.cs","84016","0x4BA1FAF4 ^ _003CModule_003E_007Be69553f9_002Deb39_002D49cd_002D9d77_002Da4ee304d94f7_007D.m_7b86004a82fb42ee97ea7d5e58574563.m_d6a39a5ddb584a4d998858fb4ceeb027","帧编号 禁止编辑"
"PvfCode\ViewModels\AniDesigner\WindowAniDesignerViewModel.cs","84036","0x2B2FF632 ^ _003CModule_003E_007Be69553f9_002Deb39_002D49cd_002D9d77_002Da4ee304d94f7_007D.m_7b86004a82fb42ee97ea7d5e58574563.m_5b1a4905efa74bdd971c79e2845c55df","贴图设定"
"PvfCode\ViewModels\AniDesigner\WindowAniDesignerViewModel.cs","84048","0x51F67F91 ^ _003CModule_003E_007Be69553f9_002Deb39_002D49cd_002D9d77_002Da4ee304d94f7_007D.m_7b86004a82fb42ee97ea7d5e58574563.m_c14a170a5a60490084306350f271c7f1","开启阴影"
"PvfCode\ViewModels\AniDesigner\WindowAniDesignerViewModel.cs","84060","0x2D966F5D ^ _003CModule_003E_007Be69553f9_002Deb39_002D49cd_002D9d77_002Da4ee304d94f7_007D.m_7b86004a82fb42ee97ea7d5e58574563.m_59a7418b35384ddea3432ed6abd3f702","单色效果"
"PvfCode\ViewModels\AniDesigner\WindowAniDesignerViewModel.cs","84072","0x704F7347 ^ _003CModule_003E_007Be69553f9_002Deb39_002D49cd_002D9d77_002Da4ee304d94f7_007D.m_7b86004a82fb42ee97ea7d5e58574563.m_c4f70e4f04fd48b4b9edaf9a9b8fdeae","预加载"
"PvfCode\ViewModels\AniDesigner\WindowAniDesignerViewModel.cs","84082","0x7A7FB5CE ^ _003CModule_003E_007Be69553f9_002Deb39_002D49cd_002D9d77_002Da4ee304d94f7_007D.m_7b86004a82fb42ee97ea7d5e58574563.m_22c98bd810e84970b541501ace0b424a","缩放效果"
"PvfCode\ViewModels\AniDesigner\WindowAniDesignerViewModel.cs","84094","0x51F09DB2 ^ _003CModule_003E_007Be69553f9_002Deb39_002D49cd_002D9d77_002Da4ee304d94f7_007D.m_7b86004a82fb42ee97ea7d5e58574563.m_e9daf7d92d7e4446976bda811e90502a","这个词条不仅仅可以用来改变 贴图显示的大小还可以进行翻转等操作
[IMAGE RATE]//缩放
0.5 0.5//这样写就是 缩小一倍的意思放大也是类似写法
 -1 1.0 前面这个-1的话就是翻转的意思，比如想要一个人物贴图
转向右边就可以使用这个词条！但是NPC的话一般可以在地图调用里用Left词条来控制左右朝向，这里只是举个栗子！ 
摘录自台吧 By:@gs13678"
"PvfCode\ViewModels\AniDesigner\WindowAniDesignerViewModel.cs","84486","0x4BA1F8C2 ^ _003CModule_003E_007Be69553f9_002Deb39_002D49cd_002D9d77_002Da4ee304d94f7_007D.m_7b86004a82fb42ee97ea7d5e58574563.m_d6a39a5ddb584a4d998858fb4ceeb027","旋转图像"
"PvfCode\ViewModels\AniDesigner\WindowAniDesignerViewModel.cs","84498","0x5D5E0DAD ^ _003CModule_003E_007Be69553f9_002Deb39_002D49cd_002D9d77_002Da4ee304d94f7_007D.m_7b86004a82fb42ee97ea7d5e58574563.m_a471290541044d3bb697860b55cc6bc1","染色"
"PvfCode\ViewModels\AniDesigner\WindowAniDesignerViewModel.cs","84506","0x527BECC8 ^ _003CModule_003E_007Be69553f9_002Deb39_002D49cd_002D9d77_002Da4ee304d94f7_007D.m_7b86004a82fb42ee97ea7d5e58574563.m_cb81f441a98e4bd493b61df435bbdbdb","染色效果 RGBA"
"PvfCode\ViewModels\AniDesigner\WindowAniDesignerViewModel.cs","84528","0x4D22978B ^ _003CModule_003E_007Be69553f9_002Deb39_002D49cd_002D9d77_002Da4ee304d94f7_007D.m_7b86004a82fb42ee97ea7d5e58574563.m_5924bd2461b7415baa9211b5f1cb71b2","特效"
"PvfCode\ViewModels\AniDesigner\WindowAniDesignerViewModel.cs","84528","0x4D22978B ^ _003CModule_003E_007Be69553f9_002Deb39_002D49cd_002D9d77_002Da4ee304d94f7_007D.m_7b86004a82fb42ee97ea7d5e58574563.m_5924bd2461b7415baa9211b5f1cb71b2","特效"
"PvfCode\ViewModels\AniDesigner\WindowAniDesignerViewModel.cs","84536","0x2E4A5F43 ^ _003CModule_003E_007Be69553f9_002Deb39_002D49cd_002D9d77_002Da4ee304d94f7_007D.m_7b86004a82fb42ee97ea7d5e58574563.m_3f6f6322abdc4634a39525b5eb1c92fd","延迟"
"PvfCode\ViewModels\AniDesigner\WindowAniDesignerViewModel.cs","84544","0x7C0E54A2 ^ _003CModule_003E_007Be69553f9_002Deb39_002D49cd_002D9d77_002Da4ee304d94f7_007D.m_7b86004a82fb42ee97ea7d5e58574563.m_2bc1918cd21d40e9b73926d6c2cbc512","毫秒 1000=1/S"
"PvfCode\ViewModels\AniDesigner\WindowAniDesignerViewModel.cs","84570","0x42E7BC46 ^ _003CModule_003E_007Be69553f9_002Deb39_002D49cd_002D9d77_002Da4ee304d94f7_007D.m_7b86004a82fb42ee97ea7d5e58574563.m_bbd6700d16934fad8cc9f8d19544f21f","DAMAGE_TYPE"
"PvfCode\ViewModels\AniDesigner\WindowAniDesignerViewModel.cs","84596","0x6C4DAFD4 ^ _003CModule_003E_007Be69553f9_002Deb39_002D49cd_002D9d77_002Da4ee304d94f7_007D.m_7b86004a82fb42ee97ea7d5e58574563.m_c4ac9f35eb704455b489a780e86cf909","播放声音"
"PvfCode\ViewModels\AniDesigner\WindowAniDesignerViewModel.cs","84596","0xF03E264 ^ _003CModule_003E_007Be69553f9_002Deb39_002D49cd_002D9d77_002Da4ee304d94f7_007D.m_7b86004a82fb42ee97ea7d5e58574563.m_e5d5198bec9744b280b22d7dede4d8ad","播放声音"
"PvfCode\ViewModels\AniDesigner\WindowAniDesignerViewModel.cs","84608","0x2B2FF4F6 ^ _003CModule_003E_007Be69553f9_002Deb39_002D49cd_002D9d77_002Da4ee304d94f7_007D.m_7b86004a82fb42ee97ea7d5e58574563.m_5b1a4905efa74bdd971c79e2845c55df","SET_FLAG"
"PvfCode\ViewModels\AniDesigner\WindowAniDesignerViewModel.cs","84608","0x3D9A9A99 ^ _003CModule_003E_007Be69553f9_002Deb39_002D49cd_002D9d77_002Da4ee304d94f7_007D.m_7b86004a82fb42ee97ea7d5e58574563.m_825859c4ee504b91a6a1d6e7fabf4f01","SET_FLAG"
"PvfCode\ViewModels\AniDesigner\WindowAniDesignerViewModel.cs","84628","0x3CA8F447 ^ _003CModule_003E_007Be69553f9_002Deb39_002D49cd_002D9d77_002Da4ee304d94f7_007D.m_7b86004a82fb42ee97ea7d5e58574563.m_c10a6115b19c4927ae8ffc79f8f16dfb","翻转"
"PvfCode\ViewModels\AniDesigner\WindowAniDesignerViewModel.cs","84636","0x89BC2B5 ^ _003CModule_003E_007Be69553f9_002Deb39_002D49cd_002D9d77_002Da4ee304d94f7_007D.m_7b86004a82fb42ee97ea7d5e58574563.m_cf19654829b546c5ba704a307b4e0bfa","图像翻转
HORIZON=平行
VERTICAL=垂直
ALL=全部？"
"PvfCode\ViewModels\AniDesigner\WindowAniDesignerViewModel.cs","84716","0x41EC311E ^ _003CModule_003E_007Be69553f9_002Deb39_002D49cd_002D9d77_002Da4ee304d94f7_007D.m_7b86004a82fb42ee97ea7d5e58574563.m_ba7ada5c647b4fc094df6608a5b444bd","循环开始"
"PvfCode\ViewModels\AniDesigner\WindowAniDesignerViewModel.cs","84728","0x51F09F34 ^ _003CModule_003E_007Be69553f9_002Deb39_002D49cd_002D9d77_002Da4ee304d94f7_007D.m_7b86004a82fb42ee97ea7d5e58574563.m_e9daf7d92d7e4446976bda811e90502a","循环结束"
"PvfCode\ViewModels\AniDesigner\WindowAniDesignerViewModel.cs","84740","0x51F67CC5 ^ _003CModule_003E_007Be69553f9_002Deb39_002D49cd_002D9d77_002Da4ee304d94f7_007D.m_7b86004a82fb42ee97ea7d5e58574563.m_c14a170a5a60490084306350f271c7f1","CLIP"
"PvfCode\ViewModels\AniDesigner\WindowAniDesignerViewModel.cs","84752","0x42E7BD0C ^ _003CModule_003E_007Be69553f9_002Deb39_002D49cd_002D9d77_002Da4ee304d94f7_007D.m_7b86004a82fb42ee97ea7d5e58574563.m_bbd6700d16934fad8cc9f8d19544f21f","裁剪？"
"PvfCode\ViewModels\AniDesigner\WindowAniDesignerViewModel.cs","84762","0x2D966C1B ^ _003CModule_003E_007Be69553f9_002Deb39_002D49cd_002D9d77_002Da4ee304d94f7_007D.m_7b86004a82fb42ee97ea7d5e58574563.m_59a7418b35384ddea3432ed6abd3f702","载入中..."
"PvfCode\ViewModels\Bars\BarCommandViewModel.cs","56008","0x25C0CF5F ^ _003CModule_003E_007Be69553f9_002Deb39_002D49cd_002D9d77_002Da4ee304d94f7_007D.m_7b86004a82fb42ee97ea7d5e58574563.m_c8944dd9ca4b4079b8678bce0630ff7d","IsEnabled"
"PvfCode\ViewModels\Bars\BarViewModel.cs","10408","0x4D23F513 ^ _003CModule_003E_007Be69553f9_002Deb39_002D49cd_002D9d77_002Da4ee304d94f7_007D.m_7b86004a82fb42ee97ea7d5e58574563.m_5924bd2461b7415baa9211b5f1cb71b2","mess_PleaseLoadPvfPackFirst"
"PvfCode\ViewModels\Bars\BarViewModel.cs","10772","0x3CA994C7 ^ _003CModule_003E_007Be69553f9_002Deb39_002D49cd_002D9d77_002Da4ee304d94f7_007D.m_7b86004a82fb42ee97ea7d5e58574563.m_c10a6115b19c4927ae8ffc79f8f16dfb",","
"PvfCode\ViewModels\Bars\BarViewModel.cs","10772","0x4C16B800 ^ _003CModule_003E_007Be69553f9_002Deb39_002D49cd_002D9d77_002Da4ee304d94f7_007D.m_7b86004a82fb42ee97ea7d5e58574563.m_d7eae1243bb84fa8b3e43c67ebe44716",","
"PvfCode\ViewModels\Bars\BarViewModel.cs","19830","0x704E7659 ^ _003CModule_003E_007Be69553f9_002Deb39_002D49cd_002D9d77_002Da4ee304d94f7_007D.m_7b86004a82fb42ee97ea7d5e58574563.m_c4f70e4f04fd48b4b9edaf9a9b8fdeae","mess_FileNotExist"
"PvfCode\ViewModels\Bars\BarViewModel.cs","29422","0x527AD43C ^ _003CModule_003E_007Be69553f9_002Deb39_002D49cd_002D9d77_002Da4ee304d94f7_007D.m_7b86004a82fb42ee97ea7d5e58574563.m_cb81f441a98e4bd493b61df435bbdbdb",".pvf"
"PvfCode\ViewModels\Bars\BarViewModel.cs","49354","0x5D5F8775 ^ _003CModule_003E_007Be69553f9_002Deb39_002D49cd_002D9d77_002Da4ee304d94f7_007D.m_7b86004a82fb42ee97ea7d5e58574563.m_a471290541044d3bb697860b55cc6bc1","Text"
"PvfCode\ViewModels\Bars\BarViewModel.cs","55960","0x19F9BE59 ^ _003CModule_003E_007Be69553f9_002Deb39_002D49cd_002D9d77_002Da4ee304d94f7_007D.m_7b86004a82fb42ee97ea7d5e58574563.m_afceaa2a86c14a5c9cf1f8f0fdd0f590","*.xml"
"PvfCode\ViewModels\Bars\BarViewModel.cs","55974","0x19F9BE67 ^ _003CModule_003E_007Be69553f9_002Deb39_002D49cd_002D9d77_002Da4ee304d94f7_007D.m_7b86004a82fb42ee97ea7d5e58574563.m_afceaa2a86c14a5c9cf1f8f0fdd0f590","/root"
"PvfCode\ViewModels\Bars\BarViewModel.cs","55988","0x101829E7 ^ _003CModule_003E_007Be69553f9_002Deb39_002D49cd_002D9d77_002Da4ee304d94f7_007D.m_7b86004a82fb42ee97ea7d5e58574563.m_80f251012e8548e0baf3267defb3d706","FileName"
"PvfCode\ViewModels\Bars\BarViewModel.cs","56030","0x4D230765 ^ _003CModule_003E_007Be69553f9_002Deb39_002D49cd_002D9d77_002Da4ee304d94f7_007D.m_7b86004a82fb42ee97ea7d5e58574563.m_5924bd2461b7415baa9211b5f1cb71b2","mess_SavePvfPackShowDialog"
"PvfCode\ViewModels\Bars\BarViewModel.cs","56086","0x2E4BCE6D ^ _003CModule_003E_007Be69553f9_002Deb39_002D49cd_002D9d77_002Da4ee304d94f7_007D.m_7b86004a82fb42ee97ea7d5e58574563.m_3f6f6322abdc4634a39525b5eb1c92fd","SavePvfPackFileDialogFilterName"
"PvfCode\ViewModels\Bars\BarViewModel.cs","56086","0x2D97FC17 ^ _003CModule_003E_007Be69553f9_002Deb39_002D49cd_002D9d77_002Da4ee304d94f7_007D.m_7b86004a82fb42ee97ea7d5e58574563.m_59a7418b35384ddea3432ed6abd3f702","SavePvfPackFileDialogFilterName"
"PvfCode\ViewModels\Bars\BarViewModel.cs","56152","0x662D1A68 ^ _003CModule_003E_007Be69553f9_002Deb39_002D49cd_002D9d77_002Da4ee304d94f7_007D.m_7b86004a82fb42ee97ea7d5e58574563.m_1e27397300b24ef4ba98a645a53798c2"," (*.pvf)|*.pvf"
"PvfCode\ViewModels\Bars\BarViewModel.cs","56152","0x6C4C3EF8 ^ _003CModule_003E_007Be69553f9_002Deb39_002D49cd_002D9d77_002Da4ee304d94f7_007D.m_7b86004a82fb42ee97ea7d5e58574563.m_c4ac9f35eb704455b489a780e86cf909"," (*.pvf)|*.pvf"
"PvfCode\ViewModels\Bars\BarViewModel.cs","56184","0x3CA965AB ^ _003CModule_003E_007Be69553f9_002Deb39_002D49cd_002D9d77_002Da4ee304d94f7_007D.m_7b86004a82fb42ee97ea7d5e58574563.m_c10a6115b19c4927ae8ffc79f8f16dfb","导入旧版的Comment.xml"
"PvfCode\ViewModels\Bars\BarViewModel.cs","56220","0x46DACA95 ^ _003CModule_003E_007Be69553f9_002Deb39_002D49cd_002D9d77_002Da4ee304d94f7_007D.m_7b86004a82fb42ee97ea7d5e58574563.m_34a93bd635aa4a0cb45ae24212f58e0f","旧版的Comment.xml文件"
"PvfCode\ViewModels\Bars\BarViewModel.cs","56256","0x636CD9CA ^ _003CModule_003E_007Be69553f9_002Deb39_002D49cd_002D9d77_002Da4ee304d94f7_007D.m_7b86004a82fb42ee97ea7d5e58574563.m_972142dcef4a4cfba572768c2212069f","etc/titlebook.etc"
"PvfCode\ViewModels\Bars\BarViewModel.cs","56256","0x265CF602 ^ _003CModule_003E_007Be69553f9_002Deb39_002D49cd_002D9d77_002Da4ee304d94f7_007D.m_7b86004a82fb42ee97ea7d5e58574563.m_00f9435ae4b3435e95ad1d31b77e7a6f","etc/titlebook.etc"
"PvfCode\ViewModels\Bars\BarViewModel.cs","56294","0x46DACAEF ^ _003CModule_003E_007Be69553f9_002Deb39_002D49cd_002D9d77_002Da4ee304d94f7_007D.m_7b86004a82fb42ee97ea7d5e58574563.m_34a93bd635aa4a0cb45ae24212f58e0f","称号簿文件不存在"
"PvfCode\ViewModels\Bars\BarViewModel.cs","56294","0x7A7E265A ^ _003CModule_003E_007Be69553f9_002Deb39_002D49cd_002D9d77_002Da4ee304d94f7_007D.m_7b86004a82fb42ee97ea7d5e58574563.m_22c98bd810e84970b541501ace0b424a","称号簿文件不存在"
"PvfCode\ViewModels\Bars\BarViewModel.cs","56314","0x21874254 ^ _003CModule_003E_007Be69553f9_002Deb39_002D49cd_002D9d77_002Da4ee304d94f7_007D.m_7b86004a82fb42ee97ea7d5e58574563.m_a6871abdbd314ec9bd2de23164bed82c","已复制到剪贴板 Count："
"PvfCode\ViewModels\Bars\BarViewModel.cs","56314","0x265CF638 ^ _003CModule_003E_007Be69553f9_002Deb39_002D49cd_002D9d77_002Da4ee304d94f7_007D.m_7b86004a82fb42ee97ea7d5e58574563.m_00f9435ae4b3435e95ad1d31b77e7a6f","已复制到剪贴板 Count："
"PvfCode\ViewModels\Bars\BarViewModel.cs","78982","0x200715E ^ _003CModule_003E_007Be69553f9_002Deb39_002D49cd_002D9d77_002Da4ee304d94f7_007D.m_7b86004a82fb42ee97ea7d5e58574563.m_582a7f02cd3044949cbbc8d81e970cdb","mess_CannotOpenPvfPack"
"PvfCode\ViewModels\Bars\BarViewModel.cs","83328","0x2B2FFBF6 ^ _003CModule_003E_007Be69553f9_002Deb39_002D49cd_002D9d77_002Da4ee304d94f7_007D.m_7b86004a82fb42ee97ea7d5e58574563.m_5b1a4905efa74bdd971c79e2845c55df","mess_ImportFileSuccess"
"PvfCode\ViewModels\Bars\BarViewModel.cs","83376","0x51F0907C ^ _003CModule_003E_007Be69553f9_002Deb39_002D49cd_002D9d77_002Da4ee304d94f7_007D.m_7b86004a82fb42ee97ea7d5e58574563.m_e9daf7d92d7e4446976bda811e90502a","您的旧版Comment.xml有误 无法导入！"
"PvfCode\ViewModels\Bars\BarViewModel.cs","83426","0x70D09846 ^ _003CModule_003E_007Be69553f9_002Deb39_002D49cd_002D9d77_002Da4ee304d94f7_007D.m_7b86004a82fb42ee97ea7d5e58574563.m_541fbf15174a41ce952b7916fd6276fe","NewScript.pvf"
"PvfCode\ViewModels\Bars\BarViewModel.cs","83456","-1904881294 ^ -1414233371 ^ _003CModule_003E_007Be69553f9_002Deb39_002D49cd_002D9d77_002Da4ee304d94f7_007D.m_7b86004a82fb42ee97ea7d5e58574563.m_c8944dd9ca4b4079b8678bce0630ff7d","SaveNewPvfPackFileDialogSelectDirTitle"
"PvfCode\ViewModels\Bars\BarViewModel.cs","83536","352137165 ^ 0x5511126F ^ _003CModule_003E_007Be69553f9_002Deb39_002D49cd_002D9d77_002Da4ee304d94f7_007D.m_7b86004a82fb42ee97ea7d5e58574563.m_ba7ada5c647b4fc094df6608a5b444bd","mess_NewPvfPackSuccess"
"PvfCode\ViewModels\Bars\BarViewModel.cs","83584","0x41EC3D72 ^ _003CModule_003E_007Be69553f9_002Deb39_002D49cd_002D9d77_002Da4ee304d94f7_007D.m_7b86004a82fb42ee97ea7d5e58574563.m_ba7ada5c647b4fc094df6608a5b444bd","mess_CloseCurrentPvfPackDialog"
"PvfCode\ViewModels\Bars\BarViewModel.cs","83648","0x4E186C59 ^ _003CModule_003E_007Be69553f9_002Deb39_002D49cd_002D9d77_002Da4ee304d94f7_007D.m_7b86004a82fb42ee97ea7d5e58574563.m_24a7cb1bd49e4021b5d8fa5493d816ca","OpenPvfPackFileDialogFilterName"
"PvfCode\ViewModels\Bars\BarViewModel.cs","83648","0x662C87F0 ^ _003CModule_003E_007Be69553f9_002Deb39_002D49cd_002D9d77_002Da4ee304d94f7_007D.m_7b86004a82fb42ee97ea7d5e58574563.m_1e27397300b24ef4ba98a645a53798c2","OpenPvfPackFileDialogFilterName"
"PvfCode\ViewModels\Bars\BarViewModel.cs","83714","0x265D6AC0 ^ _003CModule_003E_007Be69553f9_002Deb39_002D49cd_002D9d77_002Da4ee304d94f7_007D.m_7b86004a82fb42ee97ea7d5e58574563.m_00f9435ae4b3435e95ad1d31b77e7a6f","mess_LoadPvfPackDialog"
"PvfCode\ViewModels\Bars\BarViewModel.cs","83762","0x25C152A5 ^ _003CModule_003E_007Be69553f9_002Deb39_002D49cd_002D9d77_002Da4ee304d94f7_007D.m_7b86004a82fb42ee97ea7d5e58574563.m_c8944dd9ca4b4079b8678bce0630ff7d","mess_PvfPackLoading"
"PvfCode\ViewModels\Bars\BarViewModel.cs","83804","0x6D277592 ^ _003CModule_003E_007Be69553f9_002Deb39_002D49cd_002D9d77_002Da4ee304d94f7_007D.m_7b86004a82fb42ee97ea7d5e58574563.m_a1b83f1dd0754677898be265fae789c4","IsLogin"
"PvfCode\ViewModels\Bars\BarViewModel.cs","83822","0x636D4564 ^ _003CModule_003E_007Be69553f9_002Deb39_002D49cd_002D9d77_002Da4ee304d94f7_007D.m_7b86004a82fb42ee97ea7d5e58574563.m_972142dcef4a4cfba572768c2212069f","mess_ExistUnsavedFileDialogTitle"
"PvfCode\ViewModels\Bars\BarViewModel.cs","83890","0x51F67073 ^ _003CModule_003E_007Be69553f9_002Deb39_002D49cd_002D9d77_002Da4ee304d94f7_007D.m_7b86004a82fb42ee97ea7d5e58574563.m_c14a170a5a60490084306350f271c7f1","是"
"PvfCode\ViewModels\Bars\BarViewModel.cs","83896","0x2B2FF9CE ^ _003CModule_003E_007Be69553f9_002Deb39_002D49cd_002D9d77_002Da4ee304d94f7_007D.m_7b86004a82fb42ee97ea7d5e58574563.m_5b1a4905efa74bdd971c79e2845c55df","否"
"PvfCode\ViewModels\Bars\BarViewModel.cs","83902","0x2B2FF9C8 ^ _003CModule_003E_007Be69553f9_002Deb39_002D49cd_002D9d77_002Da4ee304d94f7_007D.m_7b86004a82fb42ee97ea7d5e58574563.m_5b1a4905efa74bdd971c79e2845c55df","取消"
"PvfCode\ViewModels\Bars\BarViewModel.cs","83910","0x13FD00AC ^ _003CModule_003E_007Be69553f9_002Deb39_002D49cd_002D9d77_002Da4ee304d94f7_007D.m_7b86004a82fb42ee97ea7d5e58574563.m_a7cc82b779404332a260d01290ecb801","mess_SavePvfPackSuccess"
"PvfCode\ViewModels\Bars\BarViewModel.cs","83960","0x65E7B99B ^ _003CModule_003E_007Be69553f9_002Deb39_002D49cd_002D9d77_002Da4ee304d94f7_007D.m_7b86004a82fb42ee97ea7d5e58574563.m_0a3e5af7839d43a19884f927a9769d0e","WinImportFile_Title"
"PvfCode\ViewModels\Bars\ViewModel.cs","56346","0x3065CA10 ^ _003CModule_003E_007Be69553f9_002Deb39_002D49cd_002D9d77_002Da4ee304d94f7_007D.m_7b86004a82fb42ee97ea7d5e58574563.m_add69167a2c54fe0bb2e5f0af2545839","_"
"PvfCode\ViewModels\Bars\ViewModel.cs","56352","0x3509D539 ^ _003CModule_003E_007Be69553f9_002Deb39_002D49cd_002D9d77_002Da4ee304d94f7_007D.m_7b86004a82fb42ee97ea7d5e58574563.m_c3720eb655124e6e81b317ef170605cd","\W"
"PvfCode\ViewModels\BookMarkEdit\BookMarkEditViewViewModel.cs","23334","0x42E6AD3A ^ _003CModule_003E_007Be69553f9_002Deb39_002D49cd_002D9d77_002Da4ee304d94f7_007D.m_7b86004a82fb42ee97ea7d5e58574563.m_bbd6700d16934fad8cc9f8d19544f21f","ChildNodesSelector"
"PvfCode\ViewModels\BookMarkEdit\BookMarkEditViewViewModel.cs","30520","0x4BA0C5FC ^ _003CModule_003E_007Be69553f9_002Deb39_002D49cd_002D9d77_002Da4ee304d94f7_007D.m_7b86004a82fb42ee97ea7d5e58574563.m_d6a39a5ddb584a4d998858fb4ceeb027","NewBookMarkFileName"
"PvfCode\ViewModels\BookMarkEdit\BookMarkEditViewViewModel.cs","31138","0x527ADF70 ^ _003CModule_003E_007Be69553f9_002Deb39_002D49cd_002D9d77_002Da4ee304d94f7_007D.m_7b86004a82fb42ee97ea7d5e58574563.m_cb81f441a98e4bd493b61df435bbdbdb","Trees"
"PvfCode\ViewModels\BookMarkEdit\BookMarkEditViewViewModel.cs","34306","-1904881294 ^ -1606532597 ^ _003CModule_003E_007Be69553f9_002Deb39_002D49cd_002D9d77_002Da4ee304d94f7_007D.m_7b86004a82fb42ee97ea7d5e58574563.m_3f6f6322abdc4634a39525b5eb1c92fd","Title"
"PvfCode\ViewModels\BookMarkEdit\BookMarkEditViewViewModel.cs","34306","0x46DA970B ^ _003CModule_003E_007Be69553f9_002Deb39_002D49cd_002D9d77_002Da4ee304d94f7_007D.m_7b86004a82fb42ee97ea7d5e58574563.m_34a93bd635aa4a0cb45ae24212f58e0f","Title"
"PvfCode\ViewModels\BookMarkEdit\BookMarkEditViewViewModel.cs","34306","0x35098F1B ^ _003CModule_003E_007Be69553f9_002Deb39_002D49cd_002D9d77_002Da4ee304d94f7_007D.m_7b86004a82fb42ee97ea7d5e58574563.m_c3720eb655124e6e81b317ef170605cd","Title"
"PvfCode\ViewModels\BookMarkEdit\BookMarkEditViewViewModel.cs","34306","-985766894 ^ -691886726 ^ _003CModule_003E_007Be69553f9_002Deb39_002D49cd_002D9d77_002Da4ee304d94f7_007D.m_7b86004a82fb42ee97ea7d5e58574563.m_a7cc82b779404332a260d01290ecb801","Title"
"PvfCode\ViewModels\BookMarkEdit\BookMarkEditViewViewModel.cs","39216","0x5D5FDE8F ^ _003CModule_003E_007Be69553f9_002Deb39_002D49cd_002D9d77_002Da4ee304d94f7_007D.m_7b86004a82fb42ee97ea7d5e58574563.m_a471290541044d3bb697860b55cc6bc1","-"
"PvfCode\ViewModels\BookMarkEdit\BookMarkEditViewViewModel.cs","39216","0x13FCDE5A ^ _003CModule_003E_007Be69553f9_002Deb39_002D49cd_002D9d77_002Da4ee304d94f7_007D.m_7b86004a82fb42ee97ea7d5e58574563.m_a7cc82b779404332a260d01290ecb801","-"
"PvfCode\ViewModels\BookMarkEdit\BookMarkEditViewViewModel.cs","55432","0x4C164A9C ^ _003CModule_003E_007Be69553f9_002Deb39_002D49cd_002D9d77_002Da4ee304d94f7_007D.m_7b86004a82fb42ee97ea7d5e58574563.m_d7eae1243bb84fa8b3e43c67ebe44716","BookMarkWindow_PreviewTitle"
"PvfCode\ViewModels\BookMarkEdit\BookMarkEditViewViewModel.cs","55490","0x659E865F ^ _003CModule_003E_007Be69553f9_002Deb39_002D49cd_002D9d77_002Da4ee304d94f7_007D.m_7b86004a82fb42ee97ea7d5e58574563.m_0cdaa8b4a2df45ea8b368477e0c569ba","BookMarkWindow_SelectSaveDirectoryTitle"
"PvfCode\ViewModels\BookMarkEdit\BookMarkEditViewViewModel.cs","55572","0x3065CF1E ^ _003CModule_003E_007Be69553f9_002Deb39_002D49cd_002D9d77_002Da4ee304d94f7_007D.m_7b86004a82fb42ee97ea7d5e58574563.m_add69167a2c54fe0bb2e5f0af2545839","BookMarkWindow_Title"
"PvfCode\ViewModels\BookMarkEdit\BookMarkEditViewViewModel.cs","55616","0x527A7F92 ^ _003CModule_003E_007Be69553f9_002Deb39_002D49cd_002D9d77_002Da4ee304d94f7_007D.m_7b86004a82fb42ee97ea7d5e58574563.m_cb81f441a98e4bd493b61df435bbdbdb","mess_CannotDeleteRootDir"
"PvfCode\ViewModels\BookMarkEdit\BookMarkEditViewViewModel.cs","55668","0xB1DFFCC ^ _003CModule_003E_007Be69553f9_002Deb39_002D49cd_002D9d77_002Da4ee304d94f7_007D.m_7b86004a82fb42ee97ea7d5e58574563.m_df89dfc2a96347ad9471b517744dea02","mess_DeleteBookmarkConfirm"
"PvfCode\ViewModels\BookMarkEdit\BookMarkEditViewViewModel.cs","55724","0x3509D0B5 ^ _003CModule_003E_007Be69553f9_002Deb39_002D49cd_002D9d77_002Da4ee304d94f7_007D.m_7b86004a82fb42ee97ea7d5e58574563.m_c3720eb655124e6e81b317ef170605cd","NewBookMarkFolderName"
"PvfCode\ViewModels\BookMarkEdit\BookMarkEditViewViewModel.cs","55770","0x46DAC8D3 ^ _003CModule_003E_007Be69553f9_002Deb39_002D49cd_002D9d77_002Da4ee304d94f7_007D.m_7b86004a82fb42ee97ea7d5e58574563.m_34a93bd635aa4a0cb45ae24212f58e0f","mess_CannotEditRootDir"
"PvfCode\ViewModels\BookMarkEdit\BookMarkEditViewViewModel.cs","55818","0x933DBBD ^ _003CModule_003E_007Be69553f9_002Deb39_002D49cd_002D9d77_002Da4ee304d94f7_007D.m_7b86004a82fb42ee97ea7d5e58574563.m_a47e9e4bf3624e7291689f8fb4b10989","mess_CannotCutRootDir"
"PvfCode\ViewModels\BookMarkEdit\BookMarkEditViewViewModel.cs","55864","0x89A5211 ^ _003CModule_003E_007Be69553f9_002Deb39_002D49cd_002D9d77_002Da4ee304d94f7_007D.m_7b86004a82fb42ee97ea7d5e58574563.m_cf19654829b546c5ba704a307b4e0bfa","mess_NoPasteNode"
"PvfCode\ViewModels\BookMarkEdit\BookMarkEditViewViewModel.cs","55900","0x51F10F90 ^ _003CModule_003E_007Be69553f9_002Deb39_002D49cd_002D9d77_002Da4ee304d94f7_007D.m_7b86004a82fb42ee97ea7d5e58574563.m_e9daf7d92d7e4446976bda811e90502a","mess_CutFailed"
"PvfCode\ViewModels\BookMarkEdit\BookMarkEditViewViewModel.cs","55932","0x41EDA18E ^ _003CModule_003E_007Be69553f9_002Deb39_002D49cd_002D9d77_002Da4ee304d94f7_007D.m_7b86004a82fb42ee97ea7d5e58574563.m_ba7ada5c647b4fc094df6608a5b444bd","打开书签文件"
"PvfCode\ViewModels\BookMarkEdit\BookMarkEditViewViewModel.cs","55948","0x662D1BBC ^ _003CModule_003E_007Be69553f9_002Deb39_002D49cd_002D9d77_002Da4ee304d94f7_007D.m_7b86004a82fb42ee97ea7d5e58574563.m_1e27397300b24ef4ba98a645a53798c2","书签文件"
"PvfCode\ViewModels\BookMarkEdit\BookMarkEditViewViewModel.cs","55960","0x4178B34 ^ _003CModule_003E_007Be69553f9_002Deb39_002D49cd_002D9d77_002Da4ee304d94f7_007D.m_7b86004a82fb42ee97ea7d5e58574563.m_8fd2865c456d4936bd87c4a63c3e7ba1","*.xml"
"PvfCode\ViewModels\BookMarkEdit\BookMarkEditViewViewModel.cs","55974","0x51F10F6A ^ _003CModule_003E_007Be69553f9_002Deb39_002D49cd_002D9d77_002Da4ee304d94f7_007D.m_7b86004a82fb42ee97ea7d5e58574563.m_e9daf7d92d7e4446976bda811e90502a","/root"
"PvfCode\ViewModels\BookMarkEdit\BookMarkEditViewViewModel.cs","55988","0x42E62CA8 ^ _003CModule_003E_007Be69553f9_002Deb39_002D49cd_002D9d77_002Da4ee304d94f7_007D.m_7b86004a82fb42ee97ea7d5e58574563.m_bbd6700d16934fad8cc9f8d19544f21f","FileName"
"PvfCode\ViewModels\BookMarkEdit\BookMarkEditViewViewModel.cs","55988","0x5D5F9D0B ^ _003CModule_003E_007Be69553f9_002Deb39_002D49cd_002D9d77_002Da4ee304d94f7_007D.m_7b86004a82fb42ee97ea7d5e58574563.m_a471290541044d3bb697860b55cc6bc1","FileName"
"PvfCode\ViewModels\BookMarkEdit\BookMarkEditViewViewModel.cs","83252","-1863606693 ^ -1229523283 ^ _003CModule_003E_007Be69553f9_002Deb39_002D49cd_002D9d77_002Da4ee304d94f7_007D.m_7b86004a82fb42ee97ea7d5e58574563.m_00f9435ae4b3435e95ad1d31b77e7a6f","我的书签"
"PvfCode\ViewModels\BookMarkEdit\BookMarkEditViewViewModel.cs","83252","0x636D473E ^ _003CModule_003E_007Be69553f9_002Deb39_002D49cd_002D9d77_002Da4ee304d94f7_007D.m_7b86004a82fb42ee97ea7d5e58574563.m_972142dcef4a4cfba572768c2212069f","我的书签"
"PvfCode\ViewModels\BookMarkEdit\BookMarkEditViewViewModel.cs","83264","0x2000098 ^ _003CModule_003E_007Be69553f9_002Deb39_002D49cd_002D9d77_002Da4ee304d94f7_007D.m_7b86004a82fb42ee97ea7d5e58574563.m_582a7f02cd3044949cbbc8d81e970cdb","mess_Sharing"
"PvfCode\ViewModels\BookMarkEdit\BookMarkEditViewViewModel.cs","83292","0x51F09090 ^ _003CModule_003E_007Be69553f9_002Deb39_002D49cd_002D9d77_002Da4ee304d94f7_007D.m_7b86004a82fb42ee97ea7d5e58574563.m_e9daf7d92d7e4446976bda811e90502a","mess_ShareFailed"
"PvfCode\ViewModels\Description\FileListDescription\FileListDescriptionViewModel.cs","55382","0x2019D8E ^ _003CModule_003E_007Be69553f9_002Deb39_002D49cd_002D9d77_002Da4ee304d94f7_007D.m_7b86004a82fb42ee97ea7d5e58574563.m_582a7f02cd3044949cbbc8d81e970cdb","mess_PleaseInputComment"
"PvfCode\ViewModels\Description\FileListDescription\FileListDescriptionViewModel.cs","55382","0x46DAC95F ^ _003CModule_003E_007Be69553f9_002Deb39_002D49cd_002D9d77_002Da4ee304d94f7_007D.m_7b86004a82fb42ee97ea7d5e58574563.m_34a93bd635aa4a0cb45ae24212f58e0f","mess_PleaseInputComment"
"PvfCode\ViewModels\Description\FileListDescription\FileListDescriptionViewModel.cs","83200","0x7A7FB8BC ^ _003CModule_003E_007Be69553f9_002Deb39_002D49cd_002D9d77_002Da4ee304d94f7_007D.m_7b86004a82fb42ee97ea7d5e58574563.m_22c98bd810e84970b541501ace0b424a","mess_PleaseInputFilePath"
"PvfCode\ViewModels\Description\ViewTabComment\ViewTabCommentViewModel.cs","22326","0x11B9481A ^ _003CModule_003E_007Be69553f9_002Deb39_002D49cd_002D9d77_002Da4ee304d94f7_007D.m_7b86004a82fb42ee97ea7d5e58574563.m_39a59c8c3fda4dbdaaf2213c010b00a8","Items"
"PvfCode\ViewModels\Description\ViewTabComment\ViewTabCommentViewModel.cs","22326","0x417069A ^ _003CModule_003E_007Be69553f9_002Deb39_002D49cd_002D9d77_002Da4ee304d94f7_007D.m_7b86004a82fb42ee97ea7d5e58574563.m_8fd2865c456d4936bd87c4a63c3e7ba1","Items"
"PvfCode\ViewModels\Description\ViewTabComment\ViewTabCommentViewModel.cs","22326","0x19F933F7 ^ _003CModule_003E_007Be69553f9_002Deb39_002D49cd_002D9d77_002Da4ee304d94f7_007D.m_7b86004a82fb42ee97ea7d5e58574563.m_afceaa2a86c14a5c9cf1f8f0fdd0f590","Items"
"PvfCode\ViewModels\Description\ViewTabComment\ViewTabCommentViewModel.cs","31968","0x4BA0CE24 ^ _003CModule_003E_007Be69553f9_002Deb39_002D49cd_002D9d77_002Da4ee304d94f7_007D.m_7b86004a82fb42ee97ea7d5e58574563.m_d6a39a5ddb584a4d998858fb4ceeb027","mess_Total"
"PvfCode\ViewModels\Description\ViewTabComment\ViewTabCommentViewModel.cs","31968","0x4BA0CE24 ^ _003CModule_003E_007Be69553f9_002Deb39_002D49cd_002D9d77_002Da4ee304d94f7_007D.m_7b86004a82fb42ee97ea7d5e58574563.m_d6a39a5ddb584a4d998858fb4ceeb027","mess_Total"
"PvfCode\ViewModels\Description\ViewTabComment\ViewTabCommentViewModel.cs","55238","0x6D26E508 ^ _003CModule_003E_007Be69553f9_002Deb39_002D49cd_002D9d77_002Da4ee304d94f7_007D.m_7b86004a82fb42ee97ea7d5e58574563.m_a1b83f1dd0754677898be265fae789c4","ViewTabCommentViewModel_DefaultSectionComment"
"PvfCode\ViewModels\Description\ViewTabComment\ViewTabCommentViewModel.cs","55332","0x527A7EF6 ^ _003CModule_003E_007Be69553f9_002Deb39_002D49cd_002D9d77_002Da4ee304d94f7_007D.m_7b86004a82fb42ee97ea7d5e58574563.m_cb81f441a98e4bd493b61df435bbdbdb","mess_PleaseInputTagName"
"PvfCode\ViewModels\Description\ViewTabComment\ViewTabCommentViewModel.cs","55382","0xB1DFEEE ^ _003CModule_003E_007Be69553f9_002Deb39_002D49cd_002D9d77_002Da4ee304d94f7_007D.m_7b86004a82fb42ee97ea7d5e58574563.m_df89dfc2a96347ad9471b517744dea02","mess_PleaseInputComment"
"PvfCode\ViewModels\Description\ViewTabComment\ViewTabCommentViewModel.cs","83144","0x4BA1F60C ^ _003CModule_003E_007Be69553f9_002Deb39_002D49cd_002D9d77_002Da4ee304d94f7_007D.m_7b86004a82fb42ee97ea7d5e58574563.m_d6a39a5ddb584a4d998858fb4ceeb027","mess_GetTranslateListError"
"PvfCode\ViewModels\Diff\DiffSource.cs","19830","0x42E6BB6A ^ _003CModule_003E_007Be69553f9_002Deb39_002D49cd_002D9d77_002Da4ee304d94f7_007D.m_7b86004a82fb42ee97ea7d5e58574563.m_bbd6700d16934fad8cc9f8d19544f21f","mess_FileNotExist"
"PvfCode\ViewModels\Diff\DiffSource.cs","19830","0x1018BE25 ^ _003CModule_003E_007Be69553f9_002Deb39_002D49cd_002D9d77_002Da4ee304d94f7_007D.m_7b86004a82fb42ee97ea7d5e58574563.m_80f251012e8548e0baf3267defb3d706","mess_FileNotExist"
"PvfCode\ViewModels\Diff\DiffSource.cs","55100","0x768A2EBA ^ _003CModule_003E_007Be69553f9_002Deb39_002D49cd_002D9d77_002Da4ee304d94f7_007D.m_7b86004a82fb42ee97ea7d5e58574563.m_5f32481f68ae4c7eaeea7ec68a5ff47b","FilePath"
"PvfCode\ViewModels\Diff\DiffSource.cs","55120","0x67785B59 ^ _003CModule_003E_007Be69553f9_002Deb39_002D49cd_002D9d77_002Da4ee304d94f7_007D.m_7b86004a82fb42ee97ea7d5e58574563.m_e0f0c9b53f5f4d0e88dcbb6df9cbe106","mess_7zNotSupport"
"PvfCode\ViewModels\Diff\WinNewDiffViewModel.cs","10408","0x13FC6FC2 ^ _003CModule_003E_007Be69553f9_002Deb39_002D49cd_002D9d77_002Da4ee304d94f7_007D.m_7b86004a82fb42ee97ea7d5e58574563.m_a7cc82b779404332a260d01290ecb801","mess_PleaseLoadPvfPackFirst"
"PvfCode\ViewModels\Diff\WinNewDiffViewModel.cs","19830","0x30655B7C ^ _003CModule_003E_007Be69553f9_002Deb39_002D49cd_002D9d77_002Da4ee304d94f7_007D.m_7b86004a82fb42ee97ea7d5e58574563.m_add69167a2c54fe0bb2e5f0af2545839","mess_FileNotExist"
"PvfCode\ViewModels\Diff\WinNewDiffViewModel.cs","55158","0x636CD57C ^ _003CModule_003E_007Be69553f9_002Deb39_002D49cd_002D9d77_002Da4ee304d94f7_007D.m_7b86004a82fb42ee97ea7d5e58574563.m_972142dcef4a4cfba572768c2212069f","DocumentDiffEditor_SelectFileToCompare"
"PvfCode\ViewModels\Diff\WinNewDiffViewModel.cs","77456","0x5FF3C731 ^ _003CModule_003E_007Be69553f9_002Deb39_002D49cd_002D9d77_002Da4ee304d94f7_007D.m_7b86004a82fb42ee97ea7d5e58574563.m_558c76f87bdc4d51a68101d12bccb609","mess_SaveSuccess"
"PvfCode\ViewModels\DocumentFolder\AniNpkLineElement\AniNpkElementGenerator.cs","3902","-1904881294 ^ -545068659 ^ _003CModule_003E_007Be69553f9_002Deb39_002D49cd_002D9d77_002Da4ee304d94f7_007D.m_7b86004a82fb42ee97ea7d5e58574563.m_c14a170a5a60490084306350f271c7f1","`"
"PvfCode\ViewModels\DocumentFolder\AniNpkLineElement\AniNpkElementGenerator.cs","3902","0x4175E92 ^ _003CModule_003E_007Be69553f9_002Deb39_002D49cd_002D9d77_002Da4ee304d94f7_007D.m_7b86004a82fb42ee97ea7d5e58574563.m_8fd2865c456d4936bd87c4a63c3e7ba1","`"
"PvfCode\ViewModels\DocumentFolder\AniNpkLineElement\AniNpkElementGenerator.cs","41694","0xF020ACE ^ _003CModule_003E_007Be69553f9_002Deb39_002D49cd_002D9d77_002Da4ee304d94f7_007D.m_7b86004a82fb42ee97ea7d5e58574563.m_e5d5198bec9744b280b22d7dede4d8ad","Digits"
"PvfCode\ViewModels\DocumentFolder\AniNpkLineElement\AniNpkElementGenerator.cs","41710","0x3855BA9B ^ _003CModule_003E_007Be69553f9_002Deb39_002D49cd_002D9d77_002Da4ee304d94f7_007D.m_7b86004a82fb42ee97ea7d5e58574563.m_0273572c23d24952bbcc01600fea0084","String"
"PvfCode\ViewModels\DocumentFolder\AniNpkLineElement\AniNpkElementGenerator.cs","41710","0x5FF24B4F ^ _003CModule_003E_007Be69553f9_002Deb39_002D49cd_002D9d77_002Da4ee304d94f7_007D.m_7b86004a82fb42ee97ea7d5e58574563.m_558c76f87bdc4d51a68101d12bccb609","String"
"PvfCode\ViewModels\DocumentFolder\AniNpkLineElement\AniNpkElementGenerator.cs","43600","1437138932 ^ 0x304EABC7 ^ _003CModule_003E_007Be69553f9_002Deb39_002D49cd_002D9d77_002Da4ee304d94f7_007D.m_7b86004a82fb42ee97ea7d5e58574563.m_0a3e5af7839d43a19884f927a9769d0e",".img"
"PvfCode\ViewModels\DocumentFolder\AniNpkLineElement\AniNpkElementGenerator.cs","43600","0x13FCED3A ^ _003CModule_003E_007Be69553f9_002Deb39_002D49cd_002D9d77_002Da4ee304d94f7_007D.m_7b86004a82fb42ee97ea7d5e58574563.m_a7cc82b779404332a260d01290ecb801",".img"
"PvfCode\ViewModels\DocumentFolder\AniNpkLineElement\ImgRightVirtualLineView.cs","54332","0x5DBB2425 ^ _003CModule_003E_007Be69553f9_002Deb39_002D49cd_002D9d77_002Da4ee304d94f7_007D.m_7b86004a82fb42ee97ea7d5e58574563.m_4dccf8dd3beb468396324e307ead22cc","/pvfUtility;V2026.1.22.2;component/viewmodels/documentfolder/aninpklineelement/imgrightvirtuallineview.xaml"
"PvfCode\ViewModels\DocumentFolder\AniNpkLineElement\ImgRightVirtualLineViewModel.cs","43734","0x527A0C04 ^ _003CModule_003E_007Be69553f9_002Deb39_002D49cd_002D9d77_002Da4ee304d94f7_007D.m_7b86004a82fb42ee97ea7d5e58574563.m_cb81f441a98e4bd493b61df435bbdbdb","%04d"
"PvfCode\ViewModels\DocumentFolder\AniNpkLineElement\ImgRightVirtualLineViewModel.cs","43746","0x7A7E575E ^ _003CModule_003E_007Be69553f9_002Deb39_002D49cd_002D9d77_002Da4ee304d94f7_007D.m_7b86004a82fb42ee97ea7d5e58574563.m_22c98bd810e84970b541501ace0b424a","0001"
"PvfCode\ViewModels\DocumentFolder\AniNpkLineElement\ImgRightVirtualLineViewModel.cs","43746","-1863606693 ^ -176854492 ^ _003CModule_003E_007Be69553f9_002Deb39_002D49cd_002D9d77_002Da4ee304d94f7_007D.m_7b86004a82fb42ee97ea7d5e58574563.m_0cdaa8b4a2df45ea8b368477e0c569ba","0001"
"PvfCode\ViewModels\DocumentFolder\AniNpkLineElement\ImgRightVirtualLineViewModel.cs","43758","0xF0202FE ^ _003CModule_003E_007Be69553f9_002Deb39_002D49cd_002D9d77_002Da4ee304d94f7_007D.m_7b86004a82fb42ee97ea7d5e58574563.m_e5d5198bec9744b280b22d7dede4d8ad","%02d%02d"
"PvfCode\ViewModels\DocumentFolder\AniNpkLineElement\WindowPreviewAni.cs","54550","0x5D5F92A9 ^ _003CModule_003E_007Be69553f9_002Deb39_002D49cd_002D9d77_002Da4ee304d94f7_007D.m_7b86004a82fb42ee97ea7d5e58574563.m_a471290541044d3bb697860b55cc6bc1","/pvfUtility;V2026.1.22.2;component/viewmodels/documentfolder/aninpklineelement/windowpreviewani.xaml"
"PvfCode\ViewModels\DocumentFolder\AniNpkLineElement\WindowPreviewAniViewModel.cs","82180","0x6779CD0D ^ _003CModule_003E_007Be69553f9_002Deb39_002D49cd_002D9d77_002Da4ee304d94f7_007D.m_7b86004a82fb42ee97ea7d5e58574563.m_e0f0c9b53f5f4d0e88dcbb6df9cbe106","TextEditorPreviewViewModelAni.XL"
"PvfCode\ViewModels\DocumentFolder\AniNpkLineElement\WindowPrivewNpkImg.cs","54754","0x2E4BC099 ^ _003CModule_003E_007Be69553f9_002Deb39_002D49cd_002D9d77_002Da4ee304d94f7_007D.m_7b86004a82fb42ee97ea7d5e58574563.m_3f6f6322abdc4634a39525b5eb1c92fd","/pvfUtility;V2026.1.22.2;component/viewmodels/documentfolder/aninpklineelement/windowprivewnpkimg.xaml"
"PvfCode\ViewModels\DocumentFolder\AniNpkLineElement\WindowPrivewNpkImgViewModel.cs","54962","0x2B2E68C4 ^ _003CModule_003E_007Be69553f9_002Deb39_002D49cd_002D9d77_002Da4ee304d94f7_007D.m_7b86004a82fb42ee97ea7d5e58574563.m_5b1a4905efa74bdd971c79e2845c55df","mess_NpkNotContainImg"
"PvfCode\ViewModels\DocumentFolder\AniNpkLineElement\WindowPrivewNpkImgViewModel.cs","54962","0x2D97F1B3 ^ _003CModule_003E_007Be69553f9_002Deb39_002D49cd_002D9d77_002Da4ee304d94f7_007D.m_7b86004a82fb42ee97ea7d5e58574563.m_59a7418b35384ddea3432ed6abd3f702","mess_NpkNotContainImg"
"PvfCode\ViewModels\DocumentFolder\AniNpkLineElement\WindowPrivewNpkImgViewModel.cs","55008","0x662D17D0 ^ _003CModule_003E_007Be69553f9_002Deb39_002D49cd_002D9d77_002Da4ee304d94f7_007D.m_7b86004a82fb42ee97ea7d5e58574563.m_1e27397300b24ef4ba98a645a53798c2","mess_NpkNotExist"
"PvfCode\ViewModels\DocumentFolder\AniNpkLineElement\WindowPrivewNpkImgViewModel.cs","55044","0x41786A8 ^ _003CModule_003E_007Be69553f9_002Deb39_002D49cd_002D9d77_002Da4ee304d94f7_007D.m_7b86004a82fb42ee97ea7d5e58574563.m_8fd2865c456d4936bd87c4a63c3e7ba1","mess_NpkNotContainImgIndex"
"PvfCode\ViewModels\DocumentFolder\BackgroundRenderers\EnhancedScrollBar.cs","54120","0x662D1258 ^ _003CModule_003E_007Be69553f9_002Deb39_002D49cd_002D9d77_002Da4ee304d94f7_007D.m_7b86004a82fb42ee97ea7d5e58574563.m_1e27397300b24ef4ba98a645a53798c2","editor"
"PvfCode\ViewModels\DocumentFolder\BackgroundRenderers\EnhancedScrollBar.cs","54136","0x42E62564 ^ _003CModule_003E_007Be69553f9_002Deb39_002D49cd_002D9d77_002Da4ee304d94f7_007D.m_7b86004a82fb42ee97ea7d5e58574563.m_bbd6700d16934fad8cc9f8d19544f21f","PART_ScrollViewer"
"PvfCode\ViewModels\DocumentFolder\BackgroundRenderers\EnhancedScrollBar.cs","54174","0x265CFE5C ^ _003CModule_003E_007Be69553f9_002Deb39_002D49cd_002D9d77_002Da4ee304d94f7_007D.m_7b86004a82fb42ee97ea7d5e58574563.m_00f9435ae4b3435e95ad1d31b77e7a6f","PART_VerticalScrollBar"
"PvfCode\ViewModels\DocumentFolder\BackgroundRenderers\EnhancedScrollBar.cs","54222","0x2E4BC6B5 ^ _003CModule_003E_007Be69553f9_002Deb39_002D49cd_002D9d77_002Da4ee304d94f7_007D.m_7b86004a82fb42ee97ea7d5e58574563.m_3f6f6322abdc4634a39525b5eb1c92fd","PART_Track"
"PvfCode\ViewModels\DocumentFolder\BackgroundRenderers\FoldingGuideLines.cs","54246","0xDBA19 ^ _003CModule_003E_007Be69553f9_002Deb39_002D49cd_002D9d77_002Da4ee304d94f7_007D.m_7b86004a82fb42ee97ea7d5e58574563.m_ffc261d25c834aebbee1da6f61154719","折叠引导线错误.Draw"
"PvfCode\ViewModels\DocumentFolder\BackgroundRenderers\FoldingGuideLines.cs","54274","0x527A72D0 ^ _003CModule_003E_007Be69553f9_002Deb39_002D49cd_002D9d77_002Da4ee304d94f7_007D.m_7b86004a82fb42ee97ea7d5e58574563.m_cb81f441a98e4bd493b61df435bbdbdb","FoldingGuideLines.GetSource"
"PvfCode\ViewModels\DocumentFolder\BackgroundRenderers\SearchResultBackgroundRenderer.cs","44314","0x704E9635 ^ _003CModule_003E_007Be69553f9_002Deb39_002D49cd_002D9d77_002Da4ee304d94f7_007D.m_7b86004a82fb42ee97ea7d5e58574563.m_c4f70e4f04fd48b4b9edaf9a9b8fdeae","textView"
"PvfCode\ViewModels\DocumentFolder\BackgroundRenderers\SearchResultBackgroundRenderer.cs","44334","0x6D269FE0 ^ _003CModule_003E_007Be69553f9_002Deb39_002D49cd_002D9d77_002Da4ee304d94f7_007D.m_7b86004a82fb42ee97ea7d5e58574563.m_a1b83f1dd0754677898be265fae789c4","drawingContext"
"PvfCode\ViewModels\DocumentFolder\BackgroundRenderers\SearchResultBackgroundRenderer.cs","45614","0xF021A3E ^ _003CModule_003E_007Be69553f9_002Deb39_002D49cd_002D9d77_002Da4ee304d94f7_007D.m_7b86004a82fb42ee97ea7d5e58574563.m_e5d5198bec9744b280b22d7dede4d8ad","SearchResultMarkerBrush"
"PvfCode\ViewModels\DocumentFolder\ChatGPTDocumentVm.cs","41178","0x704E9BF5 ^ _003CModule_003E_007Be69553f9_002Deb39_002D49cd_002D9d77_002Da4ee304d94f7_007D.m_7b86004a82fb42ee97ea7d5e58574563.m_c4f70e4f04fd48b4b9edaf9a9b8fdeae","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"
"PvfCode\ViewModels\DocumentFolder\CodeCompletion\CodeCompletionToolTip.cs","49904","0x704EF9DF ^ _003CModule_003E_007Be69553f9_002Deb39_002D49cd_002D9d77_002Da4ee304d94f7_007D.m_7b86004a82fb42ee97ea7d5e58574563.m_c4f70e4f04fd48b4b9edaf9a9b8fdeae","/pvfUtility;V2026.1.22.2;component/viewmodels/documentfolder/codecompletion/codecompletiontooltip.xaml"
"PvfCode\ViewModels\DocumentFolder\CodeCompletion\CodeCompletionToolTipViewModel.cs","38444","0x622F148E ^ _003CModule_003E_007Be69553f9_002Deb39_002D49cd_002D9d77_002Da4ee304d94f7_007D.m_7b86004a82fb42ee97ea7d5e58574563.m_41a03ba455a9468b9050278ae77448e1","|"
"PvfCode\ViewModels\DocumentFolder\CodeCompletion\CodeCompletionToolTipViewModel.cs","38444","0x67781A25 ^ _003CModule_003E_007Be69553f9_002Deb39_002D49cd_002D9d77_002Da4ee304d94f7_007D.m_7b86004a82fb42ee97ea7d5e58574563.m_e0f0c9b53f5f4d0e88dcbb6df9cbe106","|"
"PvfCode\ViewModels\DocumentFolder\CodeCompletion\CodeCompletionToolTipViewModel.cs","50112","0xB8BEE51 ^ _003CModule_003E_007Be69553f9_002Deb39_002D49cd_002D9d77_002Da4ee304d94f7_007D.m_7b86004a82fb42ee97ea7d5e58574563.m_e066a82cd08141c08d4817f20a7d29f3","CodeCompletionToolTipViewModel.CodeCompletionToolTipViewModel"
"PvfCode\ViewModels\DocumentFolder\CodeCompletion\CodeCompletionToolTipViewModel.cs","82470","0x3D9A923F ^ _003CModule_003E_007Be69553f9_002Deb39_002D49cd_002D9d77_002Da4ee304d94f7_007D.m_7b86004a82fb42ee97ea7d5e58574563.m_825859c4ee504b91a6a1d6e7fabf4f01","保存成功"
"PvfCode\ViewModels\DocumentFolder\CodeCompletion\CodeCompletionToolTipViewModel.cs","82470","0x7C0E5CC4 ^ _003CModule_003E_007Be69553f9_002Deb39_002D49cd_002D9d77_002Da4ee304d94f7_007D.m_7b86004a82fb42ee97ea7d5e58574563.m_2bc1918cd21d40e9b73926d6c2cbc512","保存成功"
"PvfCode\ViewModels\DocumentFolder\CodeCompletion\CodeCompletionToolTipViewModel.cs","82470","0x65E7BC45 ^ _003CModule_003E_007Be69553f9_002Deb39_002D49cd_002D9d77_002Da4ee304d94f7_007D.m_7b86004a82fb42ee97ea7d5e58574563.m_0a3e5af7839d43a19884f927a9769d0e","保存成功"
"PvfCode\ViewModels\DocumentFolder\CodeCompletion\CodeCompletionToolTipViewModel.cs","82482","0x416139E ^ _003CModule_003E_007Be69553f9_002Deb39_002D49cd_002D9d77_002Da4ee304d94f7_007D.m_7b86004a82fb42ee97ea7d5e58574563.m_8fd2865c456d4936bd87c4a63c3e7ba1","CodeCompletionToolTipViewModel.LoadPvfComment"
"PvfCode\ViewModels\DocumentFolder\CodeCompletion\CodeCompletionToolTipViewModel.cs","82576","0x89BCAB9 ^ _003CModule_003E_007Be69553f9_002Deb39_002D49cd_002D9d77_002Da4ee304d94f7_007D.m_7b86004a82fb42ee97ea7d5e58574563.m_cf19654829b546c5ba704a307b4e0bfa","CodeCompletionToolTipViewModel.SaveCodeCompleData"
"PvfCode\ViewModels\DocumentFolder\CodeCompletion\CodeCompletionToolTipViewModel.cs","82678","0x11B85DDA ^ _003CModule_003E_007Be69553f9_002Deb39_002D49cd_002D9d77_002Da4ee304d94f7_007D.m_7b86004a82fb42ee97ea7d5e58574563.m_39a59c8c3fda4dbdaaf2213c010b00a8","CodeCompletionToolTipViewModel.SavePvfComment"
"PvfCode\ViewModels\DocumentFolder\CodeCompletion\CompletionList.cs","50238","0x2D97E33F ^ _003CModule_003E_007Be69553f9_002Deb39_002D49cd_002D9d77_002Da4ee304d94f7_007D.m_7b86004a82fb42ee97ea7d5e58574563.m_59a7418b35384ddea3432ed6abd3f702","EmptyTemplate"
"PvfCode\ViewModels\DocumentFolder\CodeCompletion\CompletionList.cs","50268","0x265CE99E ^ _003CModule_003E_007Be69553f9_002Deb39_002D49cd_002D9d77_002Da4ee304d94f7_007D.m_7b86004a82fb42ee97ea7d5e58574563.m_00f9435ae4b3435e95ad1d31b77e7a6f","PART_ListBox"
"PvfCode\ViewModels\DocumentFolder\CodeCompletion\CompletionList.cs","50296","0x11B9DB54 ^ _003CModule_003E_007Be69553f9_002Deb39_002D49cd_002D9d77_002Da4ee304d94f7_007D.m_7b86004a82fb42ee97ea7d5e58574563.m_39a59c8c3fda4dbdaaf2213c010b00a8","CompletionList.OnApplyTemplate"
"PvfCode\ViewModels\DocumentFolder\CodeCompletion\CompletionList.cs","50360","0x51F11174 ^ _003CModule_003E_007Be69553f9_002Deb39_002D49cd_002D9d77_002Da4ee304d94f7_007D.m_7b86004a82fb42ee97ea7d5e58574563.m_e9daf7d92d7e4446976bda811e90502a","CompletionList.HandleKey"
"PvfCode\ViewModels\DocumentFolder\CodeCompletion\CompletionList.cs","50412","0x4E19EE75 ^ _003CModule_003E_007Be69553f9_002Deb39_002D49cd_002D9d77_002Da4ee304d94f7_007D.m_7b86004a82fb42ee97ea7d5e58574563.m_24a7cb1bd49e4021b5d8fa5493d816ca","CompletionList.OnMouseDoubleClick"
"PvfCode\ViewModels\DocumentFolder\CodeCompletion\CompletionList.cs","50482","0x659E9BAF ^ _003CModule_003E_007Be69553f9_002Deb39_002D49cd_002D9d77_002Da4ee304d94f7_007D.m_7b86004a82fb42ee97ea7d5e58574563.m_0cdaa8b4a2df45ea8b368477e0c569ba","CompletionList.ScrollIntoView"
"PvfCode\ViewModels\DocumentFolder\CodeCompletion\CompletionList.cs","50544","0x3CA97BA3 ^ _003CModule_003E_007Be69553f9_002Deb39_002D49cd_002D9d77_002Da4ee304d94f7_007D.m_7b86004a82fb42ee97ea7d5e58574563.m_c10a6115b19c4927ae8ffc79f8f16dfb","CompletionList.SelectItem"
"PvfCode\ViewModels\DocumentFolder\CodeCompletion\CompletionList.cs","50598","0x70CCB85A ^ _003CModule_003E_007Be69553f9_002Deb39_002D49cd_002D9d77_002Da4ee304d94f7_007D.m_7b86004a82fb42ee97ea7d5e58574563.m_ee8424bd48bb442e9a823a15df5a62b4","CompletionList.SelectItemFiltering2"
"PvfCode\ViewModels\DocumentFolder\CodeCompletion\CompletionList.cs","50672","-1904881294 ^ -544947890 ^ _003CModule_003E_007Be69553f9_002Deb39_002D49cd_002D9d77_002Da4ee304d94f7_007D.m_7b86004a82fb42ee97ea7d5e58574563.m_e9daf7d92d7e4446976bda811e90502a","CompletionList.SelectItemWithStart"
"PvfCode\ViewModels\DocumentFolder\CodeCompletion\CompletionList.cs","50744","0x5D5F8187 ^ _003CModule_003E_007Be69553f9_002Deb39_002D49cd_002D9d77_002Da4ee304d94f7_007D.m_7b86004a82fb42ee97ea7d5e58574563.m_a471290541044d3bb697860b55cc6bc1","CompletionList.SelectIndexCentered"
"PvfCode\ViewModels\DocumentFolder\CodeCompletion\CompletionList.cs","50816","0x3509CF99 ^ _003CModule_003E_007Be69553f9_002Deb39_002D49cd_002D9d77_002Da4ee304d94f7_007D.m_7b86004a82fb42ee97ea7d5e58574563.m_c3720eb655124e6e81b317ef170605cd","itemText"
"PvfCode\ViewModels\DocumentFolder\CodeCompletion\CompletionList.cs","50836","0x4E19EC0D ^ _003CModule_003E_007Be69553f9_002Deb39_002D49cd_002D9d77_002Da4ee304d94f7_007D.m_7b86004a82fb42ee97ea7d5e58574563.m_24a7cb1bd49e4021b5d8fa5493d816ca","ICompletionData.Text returned null"
"PvfCode\ViewModels\DocumentFolder\CodeCompletion\CompletionList.cs","50908","0x659E9841 ^ _003CModule_003E_007Be69553f9_002Deb39_002D49cd_002D9d77_002Da4ee304d94f7_007D.m_7b86004a82fb42ee97ea7d5e58574563.m_0cdaa8b4a2df45ea8b368477e0c569ba","CompletionList.GetMatchQuality"
"PvfCode\ViewModels\DocumentFolder\CodeCompletion\CompletionList.cs","50972","0x89A4F35 ^ _003CModule_003E_007Be69553f9_002Deb39_002D49cd_002D9d77_002Da4ee304d94f7_007D.m_7b86004a82fb42ee97ea7d5e58574563.m_cf19654829b546c5ba704a307b4e0bfa","CompletionList.CamelCaseMatch"
"PvfCode\ViewModels\DocumentFolder\CodeCompletion\CompletionListBox.cs","51034","0x768A3EDC ^ _003CModule_003E_007Be69553f9_002Deb39_002D49cd_002D9d77_002Da4ee304d94f7_007D.m_7b86004a82fb42ee97ea7d5e58574563.m_5f32481f68ae4c7eaeea7ec68a5ff47b","CompletionListBox.OnApplyTemplate"
"PvfCode\ViewModels\DocumentFolder\CodeCompletion\CompletionWindowBase.cs","46196","0x51F161B8 ^ _003CModule_003E_007Be69553f9_002Deb39_002D49cd_002D9d77_002Da4ee304d94f7_007D.m_7b86004a82fb42ee97ea7d5e58574563.m_e9daf7d92d7e4446976bda811e90502a","textArea"
"PvfCode\ViewModels\DocumentFolder\CodeCompletion\CompletionWindowBase.cs","51104","0x636CC5AA ^ _003CModule_003E_007Be69553f9_002Deb39_002D49cd_002D9d77_002Da4ee304d94f7_007D.m_7b86004a82fb42ee97ea7d5e58574563.m_972142dcef4a4cfba572768c2212069f","CompletionWindowBase.CompletionWindowBase"
"PvfCode\ViewModels\DocumentFolder\CodeCompletion\CompletionWindowBase.cs","51190","0x70D11A52 ^ _003CModule_003E_007Be69553f9_002Deb39_002D49cd_002D9d77_002Da4ee304d94f7_007D.m_7b86004a82fb42ee97ea7d5e58574563.m_541fbf15174a41ce952b7916fd6276fe","CompletionWindowBase.AttachEvents"
"PvfCode\ViewModels\DocumentFolder\CodeCompletion\CompletionWindowBase.cs","51260","0xB1DEE84 ^ _003CModule_003E_007Be69553f9_002Deb39_002D49cd_002D9d77_002Da4ee304d94f7_007D.m_7b86004a82fb42ee97ea7d5e58574563.m_df89dfc2a96347ad9471b517744dea02","CompletionWindowBase.DetachEvents"
"PvfCode\ViewModels\DocumentFolder\CodeCompletion\CompletionWindowBase.cs","51330","0x2D97EF83 ^ _003CModule_003E_007Be69553f9_002Deb39_002D49cd_002D9d77_002Da4ee304d94f7_007D.m_7b86004a82fb42ee97ea7d5e58574563.m_59a7418b35384ddea3432ed6abd3f702","CompletionWindowBase.TextViewScrollOffsetChanged"
"PvfCode\ViewModels\DocumentFolder\CodeCompletion\CompletionWindowBase.cs","51430","0x659E967B ^ _003CModule_003E_007Be69553f9_002Deb39_002D49cd_002D9d77_002Da4ee304d94f7_007D.m_7b86004a82fb42ee97ea7d5e58574563.m_0cdaa8b4a2df45ea8b368477e0c569ba","CompletionWindowBase.TextAreaLostFocus"
"PvfCode\ViewModels\DocumentFolder\CodeCompletion\CompletionWindowBase.cs","51510","0x4D23148D ^ _003CModule_003E_007Be69553f9_002Deb39_002D49cd_002D9d77_002Da4ee304d94f7_007D.m_7b86004a82fb42ee97ea7d5e58574563.m_5924bd2461b7415baa9211b5f1cb71b2","target"
"PvfCode\ViewModels\DocumentFolder\CodeCompletion\CompletionWindowBase.cs","51526","0x4BA07B82 ^ _003CModule_003E_007Be69553f9_002Deb39_002D49cd_002D9d77_002Da4ee304d94f7_007D.m_7b86004a82fb42ee97ea7d5e58574563.m_d6a39a5ddb584a4d998858fb4ceeb027","previewEvent"
"PvfCode\ViewModels\DocumentFolder\CodeCompletion\CompletionWindowBase.cs","51554","0x4C165B76 ^ _003CModule_003E_007Be69553f9_002Deb39_002D49cd_002D9d77_002Da4ee304d94f7_007D.m_7b86004a82fb42ee97ea7d5e58574563.m_d7eae1243bb84fa8b3e43c67ebe44716","event"
"PvfCode\ViewModels\DocumentFolder\CodeCompletion\CompletionWindowBase.cs","51568","0x2E4BDC0B ^ _003CModule_003E_007Be69553f9_002Deb39_002D49cd_002D9d77_002Da4ee304d94f7_007D.m_7b86004a82fb42ee97ea7d5e58574563.m_3f6f6322abdc4634a39525b5eb1c92fd","args"
"PvfCode\ViewModels\DocumentFolder\CodeCompletion\CompletionWindowBase.cs","51580","0x89A4155 ^ _003CModule_003E_007Be69553f9_002Deb39_002D49cd_002D9d77_002Da4ee304d94f7_007D.m_7b86004a82fb42ee97ea7d5e58574563.m_cf19654829b546c5ba704a307b4e0bfa","CompletionWindowBase.RaiseEventPair"
"PvfCode\ViewModels\DocumentFolder\CodeCompletion\CompletionWindowBase.cs","51654","0x4E19E35F ^ _003CModule_003E_007Be69553f9_002Deb39_002D49cd_002D9d77_002Da4ee304d94f7_007D.m_7b86004a82fb42ee97ea7d5e58574563.m_24a7cb1bd49e4021b5d8fa5493d816ca","CompletionWindowBase.TextArea_Document_Changing"
"PvfCode\ViewModels\DocumentFolder\CodeCompletion\NutCodeCompletion.cs","9750","0xB1D00AE ^ _003CModule_003E_007Be69553f9_002Deb39_002D49cd_002D9d77_002Da4ee304d94f7_007D.m_7b86004a82fb42ee97ea7d5e58574563.m_df89dfc2a96347ad9471b517744dea02","("
"PvfCode\ViewModels\DocumentFolder\CodeCompletion\NutCodeCompletion.cs","9756","0x5DBBD605 ^ _003CModule_003E_007Be69553f9_002Deb39_002D49cd_002D9d77_002Da4ee304d94f7_007D.m_7b86004a82fb42ee97ea7d5e58574563.m_4dccf8dd3beb468396324e307ead22cc",")"
"PvfCode\ViewModels\DocumentFolder\CodeCompletion\NutCodeCompletion.cs","17736","0x70D198EC ^ _003CModule_003E_007Be69553f9_002Deb39_002D49cd_002D9d77_002Da4ee304d94f7_007D.m_7b86004a82fb42ee97ea7d5e58574563.m_541fbf15174a41ce952b7916fd6276fe"," "
"PvfCode\ViewModels\DocumentFolder\CodeCompletion\NutCodeCompletion.cs","19478","0x51F77BD7 ^ _003CModule_003E_007Be69553f9_002Deb39_002D49cd_002D9d77_002Da4ee304d94f7_007D.m_7b86004a82fb42ee97ea7d5e58574563.m_c14a170a5a60490084306350f271c7f1","["
"PvfCode\ViewModels\DocumentFolder\CodeCompletion\NutCodeCompletion.cs","19484","0x768AB59A ^ _003CModule_003E_007Be69553f9_002Deb39_002D49cd_002D9d77_002Da4ee304d94f7_007D.m_7b86004a82fb42ee97ea7d5e58574563.m_5f32481f68ae4c7eaeea7ec68a5ff47b","]"
"PvfCode\ViewModels\DocumentFolder\CodeCompletion\NutCodeCompletion.cs","19484","0x65E6B27F ^ _003CModule_003E_007Be69553f9_002Deb39_002D49cd_002D9d77_002Da4ee304d94f7_007D.m_7b86004a82fb42ee97ea7d5e58574563.m_0a3e5af7839d43a19884f927a9769d0e","]"
"PvfCode\ViewModels\DocumentFolder\CodeCompletion\NutCodeCompletion.cs","43572","0x201EFEC ^ _003CModule_003E_007Be69553f9_002Deb39_002D49cd_002D9d77_002Da4ee304d94f7_007D.m_7b86004a82fb42ee97ea7d5e58574563.m_582a7f02cd3044949cbbc8d81e970cdb",""""
"PvfCode\ViewModels\DocumentFolder\CodeCompletion\NutCodeCompletion.cs","43572","0x265C87F6 ^ _003CModule_003E_007Be69553f9_002Deb39_002D49cd_002D9d77_002Da4ee304d94f7_007D.m_7b86004a82fb42ee97ea7d5e58574563.m_00f9435ae4b3435e95ad1d31b77e7a6f",""""
"PvfCode\ViewModels\DocumentFolder\CodeCompletion\NutCodeCompletion.cs","45664","0x3509BB79 ^ _003CModule_003E_007Be69553f9_002Deb39_002D49cd_002D9d77_002Da4ee304d94f7_007D.m_7b86004a82fb42ee97ea7d5e58574563.m_c3720eb655124e6e81b317ef170605cd","."
"PvfCode\ViewModels\DocumentFolder\CodeCompletion\NutCodeCompletion.cs","48066","0x4E19915B ^ _003CModule_003E_007Be69553f9_002Deb39_002D49cd_002D9d77_002Da4ee304d94f7_007D.m_7b86004a82fb42ee97ea7d5e58574563.m_24a7cb1bd49e4021b5d8fa5493d816ca","'"
"PvfCode\ViewModels\DocumentFolder\CodeCompletion\NutCodeCompletion.cs","48066","0x5D5FFC7D ^ _003CModule_003E_007Be69553f9_002Deb39_002D49cd_002D9d77_002Da4ee304d94f7_007D.m_7b86004a82fb42ee97ea7d5e58574563.m_a471290541044d3bb697860b55cc6bc1","'"
"PvfCode\ViewModels\DocumentFolder\CodeCompletion\NutCodeCompletion.cs","51790","0x6D26F880 ^ _003CModule_003E_007Be69553f9_002Deb39_002D49cd_002D9d77_002Da4ee304d94f7_007D.m_7b86004a82fb42ee97ea7d5e58574563.m_a1b83f1dd0754677898be265fae789c4","NutCodeCompletion.ShowCompletionCodeWindow"
"PvfCode\ViewModels\DocumentFolder\CodeCompletion\NutCodeCompletion.cs","51878","0x527A6C74 ^ _003CModule_003E_007Be69553f9_002Deb39_002D49cd_002D9d77_002Da4ee304d94f7_007D.m_7b86004a82fb42ee97ea7d5e58574563.m_cb81f441a98e4bd493b61df435bbdbdb","{"
"PvfCode\ViewModels\DocumentFolder\CodeCompletion\NutCodeCompletion.cs","51884","0x3065DCA6 ^ _003CModule_003E_007Be69553f9_002Deb39_002D49cd_002D9d77_002Da4ee304d94f7_007D.m_7b86004a82fb42ee97ea7d5e58574563.m_add69167a2c54fe0bb2e5f0af2545839","}"
"PvfCode\ViewModels\DocumentFolder\CodeCompletion\NutCodeCompletion.cs","51890","0x47B9D757 ^ _003CModule_003E_007Be69553f9_002Deb39_002D49cd_002D9d77_002Da4ee304d94f7_007D.m_7b86004a82fb42ee97ea7d5e58574563.m_0bd286ac068745bfb29b92d10b515130","NutCodeCompletion.CompletionCode"
"PvfCode\ViewModels\DocumentFolder\CodeCompletion\OverloadViewer.cs","49354","0x662D01FA ^ _003CModule_003E_007Be69553f9_002Deb39_002D49cd_002D9d77_002Da4ee304d94f7_007D.m_7b86004a82fb42ee97ea7d5e58574563.m_1e27397300b24ef4ba98a645a53798c2","Text"
"PvfCode\ViewModels\DocumentFolder\CodeCompletion\OverloadViewer.cs","51958","0x3855D283 ^ _003CModule_003E_007Be69553f9_002Deb39_002D49cd_002D9d77_002Da4ee304d94f7_007D.m_7b86004a82fb42ee97ea7d5e58574563.m_0273572c23d24952bbcc01600fea0084","Provider"
"PvfCode\ViewModels\DocumentFolder\CodeCompletion\OverloadViewer.cs","51978","0x2E4BDE71 ^ _003CModule_003E_007Be69553f9_002Deb39_002D49cd_002D9d77_002Da4ee304d94f7_007D.m_7b86004a82fb42ee97ea7d5e58574563.m_3f6f6322abdc4634a39525b5eb1c92fd","PART_UP"
"PvfCode\ViewModels\DocumentFolder\CodeCompletion\OverloadViewer.cs","51996","0x13FC8C76 ^ _003CModule_003E_007Be69553f9_002Deb39_002D49cd_002D9d77_002Da4ee304d94f7_007D.m_7b86004a82fb42ee97ea7d5e58574563.m_a7cc82b779404332a260d01290ecb801","PART_DOWN"
"PvfCode\ViewModels\DocumentFolder\CodeCompletion\ScriptCodeCompletion.cs","3902","0x4E1925A7 ^ _003CModule_003E_007Be69553f9_002Deb39_002D49cd_002D9d77_002Da4ee304d94f7_007D.m_7b86004a82fb42ee97ea7d5e58574563.m_24a7cb1bd49e4021b5d8fa5493d816ca","`"
"PvfCode\ViewModels\DocumentFolder\CodeCompletion\ScriptCodeCompletion.cs","3902","0x7C0F11DC ^ _003CModule_003E_007Be69553f9_002Deb39_002D49cd_002D9d77_002Da4ee304d94f7_007D.m_7b86004a82fb42ee97ea7d5e58574563.m_2bc1918cd21d40e9b73926d6c2cbc512","`"
"PvfCode\ViewModels\DocumentFolder\CodeCompletion\ScriptCodeCompletion.cs","3902","0x6D263DF0 ^ _003CModule_003E_007Be69553f9_002Deb39_002D49cd_002D9d77_002Da4ee304d94f7_007D.m_7b86004a82fb42ee97ea7d5e58574563.m_a1b83f1dd0754677898be265fae789c4","`"
"PvfCode\ViewModels\DocumentFolder\CodeCompletion\ScriptCodeCompletion.cs","9836","0xD4F93 ^ _003CModule_003E_007Be69553f9_002Deb39_002D49cd_002D9d77_002Da4ee304d94f7_007D.m_7b86004a82fb42ee97ea7d5e58574563.m_ffc261d25c834aebbee1da6f61154719","/"
"PvfCode\ViewModels\DocumentFolder\CodeCompletion\ScriptCodeCompletion.cs","17736","0x527AE39A ^ _003CModule_003E_007Be69553f9_002Deb39_002D49cd_002D9d77_002Da4ee304d94f7_007D.m_7b86004a82fb42ee97ea7d5e58574563.m_cb81f441a98e4bd493b61df435bbdbdb"," "
"PvfCode\ViewModels\DocumentFolder\CodeCompletion\ScriptCodeCompletion.cs","19478","0x4171DBA ^ _003CModule_003E_007Be69553f9_002Deb39_002D49cd_002D9d77_002Da4ee304d94f7_007D.m_7b86004a82fb42ee97ea7d5e58574563.m_8fd2865c456d4936bd87c4a63c3e7ba1","["
"PvfCode\ViewModels\DocumentFolder\CodeCompletion\ScriptCodeCompletion.cs","19478","0x3CA9F2C5 ^ _003CModule_003E_007Be69553f9_002Deb39_002D49cd_002D9d77_002Da4ee304d94f7_007D.m_7b86004a82fb42ee97ea7d5e58574563.m_c10a6115b19c4927ae8ffc79f8f16dfb","["
"PvfCode\ViewModels\DocumentFolder\CodeCompletion\ScriptCodeCompletion.cs","19478","0x7C0F52F4 ^ _003CModule_003E_007Be69553f9_002Deb39_002D49cd_002D9d77_002Da4ee304d94f7_007D.m_7b86004a82fb42ee97ea7d5e58574563.m_2bc1918cd21d40e9b73926d6c2cbc512","["
"PvfCode\ViewModels\DocumentFolder\CodeCompletion\ScriptCodeCompletion.cs","19484","0x11B95330 ^ _003CModule_003E_007Be69553f9_002Deb39_002D49cd_002D9d77_002Da4ee304d94f7_007D.m_7b86004a82fb42ee97ea7d5e58574563.m_39a59c8c3fda4dbdaaf2213c010b00a8","]"
"PvfCode\ViewModels\DocumentFolder\CodeCompletion\ScriptCodeCompletion.cs","19484","0x659E1281 ^ _003CModule_003E_007Be69553f9_002Deb39_002D49cd_002D9d77_002Da4ee304d94f7_007D.m_7b86004a82fb42ee97ea7d5e58574563.m_0cdaa8b4a2df45ea8b368477e0c569ba","]"
"PvfCode\ViewModels\DocumentFolder\CodeCompletion\ScriptCodeCompletion.cs","52018","0x6C4C2E92 ^ _003CModule_003E_007Be69553f9_002Deb39_002D49cd_002D9d77_002Da4ee304d94f7_007D.m_7b86004a82fb42ee97ea7d5e58574563.m_c4ac9f35eb704455b489a780e86cf909","ScriptCodeCompletion.ShowCompletionCodeWindow"
"PvfCode\ViewModels\DocumentFolder\CodeCompletion\ScriptCodeCompletion.cs","52112","0x13FC8CFA ^ _003CModule_003E_007Be69553f9_002Deb39_002D49cd_002D9d77_002Da4ee304d94f7_007D.m_7b86004a82fb42ee97ea7d5e58574563.m_a7cc82b779404332a260d01290ecb801","ScriptCodeCompletion.CompletionCode"
"PvfCode\ViewModels\DocumentFolder\CodeCompletion\ScriptCodeCompletionBase.cs","3572","0x7C0F1316 ^ _003CModule_003E_007Be69553f9_002Deb39_002D49cd_002D9d77_002Da4ee304d94f7_007D.m_7b86004a82fb42ee97ea7d5e58574563.m_2bc1918cd21d40e9b73926d6c2cbc512","
"
"PvfCode\ViewModels\DocumentFolder\CodeCompletion\ScriptCodeCompletionBase.cs","40892","0x70CCE240 ^ _003CModule_003E_007Be69553f9_002Deb39_002D49cd_002D9d77_002Da4ee304d94f7_007D.m_7b86004a82fb42ee97ea7d5e58574563.m_ee8424bd48bb442e9a823a15df5a62b4","
"
"PvfCode\ViewModels\DocumentFolder\CodeCompletion\ScriptCodeCompletionBase.cs","45664","0x21872BCE ^ _003CModule_003E_007Be69553f9_002Deb39_002D49cd_002D9d77_002Da4ee304d94f7_007D.m_7b86004a82fb42ee97ea7d5e58574563.m_a6871abdbd314ec9bd2de23164bed82c","."
"PvfCode\ViewModels\DocumentFolder\CodeCompletion\ScriptCodeCompletionBase.cs","49704","0x3065D422 ^ _003CModule_003E_007Be69553f9_002Deb39_002D49cd_002D9d77_002Da4ee304d94f7_007D.m_7b86004a82fb42ee97ea7d5e58574563.m_add69167a2c54fe0bb2e5f0af2545839","ScriptCodeCompletionBase.CompletionInit"
"PvfCode\ViewModels\DocumentFolder\CodeCompletion\ScriptCodeCompletionBase.cs","49704","0x46DAD321 ^ _003CModule_003E_007Be69553f9_002Deb39_002D49cd_002D9d77_002Da4ee304d94f7_007D.m_7b86004a82fb42ee97ea7d5e58574563.m_34a93bd635aa4a0cb45ae24212f58e0f","ScriptCodeCompletionBase.CompletionInit"
"PvfCode\ViewModels\DocumentFolder\CodeCompletion\ScriptCodeCompletionBase.cs","49786","0xB1DE4C2 ^ _003CModule_003E_007Be69553f9_002Deb39_002D49cd_002D9d77_002Da4ee304d94f7_007D.m_7b86004a82fb42ee97ea7d5e58574563.m_df89dfc2a96347ad9471b517744dea02","ScriptCodeCompletionBase.TextEditor_TextArea_TextEntering"
"PvfCode\ViewModels\DocumentFolder\CodeCompletion\WindowAddCodeCompletionData.cs","52186","0x51F7FC1B ^ _003CModule_003E_007Be69553f9_002Deb39_002D49cd_002D9d77_002Da4ee304d94f7_007D.m_7b86004a82fb42ee97ea7d5e58574563.m_c14a170a5a60490084306350f271c7f1","/pvfUtility;V2026.1.22.2;component/viewmodels/documentfolder/codecompletion/windowaddcodecompletiondata.xaml"
"PvfCode\ViewModels\DocumentFolder\CodeCompletion\WindowAddCodeCompletionDataViewModel.cs","52406","0x47B9D153 ^ _003CModule_003E_007Be69553f9_002Deb39_002D49cd_002D9d77_002Da4ee304d94f7_007D.m_7b86004a82fb42ee97ea7d5e58574563.m_0bd286ac068745bfb29b92d10b515130","WindowAddCodeCompletionData_WindowEditDataTitle"
"PvfCode\ViewModels\DocumentFolder\CodeCompletion\WindowAddCodeCompletionDataViewModel.cs","52504","0x659E9385 ^ _003CModule_003E_007Be69553f9_002Deb39_002D49cd_002D9d77_002Da4ee304d94f7_007D.m_7b86004a82fb42ee97ea7d5e58574563.m_0cdaa8b4a2df45ea8b368477e0c569ba","WindowAddCodeCompletionData_WindowAddDataTitle"
"PvfCode\ViewModels\DocumentFolder\CodeCompletion\WindowAddCodeCompletionDataViewModel.cs","52600","0x3CA973AB ^ _003CModule_003E_007Be69553f9_002Deb39_002D49cd_002D9d77_002Da4ee304d94f7_007D.m_7b86004a82fb42ee97ea7d5e58574563.m_c10a6115b19c4927ae8ffc79f8f16dfb","WindowAddCodeCompletionData_TextDocumentDescriptionDefaultValue"
"PvfCode\ViewModels\DocumentFolder\CodeCompletion\WindowAddCodeCompletionDataViewModel.cs","52600","0x42E63B64 ^ _003CModule_003E_007Be69553f9_002Deb39_002D49cd_002D9d77_002Da4ee304d94f7_007D.m_7b86004a82fb42ee97ea7d5e58574563.m_bbd6700d16934fad8cc9f8d19544f21f","WindowAddCodeCompletionData_TextDocumentDescriptionDefaultValue"
"PvfCode\ViewModels\DocumentFolder\CodeCompletion\WindowAddCodeCompletionDataViewModel.cs","52730","0x3855D58F ^ _003CModule_003E_007Be69553f9_002Deb39_002D49cd_002D9d77_002Da4ee304d94f7_007D.m_7b86004a82fb42ee97ea7d5e58574563.m_0273572c23d24952bbcc01600fea0084","WindowAddCodeCompletionData_CompleteTextDefaultValue"
"PvfCode\ViewModels\DocumentFolder\CodeCompletion\WindowAddCodeCompletionDataViewModel.cs","52838","0x7A7E33DA ^ _003CModule_003E_007Be69553f9_002Deb39_002D49cd_002D9d77_002Da4ee304d94f7_007D.m_7b86004a82fb42ee97ea7d5e58574563.m_22c98bd810e84970b541501ace0b424a","WindowAddCodeCompletionData_CompleteTextDefaultValue2"
"PvfCode\ViewModels\DocumentFolder\CodeCompletion\WindowAddCodeCompletionDataViewModel.cs","52948","0x3065D8DE ^ _003CModule_003E_007Be69553f9_002Deb39_002D49cd_002D9d77_002Da4ee304d94f7_007D.m_7b86004a82fb42ee97ea7d5e58574563.m_add69167a2c54fe0bb2e5f0af2545839","WindowAddCodeCompletionDataViewModel.WindowAddCodeCompletionDataViewModel"
"PvfCode\ViewModels\DocumentFolder\CodeCompletion\WindowAddCodeCompletionDataViewModel.cs","53098","0x690E2E48 ^ _003CModule_003E_007Be69553f9_002Deb39_002D49cd_002D9d77_002Da4ee304d94f7_007D.m_7b86004a82fb42ee97ea7d5e58574563.m_864fc4c2b93e4f099c2c07aa23d782f6","WindowAddCodeCompletionDataViewModel.EditValueChanged"
"PvfCode\ViewModels\DocumentFolder\CodeCompletion\WindowAddCodeCompletionDataViewModel.cs","82772","0x1B5FD762 ^ _003CModule_003E_007Be69553f9_002Deb39_002D49cd_002D9d77_002Da4ee304d94f7_007D.m_7b86004a82fb42ee97ea7d5e58574563.m_995dc3f7a3024d82ba87d77f60d35fca","mess_PleaseInputTitle"
"PvfCode\ViewModels\DocumentFolder\CodeCompletion\WindowAddCodeCompletionDataViewModel.cs","82818","0x51F67443 ^ _003CModule_003E_007Be69553f9_002Deb39_002D49cd_002D9d77_002Da4ee304d94f7_007D.m_7b86004a82fb42ee97ea7d5e58574563.m_c14a170a5a60490084306350f271c7f1","mess_PleaseInputCompleteText"
"PvfCode\ViewModels\DocumentFolder\CodeCompletion\WindowAddCodeCompletionDataViewModel.cs","82878","0x89BCB97 ^ _003CModule_003E_007Be69553f9_002Deb39_002D49cd_002D9d77_002Da4ee304d94f7_007D.m_7b86004a82fb42ee97ea7d5e58574563.m_cf19654829b546c5ba704a307b4e0bfa","WindowAddCodeCompletionDataViewModel.OnSave"
"PvfCode\ViewModels\DocumentFolder\CodeCompletion\WindowCompletion.cs","53208","0x690E2EFA ^ _003CModule_003E_007Be69553f9_002Deb39_002D49cd_002D9d77_002Da4ee304d94f7_007D.m_7b86004a82fb42ee97ea7d5e58574563.m_864fc4c2b93e4f099c2c07aa23d782f6","WindowCompletion.WindowCompletion"
"PvfCode\ViewModels\DocumentFolder\CodeCompletion\WindowCompletion.cs","53278","0xDB9E1 ^ _003CModule_003E_007Be69553f9_002Deb39_002D49cd_002D9d77_002Da4ee304d94f7_007D.m_7b86004a82fb42ee97ea7d5e58574563.m_ffc261d25c834aebbee1da6f61154719","WindowCompletion.CompletionList_InsertionRequested"
"PvfCode\ViewModels\DocumentFolder\CodeCompletion\WindowCompletion.cs","53382","0x7C0FCE64 ^ _003CModule_003E_007Be69553f9_002Deb39_002D49cd_002D9d77_002Da4ee304d94f7_007D.m_7b86004a82fb42ee97ea7d5e58574563.m_2bc1918cd21d40e9b73926d6c2cbc512","WindowCompletion.AttachEvents"
"PvfCode\ViewModels\DocumentFolder\CodeCompletion\WindowCompletion.cs","53444","0x2B2E6EB2 ^ _003CModule_003E_007Be69553f9_002Deb39_002D49cd_002D9d77_002Da4ee304d94f7_007D.m_7b86004a82fb42ee97ea7d5e58574563.m_5b1a4905efa74bdd971c79e2845c55df","WindowCompletion.WindowCompletion_StateChanged"
"PvfCode\ViewModels\DocumentFolder\CodeCompletion\WindowCompletion.cs","53540","0x5FF23885 ^ _003CModule_003E_007Be69553f9_002Deb39_002D49cd_002D9d77_002Da4ee304d94f7_007D.m_7b86004a82fb42ee97ea7d5e58574563.m_558c76f87bdc4d51a68101d12bccb609","WindowCompletion.WindowCompletion_Loaded"
"PvfCode\ViewModels\DocumentFolder\CodeCompletion\WindowCompletion.cs","53624","0x636CD372 ^ _003CModule_003E_007Be69553f9_002Deb39_002D49cd_002D9d77_002Da4ee304d94f7_007D.m_7b86004a82fb42ee97ea7d5e58574563.m_972142dcef4a4cfba572768c2212069f","WindowCompletion.BtnAddCompletionData_ItemClick"
"PvfCode\ViewModels\DocumentFolder\CodeCompletion\WindowCompletion.cs","53722","0x25C0C44D ^ _003CModule_003E_007Be69553f9_002Deb39_002D49cd_002D9d77_002Da4ee304d94f7_007D.m_7b86004a82fb42ee97ea7d5e58574563.m_c8944dd9ca4b4079b8678bce0630ff7d","WindowCompletion.BtnEditCompletionData_ItemClick"
"PvfCode\ViewModels\DocumentFolder\CodeCompletion\WindowCompletion.cs","53822","0x89A5A17 ^ _003CModule_003E_007Be69553f9_002Deb39_002D49cd_002D9d77_002Da4ee304d94f7_007D.m_7b86004a82fb42ee97ea7d5e58574563.m_cf19654829b546c5ba704a307b4e0bfa","/pvfUtility;V2026.1.22.2;component/viewmodels/documentfolder/codecompletion/windowcompletion.xaml"
"PvfCode\ViewModels\DocumentFolder\CodeCompletion\WindowCompletion.cs","54020","0x46DAC20D ^ _003CModule_003E_007Be69553f9_002Deb39_002D49cd_002D9d77_002Da4ee304d94f7_007D.m_7b86004a82fb42ee97ea7d5e58574563.m_34a93bd635aa4a0cb45ae24212f58e0f","WindowCompletion.CompletionList_SelectionChanged"
"PvfCode\ViewModels\DocumentFolder\CodeCompletion\WindowCompletion.cs","54020","0x46DAC20D ^ _003CModule_003E_007Be69553f9_002Deb39_002D49cd_002D9d77_002Da4ee304d94f7_007D.m_7b86004a82fb42ee97ea7d5e58574563.m_34a93bd635aa4a0cb45ae24212f58e0f","WindowCompletion.CompletionList_SelectionChanged"
"PvfCode\ViewModels\DocumentFolder\CodeCompletion\WindowCompletion.cs","82968","0x93245AF ^ _003CModule_003E_007Be69553f9_002Deb39_002D49cd_002D9d77_002Da4ee304d94f7_007D.m_7b86004a82fb42ee97ea7d5e58574563.m_a47e9e4bf3624e7291689f8fb4b10989","删除成功"
"PvfCode\ViewModels\DocumentFolder\CodeCompletion\WindowCompletion.cs","82980","0x41EC3FD6 ^ _003CModule_003E_007Be69553f9_002Deb39_002D49cd_002D9d77_002Da4ee304d94f7_007D.m_7b86004a82fb42ee97ea7d5e58574563.m_ba7ada5c647b4fc094df6608a5b444bd","你只能删除自己添加的数据 公开共享的数据无权删除！"
"PvfCode\ViewModels\DocumentFolder\CodeCompletion\WindowCompletion.cs","83034","0xF03EC4A ^ _003CModule_003E_007Be69553f9_002Deb39_002D49cd_002D9d77_002Da4ee304d94f7_007D.m_7b86004a82fb42ee97ea7d5e58574563.m_e5d5198bec9744b280b22d7dede4d8ad","WindowCompletion.BtnDeleteAddCompletionData_ItemClick"
"PvfCode\ViewModels\DocumentFolder\DocumentIndexViewModel.cs","41284","0x70CCDCB8 ^ _003CModule_003E_007Be69553f9_002Deb39_002D49cd_002D9d77_002Da4ee304d94f7_007D.m_7b86004a82fb42ee97ea7d5e58574563.m_ee8424bd48bb442e9a823a15df5a62b4","?defaultTheme="
"PvfCode\ViewModels\DocumentFolder\DocumentIndexViewModel.cs","41316","0x636CA36E ^ _003CModule_003E_007Be69553f9_002Deb39_002D49cd_002D9d77_002Da4ee304d94f7_007D.m_7b86004a82fb42ee97ea7d5e58574563.m_972142dcef4a4cfba572768c2212069f","&mac="
"PvfCode\ViewModels\DocumentFolder\DocumentIndexViewModel.cs","41330","0x4E198BEB ^ _003CModule_003E_007Be69553f9_002Deb39_002D49cd_002D9d77_002Da4ee304d94f7_007D.m_7b86004a82fb42ee97ea7d5e58574563.m_24a7cb1bd49e4021b5d8fa5493d816ca","DocumentName_StartPage"
"PvfCode\ViewModels\DocumentFolder\DocumentIndexViewModel.cs","41378","0x527A0770 ^ _003CModule_003E_007Be69553f9_002Deb39_002D49cd_002D9d77_002Da4ee304d94f7_007D.m_7b86004a82fb42ee97ea7d5e58574563.m_cb81f441a98e4bd493b61df435bbdbdb","cmd.exe"
"PvfCode\ViewModels\DocumentFolder\DocumentIndexViewModel.cs","41396","0x5FF24815 ^ _003CModule_003E_007Be69553f9_002Deb39_002D49cd_002D9d77_002Da4ee304d94f7_007D.m_7b86004a82fb42ee97ea7d5e58574563.m_558c76f87bdc4d51a68101d12bccb609","start "
"PvfCode\ViewModels\DocumentFolder\DocumentIndexViewModel.cs","41412","0x51F79605 ^ _003CModule_003E_007Be69553f9_002Deb39_002D49cd_002D9d77_002Da4ee304d94f7_007D.m_7b86004a82fb42ee97ea7d5e58574563.m_c14a170a5a60490084306350f271c7f1","&exit"
"PvfCode\ViewModels\DocumentFolder\DocumentIndexViewModel.cs","41426","0x11B9BEFE ^ _003CModule_003E_007Be69553f9_002Deb39_002D49cd_002D9d77_002Da4ee304d94f7_007D.m_7b86004a82fb42ee97ea7d5e58574563.m_39a59c8c3fda4dbdaaf2213c010b00a8","_axIWebBrowser2"
"PvfCode\ViewModels\DocumentFolder\DocumentIndexViewModel.cs","41460","0x659EFF69 ^ _003CModule_003E_007Be69553f9_002Deb39_002D49cd_002D9d77_002Da4ee304d94f7_007D.m_7b86004a82fb42ee97ea7d5e58574563.m_0cdaa8b4a2df45ea8b368477e0c569ba","Silent"
"PvfCode\ViewModels\DocumentFolder\DocumentIndexViewModel.cs","41476","0x768A5B82 ^ _003CModule_003E_007Be69553f9_002Deb39_002D49cd_002D9d77_002Da4ee304d94f7_007D.m_7b86004a82fb42ee97ea7d5e58574563.m_5f32481f68ae4c7eaeea7ec68a5ff47b","起始页释放失败："
"PvfCode\ViewModels\DocumentFolder\DocumentIndexViewModel.cs","80872","0x3D9AEBF1 ^ _003CModule_003E_007Be69553f9_002Deb39_002D49cd_002D9d77_002Da4ee304d94f7_007D.m_7b86004a82fb42ee97ea7d5e58574563.m_825859c4ee504b91a6a1d6e7fabf4f01","起始页加载失败："
"PvfCode\ViewModels\DocumentFolder\DocumentIndexViewModel.cs","80892","-1904881294 ^ -928056441 ^ _003CModule_003E_007Be69553f9_002Deb39_002D49cd_002D9d77_002Da4ee304d94f7_007D.m_7b86004a82fb42ee97ea7d5e58574563.m_34a93bd635aa4a0cb45ae24212f58e0f","SetTheme("""
"PvfCode\ViewModels\DocumentFolder\DocumentIndexViewModel.cs","80916","0x5FF3D5B5 ^ _003CModule_003E_007Be69553f9_002Deb39_002D49cd_002D9d77_002Da4ee304d94f7_007D.m_7b86004a82fb42ee97ea7d5e58574563.m_558c76f87bdc4d51a68101d12bccb609",""")"
"PvfCode\ViewModels\DocumentFolder\DocumentRoot.cs","10408","0x1B5EBC9E ^ _003CModule_003E_007Be69553f9_002Deb39_002D49cd_002D9d77_002Da4ee304d94f7_007D.m_7b86004a82fb42ee97ea7d5e58574563.m_995dc3f7a3024d82ba87d77f60d35fca","mess_PleaseLoadPvfPackFirst"
"PvfCode\ViewModels\DocumentFolder\DocumentRoot.cs","19830","0xD2489 ^ _003CModule_003E_007Be69553f9_002Deb39_002D49cd_002D9d77_002Da4ee304d94f7_007D.m_7b86004a82fb42ee97ea7d5e58574563.m_ffc261d25c834aebbee1da6f61154719","mess_FileNotExist"
"PvfCode\ViewModels\DocumentFolder\DocumentRoot.cs","31910","0x46DA6DAF ^ _003CModule_003E_007Be69553f9_002Deb39_002D49cd_002D9d77_002Da4ee304d94f7_007D.m_7b86004a82fb42ee97ea7d5e58574563.m_34a93bd635aa4a0cb45ae24212f58e0f","DocumentName_ExtensionStore"
"PvfCode\ViewModels\DocumentFolder\DocumentRoot.cs","31910","-985766894 ^ -1798320776 ^ _003CModule_003E_007Be69553f9_002Deb39_002D49cd_002D9d77_002Da4ee304d94f7_007D.m_7b86004a82fb42ee97ea7d5e58574563.m_e9daf7d92d7e4446976bda811e90502a","DocumentName_ExtensionStore"
"PvfCode\ViewModels\DocumentFolder\DocumentRoot.cs","32514","0x65E68161 ^ _003CModule_003E_007Be69553f9_002Deb39_002D49cd_002D9d77_002Da4ee304d94f7_007D.m_7b86004a82fb42ee97ea7d5e58574563.m_0a3e5af7839d43a19884f927a9769d0e","DocumentName_PvfDiff"
"PvfCode\ViewModels\DocumentFolder\DocumentRoot.cs","41330","0x51F174BE ^ _003CModule_003E_007Be69553f9_002Deb39_002D49cd_002D9d77_002Da4ee304d94f7_007D.m_7b86004a82fb42ee97ea7d5e58574563.m_e9daf7d92d7e4446976bda811e90502a","DocumentName_StartPage"
"PvfCode\ViewModels\DocumentFolder\DocumentRoot.cs","41496","0x4E198881 ^ _003CModule_003E_007Be69553f9_002Deb39_002D49cd_002D9d77_002Da4ee304d94f7_007D.m_7b86004a82fb42ee97ea7d5e58574563.m_24a7cb1bd49e4021b5d8fa5493d816ca","chatGPT"
"PvfCode\ViewModels\DocumentFolder\DocumentRoot.cs","41514","0xB8B8FBB ^ _003CModule_003E_007Be69553f9_002Deb39_002D49cd_002D9d77_002Da4ee304d94f7_007D.m_7b86004a82fb42ee97ea7d5e58574563.m_e066a82cd08141c08d4817f20a7d29f3","DocumentName_Publish"
"PvfCode\ViewModels\DocumentFolder\DocumentRoot.cs","41558","0x51F79597 ^ _003CModule_003E_007Be69553f9_002Deb39_002D49cd_002D9d77_002Da4ee304d94f7_007D.m_7b86004a82fb42ee97ea7d5e58574563.m_c14a170a5a60490084306350f271c7f1","mess_PathNotExist"
"PvfCode\ViewModels\DocumentFolder\DocumentRoot.cs","41596","0x89A2A55 ^ _003CModule_003E_007Be69553f9_002Deb39_002D49cd_002D9d77_002Da4ee304d94f7_007D.m_7b86004a82fb42ee97ea7d5e58574563.m_cf19654829b546c5ba704a307b4e0bfa","mess_CloseCurrentDocumentDialog"
"PvfCode\ViewModels\DocumentFolder\DocumentRoot.cs","41596","0x11B9BD50 ^ _003CModule_003E_007Be69553f9_002Deb39_002D49cd_002D9d77_002Da4ee304d94f7_007D.m_7b86004a82fb42ee97ea7d5e58574563.m_39a59c8c3fda4dbdaaf2213c010b00a8","mess_CloseCurrentDocumentDialog"
"PvfCode\ViewModels\DocumentFolder\DocumentRoot.cs","41596","0x3509AB65 ^ _003CModule_003E_007Be69553f9_002Deb39_002D49cd_002D9d77_002Da4ee304d94f7_007D.m_7b86004a82fb42ee97ea7d5e58574563.m_c3720eb655124e6e81b317ef170605cd","mess_CloseCurrentDocumentDialog"
"PvfCode\ViewModels\DocumentFolder\EditorHoverTooltip\CommentHoverTooltip\ScriptCommentVisualLine.cs","46772","0x41EDCD46 ^ _003CModule_003E_007Be69553f9_002Deb39_002D49cd_002D9d77_002Da4ee304d94f7_007D.m_7b86004a82fb42ee97ea7d5e58574563.m_ba7ada5c647b4fc094df6608a5b444bd","VisualLineReferenceText2.OnQueryCursor"
"PvfCode\ViewModels\DocumentFolder\EditorHoverTooltip\EditorHoverTooltipManager.cs","3580","-985766894 ^ -520192903 ^ _003CModule_003E_007Be69553f9_002Deb39_002D49cd_002D9d77_002Da4ee304d94f7_007D.m_7b86004a82fb42ee97ea7d5e58574563.m_c8944dd9ca4b4079b8678bce0630ff7d","	"
"PvfCode\ViewModels\DocumentFolder\EditorHoverTooltip\EditorHoverTooltipManager.cs","3580","0x2014824 ^ _003CModule_003E_007Be69553f9_002Deb39_002D49cd_002D9d77_002Da4ee304d94f7_007D.m_7b86004a82fb42ee97ea7d5e58574563.m_582a7f02cd3044949cbbc8d81e970cdb","	"
"PvfCode\ViewModels\DocumentFolder\EditorHoverTooltip\EditorHoverTooltipManager.cs","3580","0xB1D2B44 ^ _003CModule_003E_007Be69553f9_002Deb39_002D49cd_002D9d77_002Da4ee304d94f7_007D.m_7b86004a82fb42ee97ea7d5e58574563.m_df89dfc2a96347ad9471b517744dea02","	"
"PvfCode\ViewModels\DocumentFolder\EditorHoverTooltip\EditorHoverTooltipManager.cs","3580","0x5D5F4A43 ^ _003CModule_003E_007Be69553f9_002Deb39_002D49cd_002D9d77_002Da4ee304d94f7_007D.m_7b86004a82fb42ee97ea7d5e58574563.m_a471290541044d3bb697860b55cc6bc1","	"
"PvfCode\ViewModels\DocumentFolder\EditorHoverTooltip\EditorHoverTooltipManager.cs","3580","0x2D972AFD ^ _003CModule_003E_007Be69553f9_002Deb39_002D49cd_002D9d77_002Da4ee304d94f7_007D.m_7b86004a82fb42ee97ea7d5e58574563.m_59a7418b35384ddea3432ed6abd3f702","	"
"PvfCode\ViewModels\DocumentFolder\EditorHoverTooltip\EditorHoverTooltipManager.cs","3580","0x768AF47A ^ _003CModule_003E_007Be69553f9_002Deb39_002D49cd_002D9d77_002Da4ee304d94f7_007D.m_7b86004a82fb42ee97ea7d5e58574563.m_5f32481f68ae4c7eaeea7ec68a5ff47b","	"
"PvfCode\ViewModels\DocumentFolder\EditorHoverTooltip\EditorHoverTooltipManager.cs","3902","0x5D5F4881 ^ _003CModule_003E_007Be69553f9_002Deb39_002D49cd_002D9d77_002Da4ee304d94f7_007D.m_7b86004a82fb42ee97ea7d5e58574563.m_a471290541044d3bb697860b55cc6bc1","`"
"PvfCode\ViewModels\DocumentFolder\EditorHoverTooltip\EditorHoverTooltipManager.cs","17708","0x30655326 ^ _003CModule_003E_007Be69553f9_002Deb39_002D49cd_002D9d77_002Da4ee304d94f7_007D.m_7b86004a82fb42ee97ea7d5e58574563.m_add69167a2c54fe0bb2e5f0af2545839","-1"
"PvfCode\ViewModels\DocumentFolder\EditorHoverTooltip\EditorHoverTooltipManager.cs","17708","0x5FF2AC8D ^ _003CModule_003E_007Be69553f9_002Deb39_002D49cd_002D9d77_002Da4ee304d94f7_007D.m_7b86004a82fb42ee97ea7d5e58574563.m_558c76f87bdc4d51a68101d12bccb609","-1"
"PvfCode\ViewModels\DocumentFolder\EditorHoverTooltip\EditorHoverTooltipManager.cs","17708","0xB1D6394 ^ _003CModule_003E_007Be69553f9_002Deb39_002D49cd_002D9d77_002Da4ee304d94f7_007D.m_7b86004a82fb42ee97ea7d5e58574563.m_df89dfc2a96347ad9471b517744dea02","-1"
"PvfCode\ViewModels\DocumentFolder\EditorHoverTooltip\EditorHoverTooltipManager.cs","17708","0x265C68EE ^ _003CModule_003E_007Be69553f9_002Deb39_002D49cd_002D9d77_002Da4ee304d94f7_007D.m_7b86004a82fb42ee97ea7d5e58574563.m_00f9435ae4b3435e95ad1d31b77e7a6f","-1"
"PvfCode\ViewModels\DocumentFolder\EditorHoverTooltip\EditorHoverTooltipManager.cs","17736","0xB1D63F0 ^ _003CModule_003E_007Be69553f9_002Deb39_002D49cd_002D9d77_002Da4ee304d94f7_007D.m_7b86004a82fb42ee97ea7d5e58574563.m_df89dfc2a96347ad9471b517744dea02"," "
"PvfCode\ViewModels\DocumentFolder\EditorHoverTooltip\EditorHoverTooltipManager.cs","17736","0x4D2398F3 ^ _003CModule_003E_007Be69553f9_002Deb39_002D49cd_002D9d77_002Da4ee304d94f7_007D.m_7b86004a82fb42ee97ea7d5e58574563.m_5924bd2461b7415baa9211b5f1cb71b2"," "
"PvfCode\ViewModels\DocumentFolder\EditorHoverTooltip\EditorHoverTooltipManager.cs","24468","0x19F93B55 ^ _003CModule_003E_007Be69553f9_002Deb39_002D49cd_002D9d77_002Da4ee304d94f7_007D.m_7b86004a82fb42ee97ea7d5e58574563.m_afceaa2a86c14a5c9cf1f8f0fdd0f590","equipment"
"PvfCode\ViewModels\DocumentFolder\EditorHoverTooltip\EditorHoverTooltipManager.cs","24468","0x42E6A988 ^ _003CModule_003E_007Be69553f9_002Deb39_002D49cd_002D9d77_002Da4ee304d94f7_007D.m_7b86004a82fb42ee97ea7d5e58574563.m_bbd6700d16934fad8cc9f8d19544f21f","equipment"
"PvfCode\ViewModels\DocumentFolder\EditorHoverTooltip\EditorHoverTooltipManager.cs","24468","0x768AA612 ^ _003CModule_003E_007Be69553f9_002Deb39_002D49cd_002D9d77_002Da4ee304d94f7_007D.m_7b86004a82fb42ee97ea7d5e58574563.m_5f32481f68ae4c7eaeea7ec68a5ff47b","equipment"
"PvfCode\ViewModels\DocumentFolder\EditorHoverTooltip\EditorHoverTooltipManager.cs","24468","0x13FC18FE ^ _003CModule_003E_007Be69553f9_002Deb39_002D49cd_002D9d77_002Da4ee304d94f7_007D.m_7b86004a82fb42ee97ea7d5e58574563.m_a7cc82b779404332a260d01290ecb801","equipment"
"PvfCode\ViewModels\DocumentFolder\EditorHoverTooltip\EditorHoverTooltipManager.cs","24468","0x2011A4C ^ _003CModule_003E_007Be69553f9_002Deb39_002D49cd_002D9d77_002Da4ee304d94f7_007D.m_7b86004a82fb42ee97ea7d5e58574563.m_582a7f02cd3044949cbbc8d81e970cdb","equipment"
"PvfCode\ViewModels\DocumentFolder\EditorHoverTooltip\EditorHoverTooltipManager.cs","24490","0xB1D7912 ^ _003CModule_003E_007Be69553f9_002Deb39_002D49cd_002D9d77_002Da4ee304d94f7_007D.m_7b86004a82fb42ee97ea7d5e58574563.m_df89dfc2a96347ad9471b517744dea02","stackable"
"PvfCode\ViewModels\DocumentFolder\EditorHoverTooltip\EditorHoverTooltipManager.cs","24490","0x3D9B8FB3 ^ _003CModule_003E_007Be69553f9_002Deb39_002D49cd_002D9d77_002Da4ee304d94f7_007D.m_7b86004a82fb42ee97ea7d5e58574563.m_825859c4ee504b91a6a1d6e7fabf4f01","stackable"
"PvfCode\ViewModels\DocumentFolder\EditorHoverTooltip\EditorHoverTooltipManager.cs","24490","0x636C5DA0 ^ _003CModule_003E_007Be69553f9_002Deb39_002D49cd_002D9d77_002Da4ee304d94f7_007D.m_7b86004a82fb42ee97ea7d5e58574563.m_972142dcef4a4cfba572768c2212069f","stackable"
"PvfCode\ViewModels\DocumentFolder\EditorHoverTooltip\EditorHoverTooltipManager.cs","24490","0x13FC18C0 ^ _003CModule_003E_007Be69553f9_002Deb39_002D49cd_002D9d77_002Da4ee304d94f7_007D.m_7b86004a82fb42ee97ea7d5e58574563.m_a7cc82b779404332a260d01290ecb801","stackable"
"PvfCode\ViewModels\DocumentFolder\EditorHoverTooltip\EditorHoverTooltipManager.cs","24490","-985766894 ^ -691897134 ^ _003CModule_003E_007Be69553f9_002Deb39_002D49cd_002D9d77_002Da4ee304d94f7_007D.m_7b86004a82fb42ee97ea7d5e58574563.m_a7cc82b779404332a260d01290ecb801","stackable"
"PvfCode\ViewModels\DocumentFolder\EditorHoverTooltip\EditorHoverTooltipManager.cs","35136","0x67780549 ^ _003CModule_003E_007Be69553f9_002Deb39_002D49cd_002D9d77_002Da4ee304d94f7_007D.m_7b86004a82fb42ee97ea7d5e58574563.m_e0f0c9b53f5f4d0e88dcbb6df9cbe106","aicharacter"
"PvfCode\ViewModels\DocumentFolder\EditorHoverTooltip\EditorHoverTooltipManager.cs","35162","0xB1DAFE2 ^ _003CModule_003E_007Be69553f9_002Deb39_002D49cd_002D9d77_002Da4ee304d94f7_007D.m_7b86004a82fb42ee97ea7d5e58574563.m_df89dfc2a96347ad9471b517744dea02","monster"
"PvfCode\ViewModels\DocumentFolder\EditorHoverTooltip\EditorHoverTooltipManager.cs","35342","0x30659C04 ^ _003CModule_003E_007Be69553f9_002Deb39_002D49cd_002D9d77_002Da4ee304d94f7_007D.m_7b86004a82fb42ee97ea7d5e58574563.m_add69167a2c54fe0bb2e5f0af2545839","0"
"PvfCode\ViewModels\DocumentFolder\EditorHoverTooltip\EditorHoverTooltipManager.cs","35342","0x4E19A097 ^ _003CModule_003E_007Be69553f9_002Deb39_002D49cd_002D9d77_002Da4ee304d94f7_007D.m_7b86004a82fb42ee97ea7d5e58574563.m_24a7cb1bd49e4021b5d8fa5493d816ca","0"
"PvfCode\ViewModels\DocumentFolder\EditorHoverTooltip\EditorHoverTooltipManager.cs","37402","0x527A34C8 ^ _003CModule_003E_007Be69553f9_002Deb39_002D49cd_002D9d77_002Da4ee304d94f7_007D.m_7b86004a82fb42ee97ea7d5e58574563.m_cb81f441a98e4bd493b61df435bbdbdb","[dungeon drop rate balance]"
"PvfCode\ViewModels\DocumentFolder\EditorHoverTooltip\EditorHoverTooltipManager.cs","37460","0xB8BBFC5 ^ _003CModule_003E_007Be69553f9_002Deb39_002D49cd_002D9d77_002Da4ee304d94f7_007D.m_7b86004a82fb42ee97ea7d5e58574563.m_e066a82cd08141c08d4817f20a7d29f3","etc/independent_drop.etc"
"PvfCode\ViewModels\DocumentFolder\EditorHoverTooltip\EditorHoverTooltipManager.cs","48088","0x1018488B ^ _003CModule_003E_007Be69553f9_002Deb39_002D49cd_002D9d77_002Da4ee304d94f7_007D.m_7b86004a82fb42ee97ea7d5e58574563.m_80f251012e8548e0baf3267defb3d706","EditorTooltipDataTemplateSelector"
"PvfCode\ViewModels\DocumentFolder\EditorHoverTooltip\EditorHoverTooltipManager.cs","48158","0x51F169D2 ^ _003CModule_003E_007Be69553f9_002Deb39_002D49cd_002D9d77_002Da4ee304d94f7_007D.m_7b86004a82fb42ee97ea7d5e58574563.m_e9daf7d92d7e4446976bda811e90502a","[special passive object item]"
"PvfCode\ViewModels\DocumentFolder\EditorHoverTooltip\EditorHoverTooltipManager.cs","48220","0xF02144C ^ _003CModule_003E_007Be69553f9_002Deb39_002D49cd_002D9d77_002Da4ee304d94f7_007D.m_7b86004a82fb42ee97ea7d5e58574563.m_e5d5198bec9744b280b22d7dede4d8ad","EditorHoverTooltip_ConfigFileError_lstNameNull"
"PvfCode\ViewModels\DocumentFolder\EditorHoverTooltip\EditorHoverTooltipManager.cs","48316","0x6D268E72 ^ _003CModule_003E_007Be69553f9_002Deb39_002D49cd_002D9d77_002Da4ee304d94f7_007D.m_7b86004a82fb42ee97ea7d5e58574563.m_a1b83f1dd0754677898be265fae789c4","EditorHoverTooltip_ConfigFileError"
"PvfCode\ViewModels\DocumentFolder\EditorHoverTooltip\EditorHoverTooltipManager.cs","48388","0x89A352D ^ _003CModule_003E_007Be69553f9_002Deb39_002D49cd_002D9d77_002Da4ee304d94f7_007D.m_7b86004a82fb42ee97ea7d5e58574563.m_cf19654829b546c5ba704a307b4e0bfa","Luang_MonsterName"
"PvfCode\ViewModels\DocumentFolder\EditorHoverTooltip\EditorHoverTooltipManager.cs","48426","0xDD4D5 ^ _003CModule_003E_007Be69553f9_002Deb39_002D49cd_002D9d77_002Da4ee304d94f7_007D.m_7b86004a82fb42ee97ea7d5e58574563.m_ffc261d25c834aebbee1da6f61154719","1"
"PvfCode\ViewModels\DocumentFolder\EditorHoverTooltip\EditorHoverTooltipManager.cs","48432","0x25C0A8A7 ^ _003CModule_003E_007Be69553f9_002Deb39_002D49cd_002D9d77_002Da4ee304d94f7_007D.m_7b86004a82fb42ee97ea7d5e58574563.m_c8944dd9ca4b4079b8678bce0630ff7d","APC"
"PvfCode\ViewModels\DocumentFolder\EditorHoverTooltip\EditorHoverTooltipManager.cs","48442","0x1B5E290C ^ _003CModule_003E_007Be69553f9_002Deb39_002D49cd_002D9d77_002Da4ee304d94f7_007D.m_7b86004a82fb42ee97ea7d5e58574563.m_995dc3f7a3024d82ba87d77f60d35fca","EditorHoverTooltip_Description_DropItemName"
"PvfCode\ViewModels\DocumentFolder\EditorHoverTooltip\EditorHoverTooltipManager.cs","48442","0xF02152A ^ _003CModule_003E_007Be69553f9_002Deb39_002D49cd_002D9d77_002Da4ee304d94f7_007D.m_7b86004a82fb42ee97ea7d5e58574563.m_e5d5198bec9744b280b22d7dede4d8ad","EditorHoverTooltip_Description_DropItemName"
"PvfCode\ViewModels\DocumentFolder\EditorHoverTooltip\EditorHoverTooltipManager.cs","48532","0x4C162F80 ^ _003CModule_003E_007Be69553f9_002Deb39_002D49cd_002D9d77_002Da4ee304d94f7_007D.m_7b86004a82fb42ee97ea7d5e58574563.m_d7eae1243bb84fa8b3e43c67ebe44716","mess_Independent_drop_OnlyZeroCanBeInputErr"
"PvfCode\ViewModels\DocumentFolder\EditorHoverTooltip\EditorHoverTooltipManager.cs","48622","0x690E5CCC ^ _003CModule_003E_007Be69553f9_002Deb39_002D49cd_002D9d77_002Da4ee304d94f7_007D.m_7b86004a82fb42ee97ea7d5e58574563.m_864fc4c2b93e4f099c2c07aa23d782f6","错误信息"
"PvfCode\ViewModels\DocumentFolder\EditorHoverTooltip\EditorHoverTooltipManager.cs","48634","0x662D7CCA ^ _003CModule_003E_007Be69553f9_002Deb39_002D49cd_002D9d77_002Da4ee304d94f7_007D.m_7b86004a82fb42ee97ea7d5e58574563.m_1e27397300b24ef4ba98a645a53798c2","independentdrop"
"PvfCode\ViewModels\DocumentFolder\EditorHoverTooltip\EditorHoverTooltipManager.cs","48668","0x3CA900CF ^ _003CModule_003E_007Be69553f9_002Deb39_002D49cd_002D9d77_002Da4ee304d94f7_007D.m_7b86004a82fb42ee97ea7d5e58574563.m_c10a6115b19c4927ae8ffc79f8f16dfb","EditorHoverTooltip_Description_DropListName"
"PvfCode\ViewModels\DocumentFolder\EditorHoverTooltip\EditorHoverTooltipManager.cs","48758","0x622F3CD4 ^ _003CModule_003E_007Be69553f9_002Deb39_002D49cd_002D9d77_002Da4ee304d94f7_007D.m_7b86004a82fb42ee97ea7d5e58574563.m_41a03ba455a9468b9050278ae77448e1","[ui controls]"
"PvfCode\ViewModels\DocumentFolder\EditorHoverTooltip\EditorHoverTooltipManager.cs","48788","0x70CCC368 ^ _003CModule_003E_007Be69553f9_002Deb39_002D49cd_002D9d77_002Da4ee304d94f7_007D.m_7b86004a82fb42ee97ea7d5e58574563.m_ee8424bd48bb442e9a823a15df5a62b4","`[switchbox]`"
"PvfCode\ViewModels\DocumentFolder\EditorHoverTooltip\EditorHoverTooltipManager.cs","48818","0x89A369B ^ _003CModule_003E_007Be69553f9_002Deb39_002D49cd_002D9d77_002Da4ee304d94f7_007D.m_7b86004a82fb42ee97ea7d5e58574563.m_cf19654829b546c5ba704a307b4e0bfa","`[balloon]`"
"PvfCode\ViewModels\DocumentFolder\EditorHoverTooltip\EditorHoverTooltipManager.cs","48844","0x704E85E3 ^ _003CModule_003E_007Be69553f9_002Deb39_002D49cd_002D9d77_002Da4ee304d94f7_007D.m_7b86004a82fb42ee97ea7d5e58574563.m_c4f70e4f04fd48b4b9edaf9a9b8fdeae","dungeon"
"PvfCode\ViewModels\DocumentFolder\EditorHoverTooltip\EditorHoverTooltipManager.cs","48862","0x201FB06 ^ _003CModule_003E_007Be69553f9_002Deb39_002D49cd_002D9d77_002Da4ee304d94f7_007D.m_7b86004a82fb42ee97ea7d5e58574563.m_582a7f02cd3044949cbbc8d81e970cdb","EditorHoverTooltip_Description_DungeonInterface"
"PvfCode\ViewModels\DocumentFolder\EditorHoverTooltip\EditorHoverTooltipManager.cs","48960","0xB1D99F8 ^ _003CModule_003E_007Be69553f9_002Deb39_002D49cd_002D9d77_002Da4ee304d94f7_007D.m_7b86004a82fb42ee97ea7d5e58574563.m_df89dfc2a96347ad9471b517744dea02","EditorHoverTooltip_Description_SpecialPassiveObjectItem"
"PvfCode\ViewModels\DocumentFolder\EditorHoverTooltip\GeneralHoverTooltip.cs","49074","0x65E641D1 ^ _003CModule_003E_007Be69553f9_002Deb39_002D49cd_002D9d77_002Da4ee304d94f7_007D.m_7b86004a82fb42ee97ea7d5e58574563.m_0a3e5af7839d43a19884f927a9769d0e","UpdatePosition"
"PvfCode\ViewModels\DocumentFolder\EditorHoverTooltip\GeneralHoverTooltip.cs","49106","0x933BE65 ^ _003CModule_003E_007Be69553f9_002Deb39_002D49cd_002D9d77_002Da4ee304d94f7_007D.m_7b86004a82fb42ee97ea7d5e58574563.m_a47e9e4bf3624e7291689f8fb4b10989","/pvfUtility;V2026.1.22.2;component/viewmodels/documentfolder/editorhovertooltip/generalhovertooltip.xaml"
"PvfCode\ViewModels\DocumentFolder\EditorHoverTooltip\GeneralHoverTooltip.cs","49318","0x47B9DD43 ^ _003CModule_003E_007Be69553f9_002Deb39_002D49cd_002D9d77_002Da4ee304d94f7_007D.m_7b86004a82fb42ee97ea7d5e58574563.m_0bd286ac068745bfb29b92d10b515130","IsPositionUpdate"
"PvfCode\ViewModels\DocumentFolder\EditorHoverTooltip\ToolTipViewModel_SectionComment.cs","38444","0x35099F35 ^ _003CModule_003E_007Be69553f9_002Deb39_002D49cd_002D9d77_002Da4ee304d94f7_007D.m_7b86004a82fb42ee97ea7d5e58574563.m_c3720eb655124e6e81b317ef170605cd","|"
"PvfCode\ViewModels\DocumentFolder\EditorHoverTooltip\ToolTipViewModel_SectionComment.cs","82470","0x25C157B1 ^ _003CModule_003E_007Be69553f9_002Deb39_002D49cd_002D9d77_002Da4ee304d94f7_007D.m_7b86004a82fb42ee97ea7d5e58574563.m_c8944dd9ca4b4079b8678bce0630ff7d","保存成功"
"PvfCode\ViewModels\DocumentFolder\EditorHoverTooltip\ToolTipViewModel_SectionComment.cs","82470","0x89BCA0F ^ _003CModule_003E_007Be69553f9_002Deb39_002D49cd_002D9d77_002Da4ee304d94f7_007D.m_7b86004a82fb42ee97ea7d5e58574563.m_cf19654829b546c5ba704a307b4e0bfa","保存成功"
"PvfCode\ViewModels\DocumentFolder\EditorHoverTooltip\ToolTipViewModelBase.cs","49354","1503723328 ^ 0x3C3E6117 ^ _003CModule_003E_007Be69553f9_002Deb39_002D49cd_002D9d77_002Da4ee304d94f7_007D.m_7b86004a82fb42ee97ea7d5e58574563.m_0cdaa8b4a2df45ea8b368477e0c569ba","Text"
"PvfCode\ViewModels\DocumentFolder\EditorHoverTooltip\ViewModels\ToolTipViewModel_FilePathHoverTooltip.cs","43600","0x7A7E57EC ^ _003CModule_003E_007Be69553f9_002Deb39_002D49cd_002D9d77_002Da4ee304d94f7_007D.m_7b86004a82fb42ee97ea7d5e58574563.m_22c98bd810e84970b541501ace0b424a",".img"
"PvfCode\ViewModels\DocumentFolder\ErrorMarker\lst\LstErrorMarker.cs","41694","0x768A5B58 ^ _003CModule_003E_007Be69553f9_002Deb39_002D49cd_002D9d77_002Da4ee304d94f7_007D.m_7b86004a82fb42ee97ea7d5e58574563.m_5f32481f68ae4c7eaeea7ec68a5ff47b","Digits"
"PvfCode\ViewModels\DocumentFolder\ErrorMarker\lst\LstErrorMarker.cs","41694","0x768A5B58 ^ _003CModule_003E_007Be69553f9_002Deb39_002D49cd_002D9d77_002Da4ee304d94f7_007D.m_7b86004a82fb42ee97ea7d5e58574563.m_5f32481f68ae4c7eaeea7ec68a5ff47b","Digits"
"PvfCode\ViewModels\DocumentFolder\ErrorMarker\lst\LstErrorMarker.cs","41710","0x2D9785EF ^ _003CModule_003E_007Be69553f9_002Deb39_002D49cd_002D9d77_002Da4ee304d94f7_007D.m_7b86004a82fb42ee97ea7d5e58574563.m_59a7418b35384ddea3432ed6abd3f702","String"
"PvfCode\ViewModels\DocumentFolder\Foldings\FoldingEnitys\FoldingElementGenerator.cs","47228","0x11B9A750 ^ _003CModule_003E_007Be69553f9_002Deb39_002D49cd_002D9d77_002Da4ee304d94f7_007D.m_7b86004a82fb42ee97ea7d5e58574563.m_39a59c8c3fda4dbdaaf2213c010b00a8","Invalid TextView"
"PvfCode\ViewModels\DocumentFolder\Foldings\FoldingEnitys\FoldingElementGenerator.cs","47264","0x11B9A78C ^ _003CModule_003E_007Be69553f9_002Deb39_002D49cd_002D9d77_002Da4ee304d94f7_007D.m_7b86004a82fb42ee97ea7d5e58574563.m_39a59c8c3fda4dbdaaf2213c010b00a8","Invalid document"
"PvfCode\ViewModels\DocumentFolder\Foldings\FoldingEnitys\FoldingElementGenerator.cs","47300","1503723328 ^ 0x7827DE2A ^ _003CModule_003E_007Be69553f9_002Deb39_002D49cd_002D9d77_002Da4ee304d94f7_007D.m_7b86004a82fb42ee97ea7d5e58574563.m_a6871abdbd314ec9bd2de23164bed82c"," . . . "
"PvfCode\ViewModels\DocumentFolder\Foldings\FoldingEnitys\FoldingManager.cs","43854","0x2B2E1538 ^ _003CModule_003E_007Be69553f9_002Deb39_002D49cd_002D9d77_002Da4ee304d94f7_007D.m_7b86004a82fb42ee97ea7d5e58574563.m_5b1a4905efa74bdd971c79e2845c55df","document"
"PvfCode\ViewModels\DocumentFolder\Foldings\FoldingEnitys\FoldingManager.cs","46196","0x3509BD6D ^ _003CModule_003E_007Be69553f9_002Deb39_002D49cd_002D9d77_002Da4ee304d94f7_007D.m_7b86004a82fb42ee97ea7d5e58574563.m_c3720eb655124e6e81b317ef170605cd","textArea"
"PvfCode\ViewModels\DocumentFolder\Foldings\FoldingEnitys\FoldingManager.cs","47318","0x2B2E06A0 ^ _003CModule_003E_007Be69553f9_002Deb39_002D49cd_002D9d77_002Da4ee304d94f7_007D.m_7b86004a82fb42ee97ea7d5e58574563.m_5b1a4905efa74bdd971c79e2845c55df","fs"
"PvfCode\ViewModels\DocumentFolder\Foldings\FoldingEnitys\FoldingManager.cs","47326","0x1B5E2CE8 ^ _003CModule_003E_007Be69553f9_002Deb39_002D49cd_002D9d77_002Da4ee304d94f7_007D.m_7b86004a82fb42ee97ea7d5e58574563.m_995dc3f7a3024d82ba87d77f60d35fca","newFoldings"
"PvfCode\ViewModels\DocumentFolder\Foldings\FoldingEnitys\FoldingManager.cs","47352","0x25C0AD6F ^ _003CModule_003E_007Be69553f9_002Deb39_002D49cd_002D9d77_002Da4ee304d94f7_007D.m_7b86004a82fb42ee97ea7d5e58574563.m_c8944dd9ca4b4079b8678bce0630ff7d","newFoldings must be sorted by start offset"
"PvfCode\ViewModels\DocumentFolder\Foldings\FoldingEnitys\FoldingManager.cs","47440","0x1B5E2D66 ^ _003CModule_003E_007Be69553f9_002Deb39_002D49cd_002D9d77_002Da4ee304d94f7_007D.m_7b86004a82fb42ee97ea7d5e58574563.m_995dc3f7a3024d82ba87d77f60d35fca","manager"
"PvfCode\ViewModels\DocumentFolder\Foldings\FoldingEnitys\FoldingManager.cs","47458","0x5D5FFEDD ^ _003CModule_003E_007Be69553f9_002Deb39_002D49cd_002D9d77_002Da4ee304d94f7_007D.m_7b86004a82fb42ee97ea7d5e58574563.m_a471290541044d3bb697860b55cc6bc1","FoldingManager was not created using FoldingManager.Install"
"PvfCode\ViewModels\DocumentFolder\Foldings\FoldingEnitys\FoldingMargin.cs","47580","0x47B9A439 ^ _003CModule_003E_007Be69553f9_002Deb39_002D49cd_002D9d77_002Da4ee304d94f7_007D.m_7b86004a82fb42ee97ea7d5e58574563.m_0bd286ac068745bfb29b92d10b515130","FoldingMarkerBrush"
"PvfCode\ViewModels\DocumentFolder\Foldings\FoldingEnitys\FoldingMargin.cs","47620","0x4BA008C0 ^ _003CModule_003E_007Be69553f9_002Deb39_002D49cd_002D9d77_002Da4ee304d94f7_007D.m_7b86004a82fb42ee97ea7d5e58574563.m_d6a39a5ddb584a4d998858fb4ceeb027","FoldingMarkerBackgroundBrush"
"PvfCode\ViewModels\DocumentFolder\Foldings\FoldingEnitys\FoldingMargin.cs","47680","0x67783649 ^ _003CModule_003E_007Be69553f9_002Deb39_002D49cd_002D9d77_002Da4ee304d94f7_007D.m_7b86004a82fb42ee97ea7d5e58574563.m_e0f0c9b53f5f4d0e88dcbb6df9cbe106","SelectedFoldingMarkerBrush"
"PvfCode\ViewModels\DocumentFolder\Foldings\FoldingEnitys\FoldingMargin.cs","47736","0x622F38DA ^ _003CModule_003E_007Be69553f9_002Deb39_002D49cd_002D9d77_002Da4ee304d94f7_007D.m_7b86004a82fb42ee97ea7d5e58574563.m_41a03ba455a9468b9050278ae77448e1","SelectedFoldingMarkerBackgroundBrush"
"PvfCode\ViewModels\DocumentFolder\Foldings\FoldingEnitys\NewFolding.cs","47812","0x417EB68 ^ _003CModule_003E_007Be69553f9_002Deb39_002D49cd_002D9d77_002Da4ee304d94f7_007D.m_7b86004a82fb42ee97ea7d5e58574563.m_8fd2865c456d4936bd87c4a63c3e7ba1","'start' must be less than 'end'"
"PvfCode\ViewModels\DocumentFolder\Foldings\FoldingEnitys\XmlFoldingStrategy.cs","9872","0x6D26145E ^ _003CModule_003E_007Be69553f9_002Deb39_002D49cd_002D9d77_002Da4ee304d94f7_007D.m_7b86004a82fb42ee97ea7d5e58574563.m_a1b83f1dd0754677898be265fae789c4","<"
"PvfCode\ViewModels\DocumentFolder\Foldings\FoldingEnitys\XmlFoldingStrategy.cs","9872","0xF028E80 ^ _003CModule_003E_007Be69553f9_002Deb39_002D49cd_002D9d77_002Da4ee304d94f7_007D.m_7b86004a82fb42ee97ea7d5e58574563.m_e5d5198bec9744b280b22d7dede4d8ad","<"
"PvfCode\ViewModels\DocumentFolder\Foldings\FoldingEnitys\XmlFoldingStrategy.cs","9872","0x690EC7B2 ^ _003CModule_003E_007Be69553f9_002Deb39_002D49cd_002D9d77_002Da4ee304d94f7_007D.m_7b86004a82fb42ee97ea7d5e58574563.m_864fc4c2b93e4f099c2c07aa23d782f6","<"
"PvfCode\ViewModels\DocumentFolder\Foldings\FoldingEnitys\XmlFoldingStrategy.cs","9878","0x38553EE3 ^ _003CModule_003E_007Be69553f9_002Deb39_002D49cd_002D9d77_002Da4ee304d94f7_007D.m_7b86004a82fb42ee97ea7d5e58574563.m_0273572c23d24952bbcc01600fea0084",">"
"PvfCode\ViewModels\DocumentFolder\Foldings\FoldingEnitys\XmlFoldingStrategy.cs","9878","0x622FA434 ^ _003CModule_003E_007Be69553f9_002Deb39_002D49cd_002D9d77_002Da4ee304d94f7_007D.m_7b86004a82fb42ee97ea7d5e58574563.m_41a03ba455a9468b9050278ae77448e1",">"
"PvfCode\ViewModels\DocumentFolder\Foldings\FoldingEnitys\XmlFoldingStrategy.cs","9878","0x2D970197 ^ _003CModule_003E_007Be69553f9_002Deb39_002D49cd_002D9d77_002Da4ee304d94f7_007D.m_7b86004a82fb42ee97ea7d5e58574563.m_59a7418b35384ddea3432ed6abd3f702",">"
"PvfCode\ViewModels\DocumentFolder\Foldings\FoldingEnitys\XmlFoldingStrategy.cs","17736","0x47B958AD ^ _003CModule_003E_007Be69553f9_002Deb39_002D49cd_002D9d77_002Da4ee304d94f7_007D.m_7b86004a82fb42ee97ea7d5e58574563.m_0bd286ac068745bfb29b92d10b515130"," "
"PvfCode\ViewModels\DocumentFolder\Foldings\FoldingEnitys\XmlFoldingStrategy.cs","17736","0x4C16D75C ^ _003CModule_003E_007Be69553f9_002Deb39_002D49cd_002D9d77_002Da4ee304d94f7_007D.m_7b86004a82fb42ee97ea7d5e58574563.m_d7eae1243bb84fa8b3e43c67ebe44716"," "
"PvfCode\ViewModels\DocumentFolder\Foldings\FoldingEnitys\XmlFoldingStrategy.cs","43572","0x47B9B7D1 ^ _003CModule_003E_007Be69553f9_002Deb39_002D49cd_002D9d77_002Da4ee304d94f7_007D.m_7b86004a82fb42ee97ea7d5e58574563.m_0bd286ac068745bfb29b92d10b515130",""""
"PvfCode\ViewModels\DocumentFolder\Foldings\FoldingEnitys\XmlFoldingStrategy.cs","47878","0x3065AD0C ^ _003CModule_003E_007Be69553f9_002Deb39_002D49cd_002D9d77_002Da4ee304d94f7_007D.m_7b86004a82fb42ee97ea7d5e58574563.m_add69167a2c54fe0bb2e5f0af2545839","XmlReader does not have positioning information."
"PvfCode\ViewModels\DocumentFolder\Foldings\FoldingEnitys\XmlFoldingStrategy.cs","47978","0x51F78CAB ^ _003CModule_003E_007Be69553f9_002Deb39_002D49cd_002D9d77_002Da4ee304d94f7_007D.m_7b86004a82fb42ee97ea7d5e58574563.m_c14a170a5a60490084306350f271c7f1","<!--"
"PvfCode\ViewModels\DocumentFolder\Foldings\FoldingEnitys\XmlFoldingStrategy.cs","47990","0x933BAC1 ^ _003CModule_003E_007Be69553f9_002Deb39_002D49cd_002D9d77_002Da4ee304d94f7_007D.m_7b86004a82fb42ee97ea7d5e58574563.m_a47e9e4bf3624e7291689f8fb4b10989","-->"
"PvfCode\ViewModels\DocumentFolder\Foldings\FoldingEnitys\XmlFoldingStrategy.cs","48000","0x7C0FA562 ^ _003CModule_003E_007Be69553f9_002Deb39_002D49cd_002D9d77_002Da4ee304d94f7_007D.m_7b86004a82fb42ee97ea7d5e58574563.m_2bc1918cd21d40e9b73926d6c2cbc512","="
"PvfCode\ViewModels\DocumentFolder\Foldings\FoldingEnitys\XmlFoldingStrategy.cs","48006","0x11B9A4AA ^ _003CModule_003E_007Be69553f9_002Deb39_002D49cd_002D9d77_002Da4ee304d94f7_007D.m_7b86004a82fb42ee97ea7d5e58574563.m_39a59c8c3fda4dbdaaf2213c010b00a8","&"
"PvfCode\ViewModels\DocumentFolder\Foldings\FoldingEnitys\XmlFoldingStrategy.cs","48012","0x21872222 ^ _003CModule_003E_007Be69553f9_002Deb39_002D49cd_002D9d77_002Da4ee304d94f7_007D.m_7b86004a82fb42ee97ea7d5e58574563.m_a6871abdbd314ec9bd2de23164bed82c","&amp;"
"PvfCode\ViewModels\DocumentFolder\Foldings\FoldingEnitys\XmlFoldingStrategy.cs","48026","0x2B2E05EC ^ _003CModule_003E_007Be69553f9_002Deb39_002D49cd_002D9d77_002Da4ee304d94f7_007D.m_7b86004a82fb42ee97ea7d5e58574563.m_5b1a4905efa74bdd971c79e2845c55df","&lt;"
"PvfCode\ViewModels\DocumentFolder\Foldings\FoldingEnitys\XmlFoldingStrategy.cs","48038","0x3D9B6BBF ^ _003CModule_003E_007Be69553f9_002Deb39_002D49cd_002D9d77_002Da4ee304d94f7_007D.m_7b86004a82fb42ee97ea7d5e58574563.m_825859c4ee504b91a6a1d6e7fabf4f01","&gt;"
"PvfCode\ViewModels\DocumentFolder\Foldings\FoldingEnitys\XmlFoldingStrategy.cs","48050","0x3855A3C7 ^ _003CModule_003E_007Be69553f9_002Deb39_002D49cd_002D9d77_002Da4ee304d94f7_007D.m_7b86004a82fb42ee97ea7d5e58574563.m_0273572c23d24952bbcc01600fea0084","&quot;"
"PvfCode\ViewModels\DocumentFolder\Foldings\FoldingEnitys\XmlFoldingStrategy.cs","48066","0x6C4C5E62 ^ _003CModule_003E_007Be69553f9_002Deb39_002D49cd_002D9d77_002Da4ee304d94f7_007D.m_7b86004a82fb42ee97ea7d5e58574563.m_c4ac9f35eb704455b489a780e86cf909","'"
"PvfCode\ViewModels\DocumentFolder\Foldings\FoldingEnitys\XmlFoldingStrategy.cs","48072","0x933BA7F ^ _003CModule_003E_007Be69553f9_002Deb39_002D49cd_002D9d77_002Da4ee304d94f7_007D.m_7b86004a82fb42ee97ea7d5e58574563.m_a47e9e4bf3624e7291689f8fb4b10989","&apos;"
"PvfCode\ViewModels\DocumentFolder\Foldings\FoldingStrategyBase.cs","9836","0x89AAE45 ^ _003CModule_003E_007Be69553f9_002Deb39_002D49cd_002D9d77_002Da4ee304d94f7_007D.m_7b86004a82fb42ee97ea7d5e58574563.m_cf19654829b546c5ba704a307b4e0bfa","/"
"PvfCode\ViewModels\DocumentFolder\Foldings\FoldingStrategyBase.cs","17736","0x51F19084 ^ _003CModule_003E_007Be69553f9_002Deb39_002D49cd_002D9d77_002Da4ee304d94f7_007D.m_7b86004a82fb42ee97ea7d5e58574563.m_e9daf7d92d7e4446976bda811e90502a"," "
"PvfCode\ViewModels\DocumentFolder\Foldings\FoldingStrategyBase.cs","17736","0x51F19084 ^ _003CModule_003E_007Be69553f9_002Deb39_002D49cd_002D9d77_002Da4ee304d94f7_007D.m_7b86004a82fb42ee97ea7d5e58574563.m_e9daf7d92d7e4446976bda811e90502a"," "
"PvfCode\ViewModels\DocumentFolder\Foldings\FoldingStrategyBase.cs","41710","0x768A5B68 ^ _003CModule_003E_007Be69553f9_002Deb39_002D49cd_002D9d77_002Da4ee304d94f7_007D.m_7b86004a82fb42ee97ea7d5e58574563.m_5f32481f68ae4c7eaeea7ec68a5ff47b","String"
"PvfCode\ViewModels\DocumentFolder\Foldings\FoldingStrategyBase.cs","41710","0x768A5B68 ^ _003CModule_003E_007Be69553f9_002Deb39_002D49cd_002D9d77_002Da4ee304d94f7_007D.m_7b86004a82fb42ee97ea7d5e58574563.m_5f32481f68ae4c7eaeea7ec68a5ff47b","String"
"PvfCode\ViewModels\DocumentFolder\Foldings\FoldingStrategyBase.cs","43520","0x659EF49D ^ _003CModule_003E_007Be69553f9_002Deb39_002D49cd_002D9d77_002Da4ee304d94f7_007D.m_7b86004a82fb42ee97ea7d5e58574563.m_0cdaa8b4a2df45ea8b368477e0c569ba","Section"
"PvfCode\ViewModels\DocumentFolder\Foldings\FoldingStrategyBase.cs","43520","0x622F28A2 ^ _003CModule_003E_007Be69553f9_002Deb39_002D49cd_002D9d77_002Da4ee304d94f7_007D.m_7b86004a82fb42ee97ea7d5e58574563.m_41a03ba455a9468b9050278ae77448e1","Section"
"PvfCode\ViewModels\DocumentFolder\Foldings\FoldingStrategyBase.cs","43520","0x933ABB7 ^ _003CModule_003E_007Be69553f9_002Deb39_002D49cd_002D9d77_002Da4ee304d94f7_007D.m_7b86004a82fb42ee97ea7d5e58574563.m_a47e9e4bf3624e7291689f8fb4b10989","Section"
"PvfCode\ViewModels\DocumentFolder\Foldings\FoldingStrategyBase.cs","43520","0x622F28A2 ^ _003CModule_003E_007Be69553f9_002Deb39_002D49cd_002D9d77_002Da4ee304d94f7_007D.m_7b86004a82fb42ee97ea7d5e58574563.m_41a03ba455a9468b9050278ae77448e1","Section"
"PvfCode\ViewModels\DocumentFolder\Foldings\FoldingStrategyBase.cs","43520","0x70CCD7FC ^ _003CModule_003E_007Be69553f9_002Deb39_002D49cd_002D9d77_002Da4ee304d94f7_007D.m_7b86004a82fb42ee97ea7d5e58574563.m_ee8424bd48bb442e9a823a15df5a62b4","Section"
"PvfCode\ViewModels\DocumentFolder\Foldings\FoldingStrategyBase.cs","43520","0x933ABB7 ^ _003CModule_003E_007Be69553f9_002Deb39_002D49cd_002D9d77_002Da4ee304d94f7_007D.m_7b86004a82fb42ee97ea7d5e58574563.m_a47e9e4bf3624e7291689f8fb4b10989","Section"
"PvfCode\ViewModels\DocumentFolder\Foldings\FoldingStrategyBase.cs","43520","0x201EFD8 ^ _003CModule_003E_007Be69553f9_002Deb39_002D49cd_002D9d77_002Da4ee304d94f7_007D.m_7b86004a82fb42ee97ea7d5e58574563.m_582a7f02cd3044949cbbc8d81e970cdb","Section"
"PvfCode\ViewModels\DocumentFolder\Foldings\FoldingStrategyBase.cs","43520","0x636CA80A ^ _003CModule_003E_007Be69553f9_002Deb39_002D49cd_002D9d77_002Da4ee304d94f7_007D.m_7b86004a82fb42ee97ea7d5e58574563.m_972142dcef4a4cfba572768c2212069f","Section"
"PvfCode\ViewModels\DocumentFolder\Foldings\FoldingStrategyBase.cs","43538","0x70D177B6 ^ _003CModule_003E_007Be69553f9_002Deb39_002D49cd_002D9d77_002Da4ee304d94f7_007D.m_7b86004a82fb42ee97ea7d5e58574563.m_541fbf15174a41ce952b7916fd6276fe","SectionEnd"
"PvfCode\ViewModels\DocumentFolder\Foldings\FoldingStrategyBase.cs","47126","0x4BA00AD2 ^ _003CModule_003E_007Be69553f9_002Deb39_002D49cd_002D9d77_002Da4ee304d94f7_007D.m_7b86004a82fb42ee97ea7d5e58574563.m_d6a39a5ddb584a4d998858fb4ceeb027","FRAME"
"PvfCode\ViewModels\DocumentFolder\Foldings\FoldingStrategyBase.cs","47140","0x3855A051 ^ _003CModule_003E_007Be69553f9_002Deb39_002D49cd_002D9d77_002Da4ee304d94f7_007D.m_7b86004a82fb42ee97ea7d5e58574563.m_0273572c23d24952bbcc01600fea0084","初始化折叠错误：TextEditor.Document是Null FileType:"
"PvfCode\ViewModels\DocumentFolder\Foldings\FoldingStrategyBase.cs","47140","0x3855A051 ^ _003CModule_003E_007Be69553f9_002Deb39_002D49cd_002D9d77_002Da4ee304d94f7_007D.m_7b86004a82fb42ee97ea7d5e58574563.m_0273572c23d24952bbcc01600fea0084","初始化折叠错误：TextEditor.Document是Null FileType:"
"PvfCode\ViewModels\DocumentFolder\Foldings\FoldingStrategyBase.cs","82248","0x6779CD41 ^ _003CModule_003E_007Be69553f9_002Deb39_002D49cd_002D9d77_002Da4ee304d94f7_007D.m_7b86004a82fb42ee97ea7d5e58574563.m_e0f0c9b53f5f4d0e88dcbb6df9cbe106","更新折叠内部任务发生错误 ErrId:"
"PvfCode\ViewModels\DocumentFolder\Foldings\FoldingStrategyBase.cs","82248","0x6779CD41 ^ _003CModule_003E_007Be69553f9_002Deb39_002D49cd_002D9d77_002Da4ee304d94f7_007D.m_7b86004a82fb42ee97ea7d5e58574563.m_e0f0c9b53f5f4d0e88dcbb6df9cbe106","更新折叠内部任务发生错误 ErrId:"
"PvfCode\ViewModels\DocumentFolder\Foldings\FoldingStrategyBase.cs","82290","0x636D4378 ^ _003CModule_003E_007Be69553f9_002Deb39_002D49cd_002D9d77_002Da4ee304d94f7_007D.m_7b86004a82fb42ee97ea7d5e58574563.m_972142dcef4a4cfba572768c2212069f","创建ani折叠内部异常"
"PvfCode\ViewModels\DocumentFolder\Foldings\FoldingStrategyBase.cs","82290","0x636D4378 ^ _003CModule_003E_007Be69553f9_002Deb39_002D49cd_002D9d77_002Da4ee304d94f7_007D.m_7b86004a82fb42ee97ea7d5e58574563.m_972142dcef4a4cfba572768c2212069f","创建ani折叠内部异常"
"PvfCode\ViewModels\DocumentFolder\Foldings\FoldingStrategyBase.cs","82316","0xF03E99C ^ _003CModule_003E_007Be69553f9_002Deb39_002D49cd_002D9d77_002Da4ee304d94f7_007D.m_7b86004a82fb42ee97ea7d5e58574563.m_e5d5198bec9744b280b22d7dede4d8ad","创建花括号折叠内部异常"
"PvfCode\ViewModels\DocumentFolder\Foldings\FoldingStrategyBase.cs","82316","-1904881294 ^ -336933277 ^ _003CModule_003E_007Be69553f9_002Deb39_002D49cd_002D9d77_002Da4ee304d94f7_007D.m_7b86004a82fb42ee97ea7d5e58574563.m_0cdaa8b4a2df45ea8b368477e0c569ba","创建花括号折叠内部异常"
"PvfCode\ViewModels\DocumentFolder\Foldings\FoldingStrategyBase.cs","82316","-1904881294 ^ -336933277 ^ _003CModule_003E_007Be69553f9_002Deb39_002D49cd_002D9d77_002Da4ee304d94f7_007D.m_7b86004a82fb42ee97ea7d5e58574563.m_0cdaa8b4a2df45ea8b368477e0c569ba","创建花括号折叠内部异常"
"PvfCode\ViewModels\DocumentFolder\Foldings\FoldingStrategyBase.cs","82316","0xF03E99C ^ _003CModule_003E_007Be69553f9_002Deb39_002D49cd_002D9d77_002Da4ee304d94f7_007D.m_7b86004a82fb42ee97ea7d5e58574563.m_e5d5198bec9744b280b22d7dede4d8ad","创建花括号折叠内部异常"
"PvfCode\ViewModels\DocumentFolder\Foldings\FoldingStrategyBase.cs","82342","0x51F67667 ^ _003CModule_003E_007Be69553f9_002Deb39_002D49cd_002D9d77_002Da4ee304d94f7_007D.m_7b86004a82fb42ee97ea7d5e58574563.m_c14a170a5a60490084306350f271c7f1","创建ani折叠"
"PvfCode\ViewModels\DocumentFolder\Foldings\FoldingStrategyBase.cs","82360","0x7C0E5F5A ^ _003CModule_003E_007Be69553f9_002Deb39_002D49cd_002D9d77_002Da4ee304d94f7_007D.m_7b86004a82fb42ee97ea7d5e58574563.m_2bc1918cd21d40e9b73926d6c2cbc512","创建花括号折叠"
"PvfCode\ViewModels\DocumentFolder\Foldings\FoldingStrategyBase.cs","82378","0x47B85C2F ^ _003CModule_003E_007Be69553f9_002Deb39_002D49cd_002D9d77_002Da4ee304d94f7_007D.m_7b86004a82fb42ee97ea7d5e58574563.m_0bd286ac068745bfb29b92d10b515130","初始化折叠管理器异常"
"PvfCode\ViewModels\DocumentFolder\Foldings\FoldingStrategyBase.cs","82402","0xC281D ^ _003CModule_003E_007Be69553f9_002Deb39_002D49cd_002D9d77_002Da4ee304d94f7_007D.m_7b86004a82fb42ee97ea7d5e58574563.m_ffc261d25c834aebbee1da6f61154719","更新折叠时发生错误"
"PvfCode\ViewModels\DocumentFolder\Foldings\FoldingStrategyBase.cs","82424","0x350848E1 ^ _003CModule_003E_007Be69553f9_002Deb39_002D49cd_002D9d77_002Da4ee304d94f7_007D.m_7b86004a82fb42ee97ea7d5e58574563.m_c3720eb655124e6e81b317ef170605cd","更新折叠异常.UpdateFoldings"
"PvfCode\ViewModels\DocumentFolder\Foldings\ItemReferenceFoldingStrategy.cs","3902","0x3855174B ^ _003CModule_003E_007Be69553f9_002Deb39_002D49cd_002D9d77_002Da4ee304d94f7_007D.m_7b86004a82fb42ee97ea7d5e58574563.m_0273572c23d24952bbcc01600fea0084","`"
"PvfCode\ViewModels\DocumentFolder\Foldings\ItemReferenceFoldingStrategy.cs","9836","0x51F711AD ^ _003CModule_003E_007Be69553f9_002Deb39_002D49cd_002D9d77_002Da4ee304d94f7_007D.m_7b86004a82fb42ee97ea7d5e58574563.m_c14a170a5a60490084306350f271c7f1","/"
"PvfCode\ViewModels\DocumentFolder\Foldings\ItemReferenceFoldingStrategy.cs","41710","0x47B9BF0B ^ _003CModule_003E_007Be69553f9_002Deb39_002D49cd_002D9d77_002Da4ee304d94f7_007D.m_7b86004a82fb42ee97ea7d5e58574563.m_0bd286ac068745bfb29b92d10b515130","String"
"PvfCode\ViewModels\DocumentFolder\Foldings\ScriptSectionFoldingStrategy.cs","17736","0x51F77289 ^ _003CModule_003E_007Be69553f9_002Deb39_002D49cd_002D9d77_002Da4ee304d94f7_007D.m_7b86004a82fb42ee97ea7d5e58574563.m_c14a170a5a60490084306350f271c7f1"," "
"PvfCode\ViewModels\DocumentFolder\Foldings\ScriptSectionFoldingStrategy.cs","43520","0x3509A319 ^ _003CModule_003E_007Be69553f9_002Deb39_002D49cd_002D9d77_002Da4ee304d94f7_007D.m_7b86004a82fb42ee97ea7d5e58574563.m_c3720eb655124e6e81b317ef170605cd","Section"
"PvfCode\ViewModels\DocumentFolder\Foldings\ScriptSectionFoldingStrategy.cs","47126","0x5DBB480F ^ _003CModule_003E_007Be69553f9_002Deb39_002D49cd_002D9d77_002Da4ee304d94f7_007D.m_7b86004a82fb42ee97ea7d5e58574563.m_4dccf8dd3beb468396324e307ead22cc","FRAME"
"PvfCode\ViewModels\DocumentFolder\KorElementGenerator\KorFileElementGenerator.cs","46852","0x3509BE1D ^ _003CModule_003E_007Be69553f9_002Deb39_002D49cd_002D9d77_002Da4ee304d94f7_007D.m_7b86004a82fb42ee97ea7d5e58574563.m_c3720eb655124e6e81b317ef170605cd","KorStrIndex"
"PvfCode\ViewModels\DocumentFolder\KorElementGenerator\KorFileElementGenerator.cs","46852","0x622F35A6 ^ _003CModule_003E_007Be69553f9_002Deb39_002D49cd_002D9d77_002Da4ee304d94f7_007D.m_7b86004a82fb42ee97ea7d5e58574563.m_41a03ba455a9468b9050278ae77448e1","KorStrIndex"
"PvfCode\ViewModels\DocumentFolder\KorElementGenerator\StringQuote.cs","46878","0x13FCF074 ^ _003CModule_003E_007Be69553f9_002Deb39_002D49cd_002D9d77_002Da4ee304d94f7_007D.m_7b86004a82fb42ee97ea7d5e58574563.m_a7cc82b779404332a260d01290ecb801","/pvfUtility;V2026.1.22.2;component/viewmodels/documentfolder/korelementgenerator/stringquote.xaml"
"PvfCode\ViewModels\DocumentFolder\KorElementGenerator\StringQuoteElementGenerator.cs","41710","0x67782EE7 ^ _003CModule_003E_007Be69553f9_002Deb39_002D49cd_002D9d77_002Da4ee304d94f7_007D.m_7b86004a82fb42ee97ea7d5e58574563.m_e0f0c9b53f5f4d0e88dcbb6df9cbe106","String"
"PvfCode\ViewModels\DocumentFolder\KorElementGenerator\StringQuoteElementGenerator.cs","43520","0x2B2E1476 ^ _003CModule_003E_007Be69553f9_002Deb39_002D49cd_002D9d77_002Da4ee304d94f7_007D.m_7b86004a82fb42ee97ea7d5e58574563.m_5b1a4905efa74bdd971c79e2845c55df","Section"
"PvfCode\ViewModels\DocumentFolder\KorElementGenerator\StringQuoteElementGenerator.cs","43520","0x2D978D01 ^ _003CModule_003E_007Be69553f9_002Deb39_002D49cd_002D9d77_002Da4ee304d94f7_007D.m_7b86004a82fb42ee97ea7d5e58574563.m_59a7418b35384ddea3432ed6abd3f702","Section"
"PvfCode\ViewModels\DocumentFolder\KorElementGenerator\StringQuoteViewModel.cs","47076","0x6D26852A ^ _003CModule_003E_007Be69553f9_002Deb39_002D49cd_002D9d77_002Da4ee304d94f7_007D.m_7b86004a82fb42ee97ea7d5e58574563.m_a1b83f1dd0754677898be265fae789c4","StringQuote_ButtonTitle"
"PvfCode\ViewModels\DocumentFolder\LinkFolder\FilePathLinkVisualLine.cs","3902","0xD66C1 ^ _003CModule_003E_007Be69553f9_002Deb39_002D49cd_002D9d77_002Da4ee304d94f7_007D.m_7b86004a82fb42ee97ea7d5e58574563.m_ffc261d25c834aebbee1da6f61154719","`"
"PvfCode\ViewModels\DocumentFolder\LinkFolder\FilePathLinkVisualLine.cs","9830","0x25C033F1 ^ _003CModule_003E_007Be69553f9_002Deb39_002D49cd_002D9d77_002Da4ee304d94f7_007D.m_7b86004a82fb42ee97ea7d5e58574563.m_c8944dd9ca4b4079b8678bce0630ff7d","\"
"PvfCode\ViewModels\DocumentFolder\LinkFolder\FilePathLinkVisualLine.cs","9830","0x38553E13 ^ _003CModule_003E_007Be69553f9_002Deb39_002D49cd_002D9d77_002Da4ee304d94f7_007D.m_7b86004a82fb42ee97ea7d5e58574563.m_0273572c23d24952bbcc01600fea0084","\"
"PvfCode\ViewModels\DocumentFolder\LinkFolder\FilePathLinkVisualLine.cs","9830","0x51F1F3AA ^ _003CModule_003E_007Be69553f9_002Deb39_002D49cd_002D9d77_002Da4ee304d94f7_007D.m_7b86004a82fb42ee97ea7d5e58574563.m_e9daf7d92d7e4446976bda811e90502a","\"
"PvfCode\ViewModels\DocumentFolder\LinkFolder\FilePathLinkVisualLine.cs","9830","0x6C4CC3C6 ^ _003CModule_003E_007Be69553f9_002Deb39_002D49cd_002D9d77_002Da4ee304d94f7_007D.m_7b86004a82fb42ee97ea7d5e58574563.m_c4ac9f35eb704455b489a780e86cf909","\"
"PvfCode\ViewModels\DocumentFolder\LinkFolder\FilePathLinkVisualLine.cs","9830","0x3CA998B5 ^ _003CModule_003E_007Be69553f9_002Deb39_002D49cd_002D9d77_002Da4ee304d94f7_007D.m_7b86004a82fb42ee97ea7d5e58574563.m_c10a6115b19c4927ae8ffc79f8f16dfb","\"
"PvfCode\ViewModels\DocumentFolder\LinkFolder\FilePathLinkVisualLine.cs","9830","0x5DBBD67F ^ _003CModule_003E_007Be69553f9_002Deb39_002D49cd_002D9d77_002Da4ee304d94f7_007D.m_7b86004a82fb42ee97ea7d5e58574563.m_4dccf8dd3beb468396324e307ead22cc","\"
"PvfCode\ViewModels\DocumentFolder\LinkFolder\FilePathLinkVisualLine.cs","9830","0x690EC744 ^ _003CModule_003E_007Be69553f9_002Deb39_002D49cd_002D9d77_002Da4ee304d94f7_007D.m_7b86004a82fb42ee97ea7d5e58574563.m_864fc4c2b93e4f099c2c07aa23d782f6","\"
"PvfCode\ViewModels\DocumentFolder\LinkFolder\FilePathLinkVisualLine.cs","9830","0x89AAE4F ^ _003CModule_003E_007Be69553f9_002Deb39_002D49cd_002D9d77_002Da4ee304d94f7_007D.m_7b86004a82fb42ee97ea7d5e58574563.m_cf19654829b546c5ba704a307b4e0bfa","\"
"PvfCode\ViewModels\DocumentFolder\LinkFolder\FilePathLinkVisualLine.cs","9830","0x51F711A7 ^ _003CModule_003E_007Be69553f9_002Deb39_002D49cd_002D9d77_002Da4ee304d94f7_007D.m_7b86004a82fb42ee97ea7d5e58574563.m_c14a170a5a60490084306350f271c7f1","\"
"PvfCode\ViewModels\DocumentFolder\LinkFolder\FilePathLinkVisualLine.cs","9830","0x19F942A7 ^ _003CModule_003E_007Be69553f9_002Deb39_002D49cd_002D9d77_002Da4ee304d94f7_007D.m_7b86004a82fb42ee97ea7d5e58574563.m_afceaa2a86c14a5c9cf1f8f0fdd0f590","\"
"PvfCode\ViewModels\DocumentFolder\LinkFolder\FilePathLinkVisualLine.cs","9830","0x2187BFC8 ^ _003CModule_003E_007Be69553f9_002Deb39_002D49cd_002D9d77_002Da4ee304d94f7_007D.m_7b86004a82fb42ee97ea7d5e58574563.m_a6871abdbd314ec9bd2de23164bed82c","\"
"PvfCode\ViewModels\DocumentFolder\LinkFolder\FilePathLinkVisualLine.cs","9830","0x42E6D07A ^ _003CModule_003E_007Be69553f9_002Deb39_002D49cd_002D9d77_002Da4ee304d94f7_007D.m_7b86004a82fb42ee97ea7d5e58574563.m_bbd6700d16934fad8cc9f8d19544f21f","\"
"PvfCode\ViewModels\DocumentFolder\LinkFolder\FilePathLinkVisualLine.cs","9836","0x35092F75 ^ _003CModule_003E_007Be69553f9_002Deb39_002D49cd_002D9d77_002Da4ee304d94f7_007D.m_7b86004a82fb42ee97ea7d5e58574563.m_c3720eb655124e6e81b317ef170605cd","/"
"PvfCode\ViewModels\DocumentFolder\LinkFolder\FilePathLinkVisualLine.cs","9836","0x690EC74E ^ _003CModule_003E_007Be69553f9_002Deb39_002D49cd_002D9d77_002Da4ee304d94f7_007D.m_7b86004a82fb42ee97ea7d5e58574563.m_864fc4c2b93e4f099c2c07aa23d782f6","/"
"PvfCode\ViewModels\DocumentFolder\LinkFolder\FilePathLinkVisualLine.cs","9836","0x6D2614A2 ^ _003CModule_003E_007Be69553f9_002Deb39_002D49cd_002D9d77_002Da4ee304d94f7_007D.m_7b86004a82fb42ee97ea7d5e58574563.m_a1b83f1dd0754677898be265fae789c4","/"
"PvfCode\ViewModels\DocumentFolder\LinkFolder\FilePathLinkVisualLine.cs","9836","0x2E4B3317 ^ _003CModule_003E_007Be69553f9_002Deb39_002D49cd_002D9d77_002Da4ee304d94f7_007D.m_7b86004a82fb42ee97ea7d5e58574563.m_3f6f6322abdc4634a39525b5eb1c92fd","/"
"PvfCode\ViewModels\DocumentFolder\LinkFolder\FilePathLinkVisualLine.cs","9836","0x70D1FBC8 ^ _003CModule_003E_007Be69553f9_002Deb39_002D49cd_002D9d77_002Da4ee304d94f7_007D.m_7b86004a82fb42ee97ea7d5e58574563.m_541fbf15174a41ce952b7916fd6276fe","/"
"PvfCode\ViewModels\DocumentFolder\LinkFolder\FilePathLinkVisualLine.cs","9836","0x4BA094A8 ^ _003CModule_003E_007Be69553f9_002Deb39_002D49cd_002D9d77_002Da4ee304d94f7_007D.m_7b86004a82fb42ee97ea7d5e58574563.m_d6a39a5ddb584a4d998858fb4ceeb027","/"
"PvfCode\ViewModels\DocumentFolder\LinkFolder\FilePathLinkVisualLine.cs","9836","0xB1D00D4 ^ _003CModule_003E_007Be69553f9_002Deb39_002D49cd_002D9d77_002Da4ee304d94f7_007D.m_7b86004a82fb42ee97ea7d5e58574563.m_df89dfc2a96347ad9471b517744dea02","/"
"PvfCode\ViewModels\DocumentFolder\LinkFolder\FilePathLinkVisualLine.cs","9836","0x38553E19 ^ _003CModule_003E_007Be69553f9_002Deb39_002D49cd_002D9d77_002Da4ee304d94f7_007D.m_7b86004a82fb42ee97ea7d5e58574563.m_0273572c23d24952bbcc01600fea0084","/"
"PvfCode\ViewModels\DocumentFolder\LinkFolder\FilePathLinkVisualLine.cs","9836","0x527A80BE ^ _003CModule_003E_007Be69553f9_002Deb39_002D49cd_002D9d77_002Da4ee304d94f7_007D.m_7b86004a82fb42ee97ea7d5e58574563.m_cb81f441a98e4bd493b61df435bbdbdb","/"
"PvfCode\ViewModels\DocumentFolder\LinkFolder\FilePathLinkVisualLine.cs","9836","0x19F942AD ^ _003CModule_003E_007Be69553f9_002Deb39_002D49cd_002D9d77_002Da4ee304d94f7_007D.m_7b86004a82fb42ee97ea7d5e58574563.m_afceaa2a86c14a5c9cf1f8f0fdd0f590","/"
"PvfCode\ViewModels\DocumentFolder\LinkFolder\FilePathLinkVisualLine.cs","9836","0x2B2E981A ^ _003CModule_003E_007Be69553f9_002Deb39_002D49cd_002D9d77_002Da4ee304d94f7_007D.m_7b86004a82fb42ee97ea7d5e58574563.m_5b1a4905efa74bdd971c79e2845c55df","/"
"PvfCode\ViewModels\DocumentFolder\LinkFolder\FilePathLinkVisualLine.cs","9836","0x11B93940 ^ _003CModule_003E_007Be69553f9_002Deb39_002D49cd_002D9d77_002Da4ee304d94f7_007D.m_7b86004a82fb42ee97ea7d5e58574563.m_39a59c8c3fda4dbdaaf2213c010b00a8","/"
"PvfCode\ViewModels\DocumentFolder\LinkFolder\FilePathLinkVisualLine.cs","9836","0x1018D53F ^ _003CModule_003E_007Be69553f9_002Deb39_002D49cd_002D9d77_002Da4ee304d94f7_007D.m_7b86004a82fb42ee97ea7d5e58574563.m_80f251012e8548e0baf3267defb3d706","/"
"PvfCode\ViewModels\DocumentFolder\LinkFolder\FilePathLinkVisualLine.cs","19830","0x7C0F5394 ^ _003CModule_003E_007Be69553f9_002Deb39_002D49cd_002D9d77_002Da4ee304d94f7_007D.m_7b86004a82fb42ee97ea7d5e58574563.m_2bc1918cd21d40e9b73926d6c2cbc512","mess_FileNotExist"
"PvfCode\ViewModels\DocumentFolder\LinkFolder\FilePathLinkVisualLine.cs","24468","0x3CA9E147 ^ _003CModule_003E_007Be69553f9_002Deb39_002D49cd_002D9d77_002Da4ee304d94f7_007D.m_7b86004a82fb42ee97ea7d5e58574563.m_c10a6115b19c4927ae8ffc79f8f16dfb","equipment"
"PvfCode\ViewModels\DocumentFolder\LinkFolder\FilePathLinkVisualLine.cs","24468","0x3065499E ^ _003CModule_003E_007Be69553f9_002Deb39_002D49cd_002D9d77_002Da4ee304d94f7_007D.m_7b86004a82fb42ee97ea7d5e58574563.m_add69167a2c54fe0bb2e5f0af2545839","equipment"
"PvfCode\ViewModels\DocumentFolder\LinkFolder\FilePathLinkVisualLine.cs","36012","0x2E4B99D7 ^ _003CModule_003E_007Be69553f9_002Deb39_002D49cd_002D9d77_002Da4ee304d94f7_007D.m_7b86004a82fb42ee97ea7d5e58574563.m_3f6f6322abdc4634a39525b5eb1c92fd","character"
"PvfCode\ViewModels\DocumentFolder\LinkFolder\FilePathLinkVisualLine.cs","43572","0xB1D8C8C ^ _003CModule_003E_007Be69553f9_002Deb39_002D49cd_002D9d77_002Da4ee304d94f7_007D.m_7b86004a82fb42ee97ea7d5e58574563.m_df89dfc2a96347ad9471b517744dea02",""""
"PvfCode\ViewModels\DocumentFolder\LinkFolder\FilePathLinkVisualLine.cs","43578","0xB1D8C82 ^ _003CModule_003E_007Be69553f9_002Deb39_002D49cd_002D9d77_002Da4ee304d94f7_007D.m_7b86004a82fb42ee97ea7d5e58574563.m_df89dfc2a96347ad9471b517744dea02","../"
"PvfCode\ViewModels\DocumentFolder\LinkFolder\FilePathLinkVisualLine.cs","43578","0xF02022A ^ _003CModule_003E_007Be69553f9_002Deb39_002D49cd_002D9d77_002Da4ee304d94f7_007D.m_7b86004a82fb42ee97ea7d5e58574563.m_e5d5198bec9744b280b22d7dede4d8ad","../"
"PvfCode\ViewModels\DocumentFolder\LinkFolder\FilePathLinkVisualLine.cs","43578","0x4C16382E ^ _003CModule_003E_007Be69553f9_002Deb39_002D49cd_002D9d77_002Da4ee304d94f7_007D.m_7b86004a82fb42ee97ea7d5e58574563.m_d7eae1243bb84fa8b3e43c67ebe44716","../"
"PvfCode\ViewModels\DocumentFolder\LinkFolder\FilePathLinkVisualLine.cs","43600","0x70D177F4 ^ _003CModule_003E_007Be69553f9_002Deb39_002D49cd_002D9d77_002Da4ee304d94f7_007D.m_7b86004a82fb42ee97ea7d5e58574563.m_541fbf15174a41ce952b7916fd6276fe",".img"
"PvfCode\ViewModels\DocumentFolder\LinkFolder\FilePathLinkVisualLine.cs","43612","0x67782655 ^ _003CModule_003E_007Be69553f9_002Deb39_002D49cd_002D9d77_002Da4ee304d94f7_007D.m_7b86004a82fb42ee97ea7d5e58574563.m_e0f0c9b53f5f4d0e88dcbb6df9cbe106","\.\./"
"PvfCode\ViewModels\DocumentFolder\LinkFolder\FilePathLinkVisualLine.cs","43626","0x70D177CE ^ _003CModule_003E_007Be69553f9_002Deb39_002D49cd_002D9d77_002Da4ee304d94f7_007D.m_7b86004a82fb42ee97ea7d5e58574563.m_541fbf15174a41ce952b7916fd6276fe",".map"
"PvfCode\ViewModels\DocumentFolder\LinkFolder\FilePathLinkVisualLine.cs","43638","0x662D6B46 ^ _003CModule_003E_007Be69553f9_002Deb39_002D49cd_002D9d77_002Da4ee304d94f7_007D.m_7b86004a82fb42ee97ea7d5e58574563.m_1e27397300b24ef4ba98a645a53798c2","map/"
"PvfCode\ViewModels\DocumentFolder\LinkFolder\FilePathLinkVisualLine.cs","46302","0x6D268610 ^ _003CModule_003E_007Be69553f9_002Deb39_002D49cd_002D9d77_002Da4ee304d94f7_007D.m_7b86004a82fb42ee97ea7d5e58574563.m_a1b83f1dd0754677898be265fae789c4","%s/"
"PvfCode\ViewModels\DocumentFolder\LinkFolder\FilePathLinkVisualLine.cs","46312","0x4C1626FC ^ _003CModule_003E_007Be69553f9_002Deb39_002D49cd_002D9d77_002Da4ee304d94f7_007D.m_7b86004a82fb42ee97ea7d5e58574563.m_d7eae1243bb84fa8b3e43c67ebe44716",".ani"
"PvfCode\ViewModels\DocumentFolder\LinkFolder\FilePathLinkVisualLine.cs","46324","0x201F12C ^ _003CModule_003E_007Be69553f9_002Deb39_002D49cd_002D9d77_002Da4ee304d94f7_007D.m_7b86004a82fb42ee97ea7d5e58574563.m_582a7f02cd3044949cbbc8d81e970cdb","etc/equipmentpartset.etc"
"PvfCode\ViewModels\DocumentFolder\LinkFolder\FilePathLinkVisualLine.cs","46376","0x3855AD5D ^ _003CModule_003E_007Be69553f9_002Deb39_002D49cd_002D9d77_002Da4ee304d94f7_007D.m_7b86004a82fb42ee97ea7d5e58574563.m_0273572c23d24952bbcc01600fea0084","equipment/"
"PvfCode\ViewModels\DocumentFolder\LinkFolder\FilePathLinkVisualLine.cs","46376","0x2B2E0B5E ^ _003CModule_003E_007Be69553f9_002Deb39_002D49cd_002D9d77_002Da4ee304d94f7_007D.m_7b86004a82fb42ee97ea7d5e58574563.m_5b1a4905efa74bdd971c79e2845c55df","equipment/"
"PvfCode\ViewModels\DocumentFolder\LinkFolder\FilePathLinkVisualLine.cs","46400","0x70D168E4 ^ _003CModule_003E_007Be69553f9_002Deb39_002D49cd_002D9d77_002Da4ee304d94f7_007D.m_7b86004a82fb42ee97ea7d5e58574563.m_541fbf15174a41ce952b7916fd6276fe",".ai"
"PvfCode\ViewModels\DocumentFolder\LinkFolder\FilePathLinkVisualLine.cs","46410","0x622F37E8 ^ _003CModule_003E_007Be69553f9_002Deb39_002D49cd_002D9d77_002Da4ee304d94f7_007D.m_7b86004a82fb42ee97ea7d5e58574563.m_41a03ba455a9468b9050278ae77448e1","ai"
"PvfCode\ViewModels\DocumentFolder\LinkFolder\FilePathLinkVisualLine.cs","46418","0x636CB758 ^ _003CModule_003E_007Be69553f9_002Deb39_002D49cd_002D9d77_002Da4ee304d94f7_007D.m_7b86004a82fb42ee97ea7d5e58574563.m_972142dcef4a4cfba572768c2212069f",".key"
"PvfCode\ViewModels\DocumentFolder\LinkFolder\FilePathLinkVisualLine.cs","46430","0x2D97925F ^ _003CModule_003E_007Be69553f9_002Deb39_002D49cd_002D9d77_002Da4ee304d94f7_007D.m_7b86004a82fb42ee97ea7d5e58574563.m_59a7418b35384ddea3432ed6abd3f702","key"
"PvfCode\ViewModels\DocumentFolder\LinkFolder\FilePathLinkVisualLine.cs","46440","0x265C98AA ^ _003CModule_003E_007Be69553f9_002Deb39_002D49cd_002D9d77_002Da4ee304d94f7_007D.m_7b86004a82fb42ee97ea7d5e58574563.m_00f9435ae4b3435e95ad1d31b77e7a6f",".act"
"PvfCode\ViewModels\DocumentFolder\LinkFolder\FilePathLinkVisualLine.cs","46452","0x19F9D1B5 ^ _003CModule_003E_007Be69553f9_002Deb39_002D49cd_002D9d77_002Da4ee304d94f7_007D.m_7b86004a82fb42ee97ea7d5e58574563.m_afceaa2a86c14a5c9cf1f8f0fdd0f590","aura/equipment"
"PvfCode\ViewModels\DocumentFolder\LinkFolder\FilePathLinkVisualLine.cs","46484","0x7C0FAB76 ^ _003CModule_003E_007Be69553f9_002Deb39_002D49cd_002D9d77_002Da4ee304d94f7_007D.m_7b86004a82fb42ee97ea7d5e58574563.m_2bc1918cd21d40e9b73926d6c2cbc512",".equ"
"PvfCode\ViewModels\DocumentFolder\LinkFolder\FilePathLinkVisualLine.cs","46484","0x3065A39E ^ _003CModule_003E_007Be69553f9_002Deb39_002D49cd_002D9d77_002Da4ee304d94f7_007D.m_7b86004a82fb42ee97ea7d5e58574563.m_add69167a2c54fe0bb2e5f0af2545839",".equ"
"PvfCode\ViewModels\DocumentFolder\LinkFolder\FilePathLinkVisualLine.cs","46496","0x5DBB45B9 ^ _003CModule_003E_007Be69553f9_002Deb39_002D49cd_002D9d77_002Da4ee304d94f7_007D.m_7b86004a82fb42ee97ea7d5e58574563.m_4dccf8dd3beb468396324e307ead22cc","(r)"
"PvfCode\ViewModels\DocumentFolder\LinkFolder\FilePathLinkVisualLine.cs","46506","0x47B9A84F ^ _003CModule_003E_007Be69553f9_002Deb39_002D49cd_002D9d77_002Da4ee304d94f7_007D.m_7b86004a82fb42ee97ea7d5e58574563.m_0bd286ac068745bfb29b92d10b515130","etc/titleballooninfo.etc"
"PvfCode\ViewModels\DocumentFolder\LinkFolder\FilePathLinkVisualLine.cs","46558","0x7A7E4862 ^ _003CModule_003E_007Be69553f9_002Deb39_002D49cd_002D9d77_002Da4ee304d94f7_007D.m_7b86004a82fb42ee97ea7d5e58574563.m_22c98bd810e84970b541501ace0b424a","equipment/character/common/title/etcanimation"
"PvfCode\ViewModels\DocumentFolder\LinkFolder\FilePathLinkVisualLine.cs","46652","0x47B9ABD9 ^ _003CModule_003E_007Be69553f9_002Deb39_002D49cd_002D9d77_002Da4ee304d94f7_007D.m_7b86004a82fb42ee97ea7d5e58574563.m_0bd286ac068745bfb29b92d10b515130","etc/equipmenteffectset.etc"
"PvfCode\ViewModels\DocumentFolder\LinkFolder\FilePathLinkVisualLine.cs","46708","0x7C0FA896 ^ _003CModule_003E_007Be69553f9_002Deb39_002D49cd_002D9d77_002Da4ee304d94f7_007D.m_7b86004a82fb42ee97ea7d5e58574563.m_2bc1918cd21d40e9b73926d6c2cbc512","etc/skillpreload.etc"
"PvfCode\ViewModels\DocumentFolder\LinkFolder\FilePathLinkVisualLine.cs","46752","0x46DAA7A9 ^ _003CModule_003E_007Be69553f9_002Deb39_002D49cd_002D9d77_002Da4ee304d94f7_007D.m_7b86004a82fb42ee97ea7d5e58574563.m_34a93bd635aa4a0cb45ae24212f58e0f","//"
"PvfCode\ViewModels\DocumentFolder\LinkFolder\FilePathLinkVisualLine.cs","46752","0x933B717 ^ _003CModule_003E_007Be69553f9_002Deb39_002D49cd_002D9d77_002Da4ee304d94f7_007D.m_7b86004a82fb42ee97ea7d5e58574563.m_a47e9e4bf3624e7291689f8fb4b10989","//"
"PvfCode\ViewModels\DocumentFolder\LinkFolder\FilePathLinkVisualLine.cs","46760","0x2B2E08DE ^ _003CModule_003E_007Be69553f9_002Deb39_002D49cd_002D9d77_002Da4ee304d94f7_007D.m_7b86004a82fb42ee97ea7d5e58574563.m_5b1a4905efa74bdd971c79e2845c55df","etc/"
"PvfCode\ViewModels\DocumentFolder\LinkFolder\FilePathLinkVisualLine.cs","46772","0x70D16B10 ^ _003CModule_003E_007Be69553f9_002Deb39_002D49cd_002D9d77_002Da4ee304d94f7_007D.m_7b86004a82fb42ee97ea7d5e58574563.m_541fbf15174a41ce952b7916fd6276fe","VisualLineReferenceText2.OnQueryCursor"
"PvfCode\ViewModels\DocumentFolder\OffsetColorizers\MarkSameWord.cs","46152","0x2D979349 ^ _003CModule_003E_007Be69553f9_002Deb39_002D49cd_002D9d77_002Da4ee304d94f7_007D.m_7b86004a82fb42ee97ea7d5e58574563.m_59a7418b35384ddea3432ed6abd3f702","EditorSelectionBrush"
"PvfCode\ViewModels\DocumentFolder\OffsetColorizers\SelectionColorizerWithBackground.cs","46196","0x690E5556 ^ _003CModule_003E_007Be69553f9_002Deb39_002D49cd_002D9d77_002Da4ee304d94f7_007D.m_7b86004a82fb42ee97ea7d5e58574563.m_864fc4c2b93e4f099c2c07aa23d782f6","textArea"
"PvfCode\ViewModels\DocumentFolder\OffsetColorizers\SelectionColorizerWithBackground.cs","46216","0x7A7E4934 ^ _003CModule_003E_007Be69553f9_002Deb39_002D49cd_002D9d77_002Da4ee304d94f7_007D.m_7b86004a82fb42ee97ea7d5e58574563.m_22c98bd810e84970b541501ace0b424a","SelectionColorizerWithBackground.Colorize"
"PvfCode\ViewModels\DocumentFolder\PreviewControls\Ani\AniFileGroup.cs","45864","0xDDAD7 ^ _003CModule_003E_007Be69553f9_002Deb39_002D49cd_002D9d77_002Da4ee304d94f7_007D.m_7b86004a82fb42ee97ea7d5e58574563.m_ffc261d25c834aebbee1da6f61154719","加载ani数据 文件不能为空！"
"PvfCode\ViewModels\DocumentFolder\PreviewControls\Ani\AniFileGroup.cs","45898","0x4D236EF1 ^ _003CModule_003E_007Be69553f9_002Deb39_002D49cd_002D9d77_002Da4ee304d94f7_007D.m_7b86004a82fb42ee97ea7d5e58574563.m_5924bd2461b7415baa9211b5f1cb71b2","ani模型数据加载失败 详情查看错误窗口"
"PvfCode\ViewModels\DocumentFolder\PreviewControls\Ani\AniFileGroup.cs","45898","0x4E1999D3 ^ _003CModule_003E_007Be69553f9_002Deb39_002D49cd_002D9d77_002Da4ee304d94f7_007D.m_7b86004a82fb42ee97ea7d5e58574563.m_24a7cb1bd49e4021b5d8fa5493d816ca","ani模型数据加载失败 详情查看错误窗口"
"PvfCode\ViewModels\DocumentFolder\PreviewControls\Ani\WindowAniDesigner.cs","45942","0x21872AD8 ^ _003CModule_003E_007Be69553f9_002Deb39_002D49cd_002D9d77_002Da4ee304d94f7_007D.m_7b86004a82fb42ee97ea7d5e58574563.m_a6871abdbd314ec9bd2de23164bed82c","/pvfUtility;V2026.1.22.2;component/viewmodels/documentfolder/previewcontrols/ani/windowanidesigner.xaml"
"PvfCode\ViewModels\DocumentFolder\PreviewControls\TextEditorPreviewViewModelAni.cs","45784","0x42E644C4 ^ _003CModule_003E_007Be69553f9_002Deb39_002D49cd_002D9d77_002Da4ee304d94f7_007D.m_7b86004a82fb42ee97ea7d5e58574563.m_bbd6700d16934fad8cc9f8d19544f21f","TextEditorPreviewViewModelAni.LoadData"
"PvfCode\ViewModels\DocumentFolder\PreviewControls\TextEditorPreviewViewModelAni.cs","82014","0x89BC877 ^ _003CModule_003E_007Be69553f9_002Deb39_002D49cd_002D9d77_002Da4ee304d94f7_007D.m_7b86004a82fb42ee97ea7d5e58574563.m_cf19654829b546c5ba704a307b4e0bfa","TextEditorPreviewViewModelAni.LoadToken"
"PvfCode\ViewModels\DocumentFolder\PreviewControls\TextEditorPreviewViewModelAni.cs","82096","-1863606693 ^ -1055004374 ^ _003CModule_003E_007Be69553f9_002Deb39_002D49cd_002D9d77_002Da4ee304d94f7_007D.m_7b86004a82fb42ee97ea7d5e58574563.m_c14a170a5a60490084306350f271c7f1","要预览ani请载入ImagePack2模型补丁 关闭ani预览就不会再看到此提示"
"PvfCode\ViewModels\DocumentFolder\PreviewControls\TextEditorPreviewViewModelAni.cs","82180","0x659F1F99 ^ _003CModule_003E_007Be69553f9_002Deb39_002D49cd_002D9d77_002Da4ee304d94f7_007D.m_7b86004a82fb42ee97ea7d5e58574563.m_0cdaa8b4a2df45ea8b368477e0c569ba","TextEditorPreviewViewModelAni.XL"
"PvfCode\ViewModels\DocumentFolder\PvfFileDocument.cs","3572","0x265C2036 ^ _003CModule_003E_007Be69553f9_002Deb39_002D49cd_002D9d77_002Da4ee304d94f7_007D.m_7b86004a82fb42ee97ea7d5e58574563.m_00f9435ae4b3435e95ad1d31b77e7a6f","
"
"PvfCode\ViewModels\DocumentFolder\PvfFileDocument.cs","3572","0x2D972AF5 ^ _003CModule_003E_007Be69553f9_002Deb39_002D49cd_002D9d77_002Da4ee304d94f7_007D.m_7b86004a82fb42ee97ea7d5e58574563.m_59a7418b35384ddea3432ed6abd3f702","
"
"PvfCode\ViewModels\DocumentFolder\PvfFileDocument.cs","3572","0x350904ED ^ _003CModule_003E_007Be69553f9_002Deb39_002D49cd_002D9d77_002Da4ee304d94f7_007D.m_7b86004a82fb42ee97ea7d5e58574563.m_c3720eb655124e6e81b317ef170605cd","
"
"PvfCode\ViewModels\DocumentFolder\PvfFileDocument.cs","3572","0x350904ED ^ _003CModule_003E_007Be69553f9_002Deb39_002D49cd_002D9d77_002Da4ee304d94f7_007D.m_7b86004a82fb42ee97ea7d5e58574563.m_c3720eb655124e6e81b317ef170605cd","
"
"PvfCode\ViewModels\DocumentFolder\PvfFileDocument.cs","3902","0xB8B22AF ^ _003CModule_003E_007Be69553f9_002Deb39_002D49cd_002D9d77_002Da4ee304d94f7_007D.m_7b86004a82fb42ee97ea7d5e58574563.m_e066a82cd08141c08d4817f20a7d29f3","`"
"PvfCode\ViewModels\DocumentFolder\PvfFileDocument.cs","3902","0xB8B22AF ^ _003CModule_003E_007Be69553f9_002Deb39_002D49cd_002D9d77_002Da4ee304d94f7_007D.m_7b86004a82fb42ee97ea7d5e58574563.m_e066a82cd08141c08d4817f20a7d29f3","`"
"PvfCode\ViewModels\DocumentFolder\PvfFileDocument.cs","10004","0x662DE624 ^ _003CModule_003E_007Be69553f9_002Deb39_002D49cd_002D9d77_002Da4ee304d94f7_007D.m_7b86004a82fb42ee97ea7d5e58574563.m_1e27397300b24ef4ba98a645a53798c2","Rarity"
"PvfCode\ViewModels\DocumentFolder\PvfFileDocument.cs","10068","0x41776F8 ^ _003CModule_003E_007Be69553f9_002Deb39_002D49cd_002D9d77_002Da4ee304d94f7_007D.m_7b86004a82fb42ee97ea7d5e58574563.m_8fd2865c456d4936bd87c4a63c3e7ba1","AttachType"
"PvfCode\ViewModels\DocumentFolder\PvfFileDocument.cs","10494","0x70CC5502 ^ _003CModule_003E_007Be69553f9_002Deb39_002D49cd_002D9d77_002Da4ee304d94f7_007D.m_7b86004a82fb42ee97ea7d5e58574563.m_ee8424bd48bb442e9a823a15df5a62b4","mess_FilePathCannotBeEmpty"
"PvfCode\ViewModels\DocumentFolder\PvfFileDocument.cs","10580","0x7A7ED4E8 ^ _003CModule_003E_007Be69553f9_002Deb39_002D49cd_002D9d77_002Da4ee304d94f7_007D.m_7b86004a82fb42ee97ea7d5e58574563.m_22c98bd810e84970b541501ace0b424a","stringtable.bin"
"PvfCode\ViewModels\DocumentFolder\PvfFileDocument.cs","10580","0x7C0F37B6 ^ _003CModule_003E_007Be69553f9_002Deb39_002D49cd_002D9d77_002Da4ee304d94f7_007D.m_7b86004a82fb42ee97ea7d5e58574563.m_2bc1918cd21d40e9b73926d6c2cbc512","stringtable.bin"
"PvfCode\ViewModels\DocumentFolder\PvfFileDocument.cs","10580","0x1B5EBD62 ^ _003CModule_003E_007Be69553f9_002Deb39_002D49cd_002D9d77_002Da4ee304d94f7_007D.m_7b86004a82fb42ee97ea7d5e58574563.m_995dc3f7a3024d82ba87d77f60d35fca","stringtable.bin"
"PvfCode\ViewModels\DocumentFolder\PvfFileDocument.cs","10580","0x7A7ED4E8 ^ _003CModule_003E_007Be69553f9_002Deb39_002D49cd_002D9d77_002Da4ee304d94f7_007D.m_7b86004a82fb42ee97ea7d5e58574563.m_22c98bd810e84970b541501ace0b424a","stringtable.bin"
"PvfCode\ViewModels\DocumentFolder\PvfFileDocument.cs","10580","0x11B93678 ^ _003CModule_003E_007Be69553f9_002Deb39_002D49cd_002D9d77_002Da4ee304d94f7_007D.m_7b86004a82fb42ee97ea7d5e58574563.m_39a59c8c3fda4dbdaaf2213c010b00a8","stringtable.bin"
"PvfCode\ViewModels\DocumentFolder\PvfFileDocument.cs","10580","0x11B93678 ^ _003CModule_003E_007Be69553f9_002Deb39_002D49cd_002D9d77_002Da4ee304d94f7_007D.m_7b86004a82fb42ee97ea7d5e58574563.m_39a59c8c3fda4dbdaaf2213c010b00a8","stringtable.bin"
"PvfCode\ViewModels\DocumentFolder\PvfFileDocument.cs","31152","0x51F74E71 ^ _003CModule_003E_007Be69553f9_002Deb39_002D49cd_002D9d77_002Da4ee304d94f7_007D.m_7b86004a82fb42ee97ea7d5e58574563.m_c14a170a5a60490084306350f271c7f1","TreeListDropGroup：15427586-86B6-5410-5D88-7F139C0C1E9E"
"PvfCode\ViewModels\DocumentFolder\PvfFileDocument.cs","41662","0x70D17F1A ^ _003CModule_003E_007Be69553f9_002Deb39_002D49cd_002D9d77_002Da4ee304d94f7_007D.m_7b86004a82fb42ee97ea7d5e58574563.m_541fbf15174a41ce952b7916fd6276fe","EditorEdcoding"
"PvfCode\ViewModels\DocumentFolder\PvfFileDocument.cs","41694","0x25C0B749 ^ _003CModule_003E_007Be69553f9_002Deb39_002D49cd_002D9d77_002Da4ee304d94f7_007D.m_7b86004a82fb42ee97ea7d5e58574563.m_c8944dd9ca4b4079b8678bce0630ff7d","Digits"
"PvfCode\ViewModels\DocumentFolder\PvfFileDocument.cs","41710","0x3065B4E4 ^ _003CModule_003E_007Be69553f9_002Deb39_002D49cd_002D9d77_002Da4ee304d94f7_007D.m_7b86004a82fb42ee97ea7d5e58574563.m_add69167a2c54fe0bb2e5f0af2545839","String"
"PvfCode\ViewModels\DocumentFolder\PvfFileDocument.cs","41710","0x3065B4E4 ^ _003CModule_003E_007Be69553f9_002Deb39_002D49cd_002D9d77_002Da4ee304d94f7_007D.m_7b86004a82fb42ee97ea7d5e58574563.m_add69167a2c54fe0bb2e5f0af2545839","String"
"PvfCode\ViewModels\DocumentFolder\PvfFileDocument.cs","41710","1427621874 ^ 0x571620C4 ^ _003CModule_003E_007Be69553f9_002Deb39_002D49cd_002D9d77_002Da4ee304d94f7_007D.m_7b86004a82fb42ee97ea7d5e58574563.m_582a7f02cd3044949cbbc8d81e970cdb","String"
"PvfCode\ViewModels\DocumentFolder\PvfFileDocument.cs","41726","0x41EDD90C ^ _003CModule_003E_007Be69553f9_002Deb39_002D49cd_002D9d77_002Da4ee304d94f7_007D.m_7b86004a82fb42ee97ea7d5e58574563.m_ba7ada5c647b4fc094df6608a5b444bd","程序耗时:'"
"PvfCode\ViewModels\DocumentFolder\PvfFileDocument.cs","41742","0x42E65512 ^ _003CModule_003E_007Be69553f9_002Deb39_002D49cd_002D9d77_002Da4ee304d94f7_007D.m_7b86004a82fb42ee97ea7d5e58574563.m_bbd6700d16934fad8cc9f8d19544f21f","'秒"
"PvfCode\ViewModels\DocumentFolder\PvfFileDocument.cs","41750","0x265C8ED4 ^ _003CModule_003E_007Be69553f9_002Deb39_002D49cd_002D9d77_002Da4ee304d94f7_007D.m_7b86004a82fb42ee97ea7d5e58574563.m_00f9435ae4b3435e95ad1d31b77e7a6f","mess_FilePathNotExist"
"PvfCode\ViewModels\DocumentFolder\PvfFileDocument.cs","41796","0x933A2F3 ^ _003CModule_003E_007Be69553f9_002Deb39_002D49cd_002D9d77_002Da4ee304d94f7_007D.m_7b86004a82fb42ee97ea7d5e58574563.m_a47e9e4bf3624e7291689f8fb4b10989","PvfFileDocument.OnOpenNewDocument"
"PvfCode\ViewModels\DocumentFolder\PvfFileDocument.cs","41866","0x417F226 ^ _003CModule_003E_007Be69553f9_002Deb39_002D49cd_002D9d77_002Da4ee304d94f7_007D.m_7b86004a82fb42ee97ea7d5e58574563.m_8fd2865c456d4936bd87c4a63c3e7ba1","PvfFileDcoument.OnSave PvfFileIsNull"
"PvfCode\ViewModels\DocumentFolder\PvfFileDocument.cs","41942","0x2E4BB6AD ^ _003CModule_003E_007Be69553f9_002Deb39_002D49cd_002D9d77_002Da4ee304d94f7_007D.m_7b86004a82fb42ee97ea7d5e58574563.m_3f6f6322abdc4634a39525b5eb1c92fd","PvfFileDocument.OnSave"
"PvfCode\ViewModels\DocumentFolder\PvfFileDocument.cs","41990","1427621874 ^ 0x5E0A454C ^ _003CModule_003E_007Be69553f9_002Deb39_002D49cd_002D9d77_002Da4ee304d94f7_007D.m_7b86004a82fb42ee97ea7d5e58574563.m_df89dfc2a96347ad9471b517744dea02","PvfFileDocument.SaveSuccessChangeData"
"PvfCode\ViewModels\DocumentFolder\PvfFileDocument.cs","42068","0x3CA91A87 ^ _003CModule_003E_007Be69553f9_002Deb39_002D49cd_002D9d77_002Da4ee304d94f7_007D.m_7b86004a82fb42ee97ea7d5e58574563.m_c10a6115b19c4927ae8ffc79f8f16dfb","PvfFileDocument.OnSwitchFolding"
"PvfCode\ViewModels\DocumentFolder\PvfFileDocument.cs","42134","0x527A0244 ^ _003CModule_003E_007Be69553f9_002Deb39_002D49cd_002D9d77_002Da4ee304d94f7_007D.m_7b86004a82fb42ee97ea7d5e58574563.m_cb81f441a98e4bd493b61df435bbdbdb","代码注释错误："
"PvfCode\ViewModels\DocumentFolder\PvfFileDocument.cs","42152","0x201E170 ^ _003CModule_003E_007Be69553f9_002Deb39_002D49cd_002D9d77_002Da4ee304d94f7_007D.m_7b86004a82fb42ee97ea7d5e58574563.m_582a7f02cd3044949cbbc8d81e970cdb","代码取消注释错误："
"PvfCode\ViewModels\DocumentFolder\PvfFileDocument.cs","42174","0x51F17172 ^ _003CModule_003E_007Be69553f9_002Deb39_002D49cd_002D9d77_002Da4ee304d94f7_007D.m_7b86004a82fb42ee97ea7d5e58574563.m_e9daf7d92d7e4446976bda811e90502a","PvfFileDocument.OnCopy"
"PvfCode\ViewModels\DocumentFolder\PvfFileDocument.cs","42222","0x65E65A8D ^ _003CModule_003E_007Be69553f9_002Deb39_002D49cd_002D9d77_002Da4ee304d94f7_007D.m_7b86004a82fb42ee97ea7d5e58574563.m_0a3e5af7839d43a19884f927a9769d0e","PvfFileDocument.OnGoToLine"
"PvfCode\ViewModels\DocumentFolder\PvfFileDocument.cs","42278","0x65E65B45 ^ _003CModule_003E_007Be69553f9_002Deb39_002D49cd_002D9d77_002Da4ee304d94f7_007D.m_7b86004a82fb42ee97ea7d5e58574563.m_0a3e5af7839d43a19884f927a9769d0e","PvfFileDocument.OnCopyNowLinePasteNextLine"
"PvfCode\ViewModels\DocumentFolder\PvfFileDocument.cs","42366","0x13FCE214 ^ _003CModule_003E_007Be69553f9_002Deb39_002D49cd_002D9d77_002Da4ee304d94f7_007D.m_7b86004a82fb42ee97ea7d5e58574563.m_a7cc82b779404332a260d01290ecb801","PvfFileDocument.BeautifyCode"
"PvfCode\ViewModels\DocumentFolder\PvfFileDocument.cs","42426","0x4C1637AE ^ _003CModule_003E_007Be69553f9_002Deb39_002D49cd_002D9d77_002Da4ee304d94f7_007D.m_7b86004a82fb42ee97ea7d5e58574563.m_d7eae1243bb84fa8b3e43c67ebe44716","	``"
"PvfCode\ViewModels\DocumentFolder\PvfFileDocument.cs","42436","0xDCC3B ^ _003CModule_003E_007Be69553f9_002Deb39_002D49cd_002D9d77_002Da4ee304d94f7_007D.m_7b86004a82fb42ee97ea7d5e58574563.m_ffc261d25c834aebbee1da6f61154719","PvfFileDocument.OnInsertLstNullLine"
"PvfCode\ViewModels\DocumentFolder\PvfFileDocument.cs","42510","0x4E198C97 ^ _003CModule_003E_007Be69553f9_002Deb39_002D49cd_002D9d77_002Da4ee304d94f7_007D.m_7b86004a82fb42ee97ea7d5e58574563.m_24a7cb1bd49e4021b5d8fa5493d816ca","PvfFileDocument.OnCopyItemCode"
"PvfCode\ViewModels\DocumentFolder\PvfFileDocument.cs","42574","0x636CA444 ^ _003CModule_003E_007Be69553f9_002Deb39_002D49cd_002D9d77_002Da4ee304d94f7_007D.m_7b86004a82fb42ee97ea7d5e58574563.m_972142dcef4a4cfba572768c2212069f","PvfFileDocument.OnMovingCurrentRowUpAndDownCommand"
"PvfCode\ViewModels\DocumentFolder\PvfFileDocument.cs","43520","0x622F28A2 ^ _003CModule_003E_007Be69553f9_002Deb39_002D49cd_002D9d77_002Da4ee304d94f7_007D.m_7b86004a82fb42ee97ea7d5e58574563.m_41a03ba455a9468b9050278ae77448e1","Section"
"PvfCode\ViewModels\DocumentFolder\PvfFileDocument.cs","43520","0x622F28A2 ^ _003CModule_003E_007Be69553f9_002Deb39_002D49cd_002D9d77_002Da4ee304d94f7_007D.m_7b86004a82fb42ee97ea7d5e58574563.m_41a03ba455a9468b9050278ae77448e1","Section"
"PvfCode\ViewModels\DocumentFolder\PvfFileDocument.cs","45598","0x70CCCFE2 ^ _003CModule_003E_007Be69553f9_002Deb39_002D49cd_002D9d77_002Da4ee304d94f7_007D.m_7b86004a82fb42ee97ea7d5e58574563.m_ee8424bd48bb442e9a823a15df5a62b4","\n"
"PvfCode\ViewModels\DocumentFolder\PvfFileDocument.cs","45598","0x70CCCFE2 ^ _003CModule_003E_007Be69553f9_002Deb39_002D49cd_002D9d77_002Da4ee304d94f7_007D.m_7b86004a82fb42ee97ea7d5e58574563.m_ee8424bd48bb442e9a823a15df5a62b4","\n"
"PvfCode\ViewModels\DocumentFolder\PvfFileDocument.cs","80924","0x4D22E1A7 ^ _003CModule_003E_007Be69553f9_002Deb39_002D49cd_002D9d77_002Da4ee304d94f7_007D.m_7b86004a82fb42ee97ea7d5e58574563.m_5924bd2461b7415baa9211b5f1cb71b2","Document文件路径不能为Null"
"PvfCode\ViewModels\DocumentFolder\PvfFileDocument.cs","80924","0x4D22E1A7 ^ _003CModule_003E_007Be69553f9_002Deb39_002D49cd_002D9d77_002Da4ee304d94f7_007D.m_7b86004a82fb42ee97ea7d5e58574563.m_5924bd2461b7415baa9211b5f1cb71b2","Document文件路径不能为Null"
"PvfCode\ViewModels\DocumentFolder\PvfFileDocument.cs","80966","0x89BB46F ^ _003CModule_003E_007Be69553f9_002Deb39_002D49cd_002D9d77_002Da4ee304d94f7_007D.m_7b86004a82fb42ee97ea7d5e58574563.m_cf19654829b546c5ba704a307b4e0bfa","PvfFileDocument.RefDocumentText"
"PvfCode\ViewModels\DocumentFolder\PvfFileDocument.cs","80966","0x65E7C225 ^ _003CModule_003E_007Be69553f9_002Deb39_002D49cd_002D9d77_002Da4ee304d94f7_007D.m_7b86004a82fb42ee97ea7d5e58574563.m_0a3e5af7839d43a19884f927a9769d0e","PvfFileDocument.RefDocumentText"
"PvfCode\ViewModels\DocumentFolder\PvfFileDocument.cs","80966","0x89BB46F ^ _003CModule_003E_007Be69553f9_002Deb39_002D49cd_002D9d77_002Da4ee304d94f7_007D.m_7b86004a82fb42ee97ea7d5e58574563.m_cf19654829b546c5ba704a307b4e0bfa","PvfFileDocument.RefDocumentText"
"PvfCode\ViewModels\DocumentFolder\PvfFileDocument.cs","80966","0x659F62DB ^ _003CModule_003E_007Be69553f9_002Deb39_002D49cd_002D9d77_002Da4ee304d94f7_007D.m_7b86004a82fb42ee97ea7d5e58574563.m_0cdaa8b4a2df45ea8b368477e0c569ba","PvfFileDocument.RefDocumentText"
"PvfCode\ViewModels\DocumentFolder\PvfFileDocument.cs","80966","0x6779B04F ^ _003CModule_003E_007Be69553f9_002Deb39_002D49cd_002D9d77_002Da4ee304d94f7_007D.m_7b86004a82fb42ee97ea7d5e58574563.m_e0f0c9b53f5f4d0e88dcbb6df9cbe106","PvfFileDocument.RefDocumentText"
"PvfCode\ViewModels\DocumentFolder\PvfFileDocument.cs","80966","0x6779B04F ^ _003CModule_003E_007Be69553f9_002Deb39_002D49cd_002D9d77_002Da4ee304d94f7_007D.m_7b86004a82fb42ee97ea7d5e58574563.m_e0f0c9b53f5f4d0e88dcbb6df9cbe106","PvfFileDocument.RefDocumentText"
"PvfCode\ViewModels\DocumentFolder\PvfFileDocument.cs","81032","0x1B5FA8BE ^ _003CModule_003E_007Be69553f9_002Deb39_002D49cd_002D9d77_002Da4ee304d94f7_007D.m_7b86004a82fb42ee97ea7d5e58574563.m_995dc3f7a3024d82ba87d77f60d35fca","pvf已关闭"
"PvfCode\ViewModels\DocumentFolder\PvfFileDocument.cs","81032","0x1B5FA8BE ^ _003CModule_003E_007Be69553f9_002Deb39_002D49cd_002D9d77_002Da4ee304d94f7_007D.m_7b86004a82fb42ee97ea7d5e58574563.m_995dc3f7a3024d82ba87d77f60d35fca","pvf已关闭"
"PvfCode\ViewModels\DocumentFolder\PvfFileDocument.cs","81048","1437138932 ^ 0x5D334B45 ^ _003CModule_003E_007Be69553f9_002Deb39_002D49cd_002D9d77_002Da4ee304d94f7_007D.m_7b86004a82fb42ee97ea7d5e58574563.m_cf19654829b546c5ba704a307b4e0bfa","kor.str"
"PvfCode\ViewModels\DocumentFolder\PvfFileDocument.cs","81048","1437138932 ^ 0x5D334B45 ^ _003CModule_003E_007Be69553f9_002Deb39_002D49cd_002D9d77_002Da4ee304d94f7_007D.m_7b86004a82fb42ee97ea7d5e58574563.m_cf19654829b546c5ba704a307b4e0bfa","kor.str"
"PvfCode\ViewModels\DocumentFolder\PvfFileDocument.cs","81066","0x2186A504 ^ _003CModule_003E_007Be69553f9_002Deb39_002D49cd_002D9d77_002Da4ee304d94f7_007D.m_7b86004a82fb42ee97ea7d5e58574563.m_a6871abdbd314ec9bd2de23164bed82c","第："
"PvfCode\ViewModels\DocumentFolder\PvfFileDocument.cs","81066","0x2D961BAB ^ _003CModule_003E_007Be69553f9_002Deb39_002D49cd_002D9d77_002Da4ee304d94f7_007D.m_7b86004a82fb42ee97ea7d5e58574563.m_59a7418b35384ddea3432ed6abd3f702","第："
"PvfCode\ViewModels\DocumentFolder\PvfFileDocument.cs","81066","0x662CFD9A ^ _003CModule_003E_007Be69553f9_002Deb39_002D49cd_002D9d77_002Da4ee304d94f7_007D.m_7b86004a82fb42ee97ea7d5e58574563.m_1e27397300b24ef4ba98a645a53798c2","第："
"PvfCode\ViewModels\DocumentFolder\PvfFileDocument.cs","81066","0x4E181633 ^ _003CModule_003E_007Be69553f9_002Deb39_002D49cd_002D9d77_002Da4ee304d94f7_007D.m_7b86004a82fb42ee97ea7d5e58574563.m_24a7cb1bd49e4021b5d8fa5493d816ca","第："
"PvfCode\ViewModels\DocumentFolder\PvfFileDocument.cs","81066","0x5D5E7B15 ^ _003CModule_003E_007Be69553f9_002Deb39_002D49cd_002D9d77_002Da4ee304d94f7_007D.m_7b86004a82fb42ee97ea7d5e58574563.m_a471290541044d3bb697860b55cc6bc1","第："
"PvfCode\ViewModels\DocumentFolder\PvfFileDocument.cs","81066","0x5D5E7B15 ^ _003CModule_003E_007Be69553f9_002Deb39_002D49cd_002D9d77_002Da4ee304d94f7_007D.m_7b86004a82fb42ee97ea7d5e58574563.m_a471290541044d3bb697860b55cc6bc1","第："
"PvfCode\ViewModels\DocumentFolder\PvfFileDocument.cs","81066","0x662CFD9A ^ _003CModule_003E_007Be69553f9_002Deb39_002D49cd_002D9d77_002Da4ee304d94f7_007D.m_7b86004a82fb42ee97ea7d5e58574563.m_1e27397300b24ef4ba98a645a53798c2","第："
"PvfCode\ViewModels\DocumentFolder\PvfFileDocument.cs","81066","0x2186A504 ^ _003CModule_003E_007Be69553f9_002Deb39_002D49cd_002D9d77_002Da4ee304d94f7_007D.m_7b86004a82fb42ee97ea7d5e58574563.m_a6871abdbd314ec9bd2de23164bed82c","第："
"PvfCode\ViewModels\DocumentFolder\PvfFileDocument.cs","81066","0x4D22E111 ^ _003CModule_003E_007Be69553f9_002Deb39_002D49cd_002D9d77_002Da4ee304d94f7_007D.m_7b86004a82fb42ee97ea7d5e58574563.m_5924bd2461b7415baa9211b5f1cb71b2","第："
"PvfCode\ViewModels\DocumentFolder\PvfFileDocument.cs","81066","0x4E181633 ^ _003CModule_003E_007Be69553f9_002Deb39_002D49cd_002D9d77_002Da4ee304d94f7_007D.m_7b86004a82fb42ee97ea7d5e58574563.m_24a7cb1bd49e4021b5d8fa5493d816ca","第："
"PvfCode\ViewModels\DocumentFolder\PvfFileDocument.cs","81066","0x4D22E111 ^ _003CModule_003E_007Be69553f9_002Deb39_002D49cd_002D9d77_002Da4ee304d94f7_007D.m_7b86004a82fb42ee97ea7d5e58574563.m_5924bd2461b7415baa9211b5f1cb71b2","第："
"PvfCode\ViewModels\DocumentFolder\PvfFileDocument.cs","81066","0x2D961BAB ^ _003CModule_003E_007Be69553f9_002Deb39_002D49cd_002D9d77_002Da4ee304d94f7_007D.m_7b86004a82fb42ee97ea7d5e58574563.m_59a7418b35384ddea3432ed6abd3f702","第："
"PvfCode\ViewModels\DocumentFolder\PvfFileDocument.cs","81074","0x51F0E97E ^ _003CModule_003E_007Be69553f9_002Deb39_002D49cd_002D9d77_002Da4ee304d94f7_007D.m_7b86004a82fb42ee97ea7d5e58574563.m_e9daf7d92d7e4446976bda811e90502a","行 起始类型不是字符串索引 请检查！"
"PvfCode\ViewModels\DocumentFolder\PvfFileDocument.cs","81074","0x51F0E97E ^ _003CModule_003E_007Be69553f9_002Deb39_002D49cd_002D9d77_002Da4ee304d94f7_007D.m_7b86004a82fb42ee97ea7d5e58574563.m_e9daf7d92d7e4446976bda811e90502a","行 起始类型不是字符串索引 请检查！"
"PvfCode\ViewModels\DocumentFolder\PvfFileDocument.cs","81114","0x19F8581B ^ _003CModule_003E_007Be69553f9_002Deb39_002D49cd_002D9d77_002Da4ee304d94f7_007D.m_7b86004a82fb42ee97ea7d5e58574563.m_afceaa2a86c14a5c9cf1f8f0fdd0f590","行 第二个类型不是字符串 请检查！"
"PvfCode\ViewModels\DocumentFolder\PvfFileDocument.cs","81114","0x19F8581B ^ _003CModule_003E_007Be69553f9_002Deb39_002D49cd_002D9d77_002Da4ee304d94f7_007D.m_7b86004a82fb42ee97ea7d5e58574563.m_afceaa2a86c14a5c9cf1f8f0fdd0f590","行 第二个类型不是字符串 请检查！"
"PvfCode\ViewModels\DocumentFolder\PvfFileDocument.cs","81152","0x7A7FC0BC ^ _003CModule_003E_007Be69553f9_002Deb39_002D49cd_002D9d77_002Da4ee304d94f7_007D.m_7b86004a82fb42ee97ea7d5e58574563.m_22c98bd810e84970b541501ace0b424a","行 索引中没有编号 请检查"
"PvfCode\ViewModels\DocumentFolder\PvfFileDocument.cs","81152","0x7A7FC0BC ^ _003CModule_003E_007Be69553f9_002Deb39_002D49cd_002D9d77_002Da4ee304d94f7_007D.m_7b86004a82fb42ee97ea7d5e58574563.m_22c98bd810e84970b541501ace0b424a","行 索引中没有编号 请检查"
"PvfCode\ViewModels\DocumentFolder\PvfFileDocument.cs","81182","0x25C12889 ^ _003CModule_003E_007Be69553f9_002Deb39_002D49cd_002D9d77_002Da4ee304d94f7_007D.m_7b86004a82fb42ee97ea7d5e58574563.m_c8944dd9ca4b4079b8678bce0630ff7d","行 索引中不是int型 请检查"
"PvfCode\ViewModels\DocumentFolder\PvfFileDocument.cs","81182","0x25C12889 ^ _003CModule_003E_007Be69553f9_002Deb39_002D49cd_002D9d77_002Da4ee304d94f7_007D.m_7b86004a82fb42ee97ea7d5e58574563.m_c8944dd9ca4b4079b8678bce0630ff7d","行 索引中不是int型 请检查"
"PvfCode\ViewModels\DocumentFolder\PvfFileDocument.cs","81216","0x6779B149 ^ _003CModule_003E_007Be69553f9_002Deb39_002D49cd_002D9d77_002Da4ee304d94f7_007D.m_7b86004a82fb42ee97ea7d5e58574563.m_e0f0c9b53f5f4d0e88dcbb6df9cbe106","行 索引值不能小于0 请检查"
"PvfCode\ViewModels\DocumentFolder\PvfFileDocument.cs","81216","0x6779B149 ^ _003CModule_003E_007Be69553f9_002Deb39_002D49cd_002D9d77_002Da4ee304d94f7_007D.m_7b86004a82fb42ee97ea7d5e58574563.m_e0f0c9b53f5f4d0e88dcbb6df9cbe106","行 索引值不能小于0 请检查"
"PvfCode\ViewModels\DocumentFolder\PvfFileDocument.cs","81248","0x6C4DD8C0 ^ _003CModule_003E_007Be69553f9_002Deb39_002D49cd_002D9d77_002Da4ee304d94f7_007D.m_7b86004a82fb42ee97ea7d5e58574563.m_c4ac9f35eb704455b489a780e86cf909","行 与索引：["
"PvfCode\ViewModels\DocumentFolder\PvfFileDocument.cs","81248","0x6C4DD8C0 ^ _003CModule_003E_007Be69553f9_002Deb39_002D49cd_002D9d77_002Da4ee304d94f7_007D.m_7b86004a82fb42ee97ea7d5e58574563.m_c4ac9f35eb704455b489a780e86cf909","行 与索引：["
"PvfCode\ViewModels\DocumentFolder\PvfFileDocument.cs","81266","0x7C0E2390 ^ _003CModule_003E_007Be69553f9_002Deb39_002D49cd_002D9d77_002Da4ee304d94f7_007D.m_7b86004a82fb42ee97ea7d5e58574563.m_2bc1918cd21d40e9b73926d6c2cbc512","] 重复请检查！ "
"PvfCode\ViewModels\DocumentFolder\PvfFileDocument.cs","81266","0x7C0E2390 ^ _003CModule_003E_007Be69553f9_002Deb39_002D49cd_002D9d77_002Da4ee304d94f7_007D.m_7b86004a82fb42ee97ea7d5e58574563.m_2bc1918cd21d40e9b73926d6c2cbc512","] 重复请检查！ "
"PvfCode\ViewModels\DocumentFolder\PvfFileDocument.cs","81288","0x2186A426 ^ _003CModule_003E_007Be69553f9_002Deb39_002D49cd_002D9d77_002Da4ee304d94f7_007D.m_7b86004a82fb42ee97ea7d5e58574563.m_a6871abdbd314ec9bd2de23164bed82c","PvfFileScriptName"
"PvfCode\ViewModels\DocumentFolder\PvfFileDocument.cs","81326","0x1B5FA998 ^ _003CModule_003E_007Be69553f9_002Deb39_002D49cd_002D9d77_002Da4ee304d94f7_007D.m_7b86004a82fb42ee97ea7d5e58574563.m_995dc3f7a3024d82ba87d77f60d35fca"," (*"
"PvfCode\ViewModels\DocumentFolder\PvfFileDocument.cs","81336","0x768BC43E ^ _003CModule_003E_007Be69553f9_002Deb39_002D49cd_002D9d77_002Da4ee304d94f7_007D.m_7b86004a82fb42ee97ea7d5e58574563.m_5f32481f68ae4c7eaeea7ec68a5ff47b",")|*"
"PvfCode\ViewModels\DocumentFolder\PvfFileDocument.cs","81346","0x7C0E2320 ^ _003CModule_003E_007Be69553f9_002Deb39_002D49cd_002D9d77_002Da4ee304d94f7_007D.m_7b86004a82fb42ee97ea7d5e58574563.m_2bc1918cd21d40e9b73926d6c2cbc512","DocumentIsNull"
"PvfCode\ViewModels\DocumentFolder\PvfFileDocument.cs","81378","0x46DB2CEB ^ _003CModule_003E_007Be69553f9_002Deb39_002D49cd_002D9d77_002Da4ee304d94f7_007D.m_7b86004a82fb42ee97ea7d5e58574563.m_34a93bd635aa4a0cb45ae24212f58e0f","当前字符串表为空 确定要继续保存？"
"PvfCode\ViewModels\DocumentFolder\PvfFileDocument.cs","81416","0x1B5FAA3E ^ _003CModule_003E_007Be69553f9_002Deb39_002D49cd_002D9d77_002Da4ee304d94f7_007D.m_7b86004a82fb42ee97ea7d5e58574563.m_995dc3f7a3024d82ba87d77f60d35fca","mess_GetIconError"
"PvfCode\ViewModels\DocumentFolder\SearchViewModels\AllSearchResultDir\AllSearchResultViewModel.cs","10092","0x42E6D170 ^ _003CModule_003E_007Be69553f9_002Deb39_002D49cd_002D9d77_002Da4ee304d94f7_007D.m_7b86004a82fb42ee97ea7d5e58574563.m_bbd6700d16934fad8cc9f8d19544f21f","asdf"
"PvfCode\ViewModels\DocumentFolder\SearchViewModels\AllSearchResultDir\AllSearchResultViewModel.cs","45678","0x2B2E0C18 ^ _003CModule_003E_007Be69553f9_002Deb39_002D49cd_002D9d77_002Da4ee304d94f7_007D.m_7b86004a82fb42ee97ea7d5e58574563.m_5b1a4905efa74bdd971c79e2845c55df","Tree"
"PvfCode\ViewModels\DocumentFolder\SearchViewModels\AllSearchResultDir\AllSearchResultViewModel.cs","45690","0x201F7A2 ^ _003CModule_003E_007Be69553f9_002Deb39_002D49cd_002D9d77_002Da4ee304d94f7_007D.m_7b86004a82fb42ee97ea7d5e58574563.m_582a7f02cd3044949cbbc8d81e970cdb","mess_CannotFindSearchResult_PleaseSearchAgain"
"PvfCode\ViewModels\DocumentFolder\SearchViewModels\DocumentsSearchManager.cs","44384","0x768A54E6 ^ _003CModule_003E_007Be69553f9_002Deb39_002D49cd_002D9d77_002Da4ee304d94f7_007D.m_7b86004a82fb42ee97ea7d5e58574563.m_5f32481f68ae4c7eaeea7ec68a5ff47b","mess_CannotFindSearchResult_PleaseSearchAgain2"
"PvfCode\ViewModels\DocumentFolder\SearchViewModels\DocumentsSearchManager.cs","44874","0x19F9CB8B ^ _003CModule_003E_007Be69553f9_002Deb39_002D49cd_002D9d77_002Da4ee304d94f7_007D.m_7b86004a82fb42ee97ea7d5e58574563.m_afceaa2a86c14a5c9cf1f8f0fdd0f590","mess_CannotFindSearchResult"
"PvfCode\ViewModels\DocumentFolder\SearchViewModels\DocumentsSearchManager.cs","44874","0x933AEFD ^ _003CModule_003E_007Be69553f9_002Deb39_002D49cd_002D9d77_002Da4ee304d94f7_007D.m_7b86004a82fb42ee97ea7d5e58574563.m_a47e9e4bf3624e7291689f8fb4b10989","mess_CannotFindSearchResult"
"PvfCode\ViewModels\DocumentFolder\SearchViewModels\DocumentsSearchManager.cs","45290","0x933B15D ^ _003CModule_003E_007Be69553f9_002Deb39_002D49cd_002D9d77_002Da4ee304d94f7_007D.m_7b86004a82fb42ee97ea7d5e58574563.m_a47e9e4bf3624e7291689f8fb4b10989","mess_ReplaceSuccessCount"
"PvfCode\ViewModels\DocumentFolder\SearchViewModels\DocumentsSearchManager.cs","81734","0x2B2F8130 ^ _003CModule_003E_007Be69553f9_002Deb39_002D49cd_002D9d77_002Da4ee304d94f7_007D.m_7b86004a82fb42ee97ea7d5e58574563.m_5b1a4905efa74bdd971c79e2845c55df","mess_AllOpendDocumentFindResultCount"
"PvfCode\ViewModels\DocumentFolder\SearchViewModels\DocumentsSearchManager.cs","81810","0x3508368B ^ _003CModule_003E_007Be69553f9_002Deb39_002D49cd_002D9d77_002Da4ee304d94f7_007D.m_7b86004a82fb42ee97ea7d5e58574563.m_c3720eb655124e6e81b317ef170605cd","mess_FindParamError"
"PvfCode\ViewModels\DocumentFolder\SearchViewModels\SearchConfig.cs","10408","0x933291F ^ _003CModule_003E_007Be69553f9_002Deb39_002D49cd_002D9d77_002Da4ee304d94f7_007D.m_7b86004a82fb42ee97ea7d5e58574563.m_a47e9e4bf3624e7291689f8fb4b10989","mess_PleaseLoadPvfPackFirst"
"PvfCode\ViewModels\DocumentFolder\SearchViewModels\SearchConfig.cs","44480","0x3509A4D9 ^ _003CModule_003E_007Be69553f9_002Deb39_002D49cd_002D9d77_002Da4ee304d94f7_007D.m_7b86004a82fb42ee97ea7d5e58574563.m_c3720eb655124e6e81b317ef170605cd","SourceType"
"PvfCode\ViewModels\DocumentFolder\SearchViewModels\SearchConfig.cs","44504","0x636CAFD2 ^ _003CModule_003E_007Be69553f9_002Deb39_002D49cd_002D9d77_002Da4ee304d94f7_007D.m_7b86004a82fb42ee97ea7d5e58574563.m_972142dcef4a4cfba572768c2212069f","SearchType"
"PvfCode\ViewModels\DocumentFolder\SearchViewModels\SearchConfig.cs","44528","0x622F2F52 ^ _003CModule_003E_007Be69553f9_002Deb39_002D49cd_002D9d77_002Da4ee304d94f7_007D.m_7b86004a82fb42ee97ea7d5e58574563.m_41a03ba455a9468b9050278ae77448e1","FindKeyword"
"PvfCode\ViewModels\DocumentFolder\SearchViewModels\SearchConfig.cs","44554","0x41EDD5F8 ^ _003CModule_003E_007Be69553f9_002Deb39_002D49cd_002D9d77_002Da4ee304d94f7_007D.m_7b86004a82fb42ee97ea7d5e58574563.m_ba7ada5c647b4fc094df6608a5b444bd","KeywordConvertTW"
"PvfCode\ViewModels\DocumentFolder\SearchViewModels\SearchConfig.cs","44590","0x7A7E5392 ^ _003CModule_003E_007Be69553f9_002Deb39_002D49cd_002D9d77_002Da4ee304d94f7_007D.m_7b86004a82fb42ee97ea7d5e58574563.m_22c98bd810e84970b541501ace0b424a","NameConvertCode"
"PvfCode\ViewModels\DocumentFolder\SearchViewModels\SearchConfig.cs","44624","0x3855B625 ^ _003CModule_003E_007Be69553f9_002Deb39_002D49cd_002D9d77_002Da4ee304d94f7_007D.m_7b86004a82fb42ee97ea7d5e58574563.m_0273572c23d24952bbcc01600fea0084","ReplaceKeyword"
"PvfCode\ViewModels\DocumentFolder\SearchViewModels\SearchConfig.cs","81852","0x4C17ADA8 ^ _003CModule_003E_007Be69553f9_002Deb39_002D49cd_002D9d77_002Da4ee304d94f7_007D.m_7b86004a82fb42ee97ea7d5e58574563.m_d7eae1243bb84fa8b3e43c67ebe44716","EditorSearchItemCodeConvertNameErr"
"PvfCode\ViewModels\DocumentFolder\SearchViewModels\SearchConfig.cs","81924","0x1019B357 ^ _003CModule_003E_007Be69553f9_002Deb39_002D49cd_002D9d77_002Da4ee304d94f7_007D.m_7b86004a82fb42ee97ea7d5e58574563.m_80f251012e8548e0baf3267defb3d706","mess_NoFindCode"
"PvfCode\ViewModels\DocumentFolder\SearchViewModels\SearchConfig.cs","81924","0x19F824C5 ^ _003CModule_003E_007Be69553f9_002Deb39_002D49cd_002D9d77_002Da4ee304d94f7_007D.m_7b86004a82fb42ee97ea7d5e58574563.m_afceaa2a86c14a5c9cf1f8f0fdd0f590","mess_NoFindCode"
"PvfCode\ViewModels\DocumentFolder\SearchViewModels\Searchs\RegexSearchStrategy.cs","29286","0x41723CA ^ _003CModule_003E_007Be69553f9_002Deb39_002D49cd_002D9d77_002Da4ee304d94f7_007D.m_7b86004a82fb42ee97ea7d5e58574563.m_8fd2865c456d4936bd87c4a63c3e7ba1","\r\n"
"PvfCode\ViewModels\DocumentFolder\SearchViewModels\Searchs\RegexSearchStrategy.cs","29298","0xD1B8D ^ _003CModule_003E_007Be69553f9_002Deb39_002D49cd_002D9d77_002Da4ee304d94f7_007D.m_7b86004a82fb42ee97ea7d5e58574563.m_ffc261d25c834aebbee1da6f61154719","\t"
"PvfCode\ViewModels\DocumentFolder\SearchViewModels\Searchs\RegexSearchStrategy.cs","45560","0x4D236C43 ^ _003CModule_003E_007Be69553f9_002Deb39_002D49cd_002D9d77_002Da4ee304d94f7_007D.m_7b86004a82fb42ee97ea7d5e58574563.m_5924bd2461b7415baa9211b5f1cb71b2","searchPattern"
"PvfCode\ViewModels\DocumentFolder\SearchViewModels\Searchs\RegexSearchStrategy.cs","45590","0xDDBE9 ^ _003CModule_003E_007Be69553f9_002Deb39_002D49cd_002D9d77_002Da4ee304d94f7_007D.m_7b86004a82fb42ee97ea7d5e58574563.m_ffc261d25c834aebbee1da6f61154719","\r"
"PvfCode\ViewModels\DocumentFolder\SearchViewModels\Searchs\RegexSearchStrategy.cs","45598","0x4BA000DA ^ _003CModule_003E_007Be69553f9_002Deb39_002D49cd_002D9d77_002Da4ee304d94f7_007D.m_7b86004a82fb42ee97ea7d5e58574563.m_d6a39a5ddb584a4d998858fb4ceeb027","\n"
"PvfCode\ViewModels\DocumentFolder\SearchViewModels\Searchs\RegexSearchStrategy.cs","45606","0x42E6443A ^ _003CModule_003E_007Be69553f9_002Deb39_002D49cd_002D9d77_002Da4ee304d94f7_007D.m_7b86004a82fb42ee97ea7d5e58574563.m_bbd6700d16934fad8cc9f8d19544f21f","\0"
"PvfCode\ViewModels\DocumentFolder\SearchViewModels\Searchs\SearchStrategyFactory.cs","45560","0x5D5FF647 ^ _003CModule_003E_007Be69553f9_002Deb39_002D49cd_002D9d77_002Da4ee304d94f7_007D.m_7b86004a82fb42ee97ea7d5e58574563.m_a471290541044d3bb697860b55cc6bc1","searchPattern"
"PvfCode\ViewModels\DocumentFolder\SearchViewModels\Searchs\SearchStrategyFactory.cs","45664","0x11B9AD4C ^ _003CModule_003E_007Be69553f9_002Deb39_002D49cd_002D9d77_002Da4ee304d94f7_007D.m_7b86004a82fb42ee97ea7d5e58574563.m_39a59c8c3fda4dbdaaf2213c010b00a8","."
"PvfCode\ViewModels\DocumentFolder\SearchViewModels\Searchs\SearchStrategyFactory.cs","45670","0x25C0A7F1 ^ _003CModule_003E_007Be69553f9_002Deb39_002D49cd_002D9d77_002Da4ee304d94f7_007D.m_7b86004a82fb42ee97ea7d5e58574563.m_c8944dd9ca4b4079b8678bce0630ff7d",".*"
"PvfCode\ViewModels\DocumentFolder\SearchViewModels\Searchs\SearchStrategyFactory.cs","81958","0x20005FE ^ _003CModule_003E_007Be69553f9_002Deb39_002D49cd_002D9d77_002Da4ee304d94f7_007D.m_7b86004a82fb42ee97ea7d5e58574563.m_582a7f02cd3044949cbbc8d81e970cdb","mess_NameConvertCodeResult"
"PvfCode\ViewModels\DocumentFolder\SearchViewModels\SearchViewModel.cs","3572","0x65E6F397 ^ _003CModule_003E_007Be69553f9_002Deb39_002D49cd_002D9d77_002Da4ee304d94f7_007D.m_7b86004a82fb42ee97ea7d5e58574563.m_0a3e5af7839d43a19884f927a9769d0e","
"
"PvfCode\ViewModels\DocumentFolder\SearchViewModels\SearchViewModel.cs","3572","0x5D5F4A4B ^ _003CModule_003E_007Be69553f9_002Deb39_002D49cd_002D9d77_002Da4ee304d94f7_007D.m_7b86004a82fb42ee97ea7d5e58574563.m_a471290541044d3bb697860b55cc6bc1","
"
"PvfCode\ViewModels\DocumentFolder\SearchViewModels\SearchViewModel.cs","44656","352137165 ^ 0x59DE5C06 ^ _003CModule_003E_007Be69553f9_002Deb39_002D49cd_002D9d77_002Da4ee304d94f7_007D.m_7b86004a82fb42ee97ea7d5e58574563.m_5924bd2461b7415baa9211b5f1cb71b2","Visibility"
"PvfCode\ViewModels\DocumentFolder\SearchViewModels\SearchViewModel.cs","44680","0x42E65894 ^ _003CModule_003E_007Be69553f9_002Deb39_002D49cd_002D9d77_002Da4ee304d94f7_007D.m_7b86004a82fb42ee97ea7d5e58574563.m_bbd6700d16934fad8cc9f8d19544f21f","ShowReplacePanel"
"PvfCode\ViewModels\DocumentFolder\SearchViewModels\SearchViewModel.cs","44716","0x2B2E10DA ^ _003CModule_003E_007Be69553f9_002Deb39_002D49cd_002D9d77_002Da4ee304d94f7_007D.m_7b86004a82fb42ee97ea7d5e58574563.m_5b1a4905efa74bdd971c79e2845c55df","ExistFind"
"PvfCode\ViewModels\DocumentFolder\SearchViewModels\SearchViewModel.cs","44716","0x65E650CF ^ _003CModule_003E_007Be69553f9_002Deb39_002D49cd_002D9d77_002Da4ee304d94f7_007D.m_7b86004a82fb42ee97ea7d5e58574563.m_0a3e5af7839d43a19884f927a9769d0e","ExistFind"
"PvfCode\ViewModels\DocumentFolder\SearchViewModels\SearchViewModel.cs","44738","1427621874 ^ 0x291877D2 ^ _003CModule_003E_007Be69553f9_002Deb39_002D49cd_002D9d77_002Da4ee304d94f7_007D.m_7b86004a82fb42ee97ea7d5e58574563.m_2bc1918cd21d40e9b73926d6c2cbc512","SearchViewModel.OnShowSearchPanel"
"PvfCode\ViewModels\DocumentFolder\SearchViewModels\SearchViewModel.cs","44738","0xF0206D2 ^ _003CModule_003E_007Be69553f9_002Deb39_002D49cd_002D9d77_002Da4ee304d94f7_007D.m_7b86004a82fb42ee97ea7d5e58574563.m_e5d5198bec9744b280b22d7dede4d8ad","SearchViewModel.OnShowSearchPanel"
"PvfCode\ViewModels\DocumentFolder\SearchViewModels\SearchViewModel.cs","44808","0x5DBB5F11 ^ _003CModule_003E_007Be69553f9_002Deb39_002D49cd_002D9d77_002Da4ee304d94f7_007D.m_7b86004a82fb42ee97ea7d5e58574563.m_4dccf8dd3beb468396324e307ead22cc","SearchViewModel.ShowSearchPanel"
"PvfCode\ViewModels\DocumentFolder\SearchViewModels\SearchViewModel.cs","44874","0x3D9B7F53 ^ _003CModule_003E_007Be69553f9_002Deb39_002D49cd_002D9d77_002Da4ee304d94f7_007D.m_7b86004a82fb42ee97ea7d5e58574563.m_825859c4ee504b91a6a1d6e7fabf4f01","mess_CannotFindSearchResult"
"PvfCode\ViewModels\DocumentFolder\SearchViewModels\SearchViewModel.cs","44874","0x3CA91199 ^ _003CModule_003E_007Be69553f9_002Deb39_002D49cd_002D9d77_002Da4ee304d94f7_007D.m_7b86004a82fb42ee97ea7d5e58574563.m_c10a6115b19c4927ae8ffc79f8f16dfb","mess_CannotFindSearchResult"
"PvfCode\ViewModels\DocumentFolder\SearchViewModels\SearchViewModel.cs","44932","0x6D269D4A ^ _003CModule_003E_007Be69553f9_002Deb39_002D49cd_002D9d77_002Da4ee304d94f7_007D.m_7b86004a82fb42ee97ea7d5e58574563.m_a1b83f1dd0754677898be265fae789c4","SearchViewModel.OnFindMain"
"PvfCode\ViewModels\DocumentFolder\SearchViewModels\SearchViewModel.cs","44988","0x51F7987D ^ _003CModule_003E_007Be69553f9_002Deb39_002D49cd_002D9d77_002Da4ee304d94f7_007D.m_7b86004a82fb42ee97ea7d5e58574563.m_c14a170a5a60490084306350f271c7f1","SearchViewModel.AddSearchKeywordLog"
"PvfCode\ViewModels\DocumentFolder\SearchViewModels\SearchViewModel.cs","44988","0x13FCE8D6 ^ _003CModule_003E_007Be69553f9_002Deb39_002D49cd_002D9d77_002Da4ee304d94f7_007D.m_7b86004a82fb42ee97ea7d5e58574563.m_a7cc82b779404332a260d01290ecb801","SearchViewModel.AddSearchKeywordLog"
"PvfCode\ViewModels\DocumentFolder\SearchViewModels\SearchViewModel.cs","45062","0x933B1B1 ^ _003CModule_003E_007Be69553f9_002Deb39_002D49cd_002D9d77_002Da4ee304d94f7_007D.m_7b86004a82fb42ee97ea7d5e58574563.m_a47e9e4bf3624e7291689f8fb4b10989","SearchViewModel.FindNext"
"PvfCode\ViewModels\DocumentFolder\SearchViewModels\SearchViewModel.cs","45114","0x4E199AA3 ^ _003CModule_003E_007Be69553f9_002Deb39_002D49cd_002D9d77_002Da4ee304d94f7_007D.m_7b86004a82fb42ee97ea7d5e58574563.m_24a7cb1bd49e4021b5d8fa5493d816ca","mess_GlobalSearchUpNotSupport"
"PvfCode\ViewModels\DocumentFolder\SearchViewModels\SearchViewModel.cs","45176","0xB8B9DE9 ^ _003CModule_003E_007Be69553f9_002Deb39_002D49cd_002D9d77_002Da4ee304d94f7_007D.m_7b86004a82fb42ee97ea7d5e58574563.m_e066a82cd08141c08d4817f20a7d29f3","SearchViewModel.FindPrevious"
"PvfCode\ViewModels\DocumentFolder\SearchViewModels\SearchViewModel.cs","45236","0x51F16578 ^ _003CModule_003E_007Be69553f9_002Deb39_002D49cd_002D9d77_002Da4ee304d94f7_007D.m_7b86004a82fb42ee97ea7d5e58574563.m_e9daf7d92d7e4446976bda811e90502a","SearchViewModel.OnReplace"
"PvfCode\ViewModels\DocumentFolder\SearchViewModels\SearchViewModel.cs","45290","0x690E51C8 ^ _003CModule_003E_007Be69553f9_002Deb39_002D49cd_002D9d77_002Da4ee304d94f7_007D.m_7b86004a82fb42ee97ea7d5e58574563.m_864fc4c2b93e4f099c2c07aa23d782f6","mess_ReplaceSuccessCount"
"PvfCode\ViewModels\DocumentFolder\SearchViewModels\SearchViewModel.cs","45342","0x67783D17 ^ _003CModule_003E_007Be69553f9_002Deb39_002D49cd_002D9d77_002Da4ee304d94f7_007D.m_7b86004a82fb42ee97ea7d5e58574563.m_e0f0c9b53f5f4d0e88dcbb6df9cbe106","SearchViewModel.ReplaceAll"
"PvfCode\ViewModels\DocumentFolder\SearchViewModels\SearchViewModel.cs","45398","0x3509B84F ^ _003CModule_003E_007Be69553f9_002Deb39_002D49cd_002D9d77_002Da4ee304d94f7_007D.m_7b86004a82fb42ee97ea7d5e58574563.m_c3720eb655124e6e81b317ef170605cd","SearchResultCount"
"PvfCode\ViewModels\DocumentFolder\SearchViewModels\SearchViewModel.cs","45398","0x4C162342 ^ _003CModule_003E_007Be69553f9_002Deb39_002D49cd_002D9d77_002Da4ee304d94f7_007D.m_7b86004a82fb42ee97ea7d5e58574563.m_d7eae1243bb84fa8b3e43c67ebe44716","SearchResultCount"
"PvfCode\ViewModels\DocumentFolder\SearchViewModels\SearchViewModel.cs","45436","0x25C0A4EB ^ _003CModule_003E_007Be69553f9_002Deb39_002D49cd_002D9d77_002Da4ee304d94f7_007D.m_7b86004a82fb42ee97ea7d5e58574563.m_c8944dd9ca4b4079b8678bce0630ff7d","SearchViewModel.ValidateSearchText"
"PvfCode\ViewModels\DocumentFolder\SearchViewModels\SearchViewModel.cs","45508","0x6D26830A ^ _003CModule_003E_007Be69553f9_002Deb39_002D49cd_002D9d77_002Da4ee304d94f7_007D.m_7b86004a82fb42ee97ea7d5e58574563.m_a1b83f1dd0754677898be265fae789c4","SearchViewModel.DoSearch"
"PvfCode\ViewModels\DocumentFolder\TextMarker\TextMarker.cs","44366","0xB8B80DF ^ _003CModule_003E_007Be69553f9_002Deb39_002D49cd_002D9d77_002Da4ee304d94f7_007D.m_7b86004a82fb42ee97ea7d5e58574563.m_e066a82cd08141c08d4817f20a7d29f3","service"
"PvfCode\ViewModels\DocumentFolder\TextMarker\TextMarkerService.cs","43854","0x89A2367 ^ _003CModule_003E_007Be69553f9_002Deb39_002D49cd_002D9d77_002Da4ee304d94f7_007D.m_7b86004a82fb42ee97ea7d5e58574563.m_cf19654829b546c5ba704a307b4e0bfa","document"
"PvfCode\ViewModels\DocumentFolder\TextMarker\TextMarkerService.cs","43874","0x41EDD090 ^ _003CModule_003E_007Be69553f9_002Deb39_002D49cd_002D9d77_002Da4ee304d94f7_007D.m_7b86004a82fb42ee97ea7d5e58574563.m_ba7ada5c647b4fc094df6608a5b444bd","Cannot create a marker when not attached to a document"
"PvfCode\ViewModels\DocumentFolder\TextMarker\TextMarkerService.cs","43986","0xF0203C2 ^ _003CModule_003E_007Be69553f9_002Deb39_002D49cd_002D9d77_002Da4ee304d94f7_007D.m_7b86004a82fb42ee97ea7d5e58574563.m_e5d5198bec9744b280b22d7dede4d8ad","startOffset"
"PvfCode\ViewModels\DocumentFolder\TextMarker\TextMarkerService.cs","44012","0x11B9B4C0 ^ _003CModule_003E_007Be69553f9_002Deb39_002D49cd_002D9d77_002Da4ee304d94f7_007D.m_7b86004a82fb42ee97ea7d5e58574563.m_39a59c8c3fda4dbdaaf2213c010b00a8","Value must be between 0 and "
"PvfCode\ViewModels\DocumentFolder\TextMarker\TextMarkerService.cs","44072","0x51F179E4 ^ _003CModule_003E_007Be69553f9_002Deb39_002D49cd_002D9d77_002Da4ee304d94f7_007D.m_7b86004a82fb42ee97ea7d5e58574563.m_e9daf7d92d7e4446976bda811e90502a","length"
"PvfCode\ViewModels\DocumentFolder\TextMarker\TextMarkerService.cs","44088","0x51F179F4 ^ _003CModule_003E_007Be69553f9_002Deb39_002D49cd_002D9d77_002Da4ee304d94f7_007D.m_7b86004a82fb42ee97ea7d5e58574563.m_e9daf7d92d7e4446976bda811e90502a","length must not be negative and startOffset+length must not be after the end of the document"
"PvfCode\ViewModels\DocumentFolder\TextMarker\TextMarkerService.cs","44276","0x3509A5ED ^ _003CModule_003E_007Be69553f9_002Deb39_002D49cd_002D9d77_002Da4ee304d94f7_007D.m_7b86004a82fb42ee97ea7d5e58574563.m_c3720eb655124e6e81b317ef170605cd","predicate"
"PvfCode\ViewModels\DocumentFolder\TextMarker\TextMarkerService.cs","44298","0x10185E59 ^ _003CModule_003E_007Be69553f9_002Deb39_002D49cd_002D9d77_002Da4ee304d94f7_007D.m_7b86004a82fb42ee97ea7d5e58574563.m_80f251012e8548e0baf3267defb3d706","marker"
"PvfCode\ViewModels\DocumentFolder\TextMarker\TextMarkerService.cs","44314","0xDC4E5 ^ _003CModule_003E_007Be69553f9_002Deb39_002D49cd_002D9d77_002Da4ee304d94f7_007D.m_7b86004a82fb42ee97ea7d5e58574563.m_ffc261d25c834aebbee1da6f61154719","textView"
"PvfCode\ViewModels\DocumentFolder\TextMarker\TextMarkerService.cs","44334","-1904881294 ^ -117471782 ^ _003CModule_003E_007Be69553f9_002Deb39_002D49cd_002D9d77_002Da4ee304d94f7_007D.m_7b86004a82fb42ee97ea7d5e58574563.m_5f32481f68ae4c7eaeea7ec68a5ff47b","drawingContext"
"PvfCode\ViewModels\DocumentFolder\UnitViewModelBase.cs","42678","0x67782ABF ^ _003CModule_003E_007Be69553f9_002Deb39_002D49cd_002D9d77_002Da4ee304d94f7_007D.m_7b86004a82fb42ee97ea7d5e58574563.m_e0f0c9b53f5f4d0e88dcbb6df9cbe106","#####"
"PvfCode\ViewModels\DocumentFolder\UnitViewModelBase.cs","42692","0x7A7E5B78 ^ _003CModule_003E_007Be69553f9_002Deb39_002D49cd_002D9d77_002Da4ee304d94f7_007D.m_7b86004a82fb42ee97ea7d5e58574563.m_22c98bd810e84970b541501ace0b424a","25"
"PvfCode\ViewModels\DocumentFolder\UnitViewModelBase.cs","42700","0xDCF33 ^ _003CModule_003E_007Be69553f9_002Deb39_002D49cd_002D9d77_002Da4ee304d94f7_007D.m_7b86004a82fb42ee97ea7d5e58574563.m_ffc261d25c834aebbee1da6f61154719","50"
"PvfCode\ViewModels\DocumentFolder\UnitViewModelBase.cs","42708","0x704E9DFB ^ _003CModule_003E_007Be69553f9_002Deb39_002D49cd_002D9d77_002Da4ee304d94f7_007D.m_7b86004a82fb42ee97ea7d5e58574563.m_c4f70e4f04fd48b4b9edaf9a9b8fdeae","75"
"PvfCode\ViewModels\DocumentFolder\UnitViewModelBase.cs","42716","0x5D5FE163 ^ _003CModule_003E_007Be69553f9_002Deb39_002D49cd_002D9d77_002Da4ee304d94f7_007D.m_7b86004a82fb42ee97ea7d5e58574563.m_a471290541044d3bb697860b55cc6bc1","100"
"PvfCode\ViewModels\DocumentFolder\UnitViewModelBase.cs","42726","0x4C1634F2 ^ _003CModule_003E_007Be69553f9_002Deb39_002D49cd_002D9d77_002Da4ee304d94f7_007D.m_7b86004a82fb42ee97ea7d5e58574563.m_d7eae1243bb84fa8b3e43c67ebe44716","125"
"PvfCode\ViewModels\DocumentFolder\UnitViewModelBase.cs","42736","0x5DBB56E9 ^ _003CModule_003E_007Be69553f9_002Deb39_002D49cd_002D9d77_002Da4ee304d94f7_007D.m_7b86004a82fb42ee97ea7d5e58574563.m_4dccf8dd3beb468396324e307ead22cc","150"
"PvfCode\ViewModels\DocumentFolder\UnitViewModelBase.cs","42746","0x2D9781FB ^ _003CModule_003E_007Be69553f9_002Deb39_002D49cd_002D9d77_002Da4ee304d94f7_007D.m_7b86004a82fb42ee97ea7d5e58574563.m_59a7418b35384ddea3432ed6abd3f702","175"
"PvfCode\ViewModels\DocumentFolder\UnitViewModelBase.cs","42756","0x201E2DC ^ _003CModule_003E_007Be69553f9_002Deb39_002D49cd_002D9d77_002Da4ee304d94f7_007D.m_7b86004a82fb42ee97ea7d5e58574563.m_582a7f02cd3044949cbbc8d81e970cdb","200"
"PvfCode\ViewModels\DocumentFolder\UnitViewModelBase.cs","42766","0x768A5E88 ^ _003CModule_003E_007Be69553f9_002Deb39_002D49cd_002D9d77_002Da4ee304d94f7_007D.m_7b86004a82fb42ee97ea7d5e58574563.m_5f32481f68ae4c7eaeea7ec68a5ff47b","300"
"PvfCode\ViewModels\DocumentFolder\UnitViewModelBase.cs","42776","0x4E198D81 ^ _003CModule_003E_007Be69553f9_002Deb39_002D49cd_002D9d77_002Da4ee304d94f7_007D.m_7b86004a82fb42ee97ea7d5e58574563.m_24a7cb1bd49e4021b5d8fa5493d816ca","400"
"PvfCode\ViewModels\DocumentFolder\UnitViewModelBase.cs","42786","0x933A695 ^ _003CModule_003E_007Be69553f9_002Deb39_002D49cd_002D9d77_002Da4ee304d94f7_007D.m_7b86004a82fb42ee97ea7d5e58574563.m_a47e9e4bf3624e7291689f8fb4b10989","500"
"PvfCode\ViewModels\DocumentFolder\UnitViewModelBase.cs","42796","0x2D97802D ^ _003CModule_003E_007Be69553f9_002Deb39_002D49cd_002D9d77_002Da4ee304d94f7_007D.m_7b86004a82fb42ee97ea7d5e58574563.m_59a7418b35384ddea3432ed6abd3f702","3"
"PvfCode\ViewModels\DocumentFolder\UnitViewModelBase.cs","42802","0xB8B8AA3 ^ _003CModule_003E_007Be69553f9_002Deb39_002D49cd_002D9d77_002Da4ee304d94f7_007D.m_7b86004a82fb42ee97ea7d5e58574563.m_e066a82cd08141c08d4817f20a7d29f3","6"
"PvfCode\ViewModels\DocumentFolder\UnitViewModelBase.cs","42808","0x1B5E330E ^ _003CModule_003E_007Be69553f9_002Deb39_002D49cd_002D9d77_002Da4ee304d94f7_007D.m_7b86004a82fb42ee97ea7d5e58574563.m_995dc3f7a3024d82ba87d77f60d35fca","8"
"PvfCode\ViewModels\DocumentFolder\UnitViewModelBase.cs","42814","0xDCEC1 ^ _003CModule_003E_007Be69553f9_002Deb39_002D49cd_002D9d77_002Da4ee304d94f7_007D.m_7b86004a82fb42ee97ea7d5e58574563.m_ffc261d25c834aebbee1da6f61154719","9"
"PvfCode\ViewModels\DocumentFolder\UnitViewModelBase.cs","42820","0x70CCDAB8 ^ _003CModule_003E_007Be69553f9_002Deb39_002D49cd_002D9d77_002Da4ee304d94f7_007D.m_7b86004a82fb42ee97ea7d5e58574563.m_ee8424bd48bb442e9a823a15df5a62b4","10"
"PvfCode\ViewModels\DocumentFolder\UnitViewModelBase.cs","42828","0x25C0B2DB ^ _003CModule_003E_007Be69553f9_002Deb39_002D49cd_002D9d77_002Da4ee304d94f7_007D.m_7b86004a82fb42ee97ea7d5e58574563.m_c8944dd9ca4b4079b8678bce0630ff7d","12"
"PvfCode\ViewModels\DocumentFolder\UnitViewModelBase.cs","42836","0x2E4BB22F ^ _003CModule_003E_007Be69553f9_002Deb39_002D49cd_002D9d77_002Da4ee304d94f7_007D.m_7b86004a82fb42ee97ea7d5e58574563.m_3f6f6322abdc4634a39525b5eb1c92fd","14"
"PvfCode\ViewModels\DocumentFolder\UnitViewModelBase.cs","42844","0x47B9BAB9 ^ _003CModule_003E_007Be69553f9_002Deb39_002D49cd_002D9d77_002Da4ee304d94f7_007D.m_7b86004a82fb42ee97ea7d5e58574563.m_0bd286ac068745bfb29b92d10b515130","16"
"PvfCode\ViewModels\DocumentFolder\UnitViewModelBase.cs","42852","0x70D17AC0 ^ _003CModule_003E_007Be69553f9_002Deb39_002D49cd_002D9d77_002Da4ee304d94f7_007D.m_7b86004a82fb42ee97ea7d5e58574563.m_541fbf15174a41ce952b7916fd6276fe","18"
"PvfCode\ViewModels\DocumentFolder\UnitViewModelBase.cs","42860","0x2B2E191A ^ _003CModule_003E_007Be69553f9_002Deb39_002D49cd_002D9d77_002Da4ee304d94f7_007D.m_7b86004a82fb42ee97ea7d5e58574563.m_5b1a4905efa74bdd971c79e2845c55df","20"
"PvfCode\ViewModels\DocumentFolder\UnitViewModelBase.cs","42868","0x21873EDA ^ _003CModule_003E_007Be69553f9_002Deb39_002D49cd_002D9d77_002Da4ee304d94f7_007D.m_7b86004a82fb42ee97ea7d5e58574563.m_a6871abdbd314ec9bd2de23164bed82c","24"
"PvfCode\ViewModels\DocumentFolder\UnitViewModelBase.cs","42876","0x67782B75 ^ _003CModule_003E_007Be69553f9_002Deb39_002D49cd_002D9d77_002Da4ee304d94f7_007D.m_7b86004a82fb42ee97ea7d5e58574563.m_e0f0c9b53f5f4d0e88dcbb6df9cbe106","26"
"PvfCode\ViewModels\DocumentFolder\UnitViewModelBase.cs","42884","0x4E198D1D ^ _003CModule_003E_007Be69553f9_002Deb39_002D49cd_002D9d77_002Da4ee304d94f7_007D.m_7b86004a82fb42ee97ea7d5e58574563.m_24a7cb1bd49e4021b5d8fa5493d816ca","32"
"PvfCode\ViewModels\DocumentFolder\UnitViewModelBase.cs","42892","0x265C8A4E ^ _003CModule_003E_007Be69553f9_002Deb39_002D49cd_002D9d77_002Da4ee304d94f7_007D.m_7b86004a82fb42ee97ea7d5e58574563.m_00f9435ae4b3435e95ad1d31b77e7a6f","48"
"PvfCode\ViewModels\DocumentFolder\UnitViewModelBase.cs","42900","0x51F79055 ^ _003CModule_003E_007Be69553f9_002Deb39_002D49cd_002D9d77_002Da4ee304d94f7_007D.m_7b86004a82fb42ee97ea7d5e58574563.m_c14a170a5a60490084306350f271c7f1","60"
"PvfCode\ViewModels\DocumentFolder\UnitViewModelBase.cs","42908","0x2D97809D ^ _003CModule_003E_007Be69553f9_002Deb39_002D49cd_002D9d77_002Da4ee304d94f7_007D.m_7b86004a82fb42ee97ea7d5e58574563.m_59a7418b35384ddea3432ed6abd3f702","Percent"
"PvfCode\ViewModels\DocumentFolder\UnitViewModelBase.cs","42926","0xF020FBE ^ _003CModule_003E_007Be69553f9_002Deb39_002D49cd_002D9d77_002Da4ee304d94f7_007D.m_7b86004a82fb42ee97ea7d5e58574563.m_e5d5198bec9744b280b22d7dede4d8ad","%"
"PvfCode\ViewModels\DocumentFolder\VerticalScrollBarHighlighted\VerticalScrollBarHighlightedData.cs","43834","0x659EF5A7 ^ _003CModule_003E_007Be69553f9_002Deb39_002D49cd_002D9d77_002Da4ee304d94f7_007D.m_7b86004a82fb42ee97ea7d5e58574563.m_0cdaa8b4a2df45ea8b368477e0c569ba","Position"
"PvfCode\ViewModels\DocumentFolder\VerticalScrollBarHighlighted\VerticalScrollBarHighlightedMagager.cs","22326","0x19F933F7 ^ _003CModule_003E_007Be69553f9_002Deb39_002D49cd_002D9d77_002Da4ee304d94f7_007D.m_7b86004a82fb42ee97ea7d5e58574563.m_afceaa2a86c14a5c9cf1f8f0fdd0f590","Items"
"PvfCode\ViewModels\DocumentFolder\ViewPvfReleaseViewModel.cs","11874","352137165 ^ 0x71635F32 ^ _003CModule_003E_007Be69553f9_002Deb39_002D49cd_002D9d77_002Da4ee304d94f7_007D.m_7b86004a82fb42ee97ea7d5e58574563.m_0cdaa8b4a2df45ea8b368477e0c569ba","Title_SelectFolder"
"PvfCode\ViewModels\DocumentFolder\ViewPvfReleaseViewModel.cs","41514","0x2D97852B ^ _003CModule_003E_007Be69553f9_002Deb39_002D49cd_002D9d77_002Da4ee304d94f7_007D.m_7b86004a82fb42ee97ea7d5e58574563.m_59a7418b35384ddea3432ed6abd3f702","DocumentName_Publish"
"PvfCode\ViewModels\DocumentFolder\ViewPvfReleaseViewModel.cs","42932","0x201E26C ^ _003CModule_003E_007Be69553f9_002Deb39_002D49cd_002D9d77_002Da4ee304d94f7_007D.m_7b86004a82fb42ee97ea7d5e58574563.m_582a7f02cd3044949cbbc8d81e970cdb","TargetFolder"
"PvfCode\ViewModels\DocumentFolder\ViewPvfReleaseViewModel.cs","42932","0x4BA01570 ^ _003CModule_003E_007Be69553f9_002Deb39_002D49cd_002D9d77_002Da4ee304d94f7_007D.m_7b86004a82fb42ee97ea7d5e58574563.m_d6a39a5ddb584a4d998858fb4ceeb027","TargetFolder"
"PvfCode\ViewModels\DocumentFolder\ViewPvfReleaseViewModel.cs","42960","-985766894 ^ -1452136862 ^ _003CModule_003E_007Be69553f9_002Deb39_002D49cd_002D9d77_002Da4ee304d94f7_007D.m_7b86004a82fb42ee97ea7d5e58574563.m_c4ac9f35eb704455b489a780e86cf909","Script.pvf"
"PvfCode\ViewModels\DocumentFolder\ViewPvfReleaseViewModel.cs","42960","0x67782BD9 ^ _003CModule_003E_007Be69553f9_002Deb39_002D49cd_002D9d77_002Da4ee304d94f7_007D.m_7b86004a82fb42ee97ea7d5e58574563.m_e0f0c9b53f5f4d0e88dcbb6df9cbe106","Script.pvf"
"PvfCode\ViewModels\DocumentFolder\ViewPvfReleaseViewModel.cs","42984","0x622F254A ^ _003CModule_003E_007Be69553f9_002Deb39_002D49cd_002D9d77_002Da4ee304d94f7_007D.m_7b86004a82fb42ee97ea7d5e58574563.m_41a03ba455a9468b9050278ae77448e1","mess_DirNotExist"
"PvfCode\ViewModels\DocumentFolder\ViewPvfReleaseViewModel.cs","81454","0x1B5FAA18 ^ _003CModule_003E_007Be69553f9_002Deb39_002D49cd_002D9d77_002Da4ee304d94f7_007D.m_7b86004a82fb42ee97ea7d5e58574563.m_995dc3f7a3024d82ba87d77f60d35fca","mess_PleaseSelectPublishDir"
"PvfCode\ViewModels\DocumentFolder\ViewPvfReleaseViewModel.cs","81512","0x47B8238D ^ _003CModule_003E_007Be69553f9_002Deb39_002D49cd_002D9d77_002Da4ee304d94f7_007D.m_7b86004a82fb42ee97ea7d5e58574563.m_0bd286ac068745bfb29b92d10b515130","mess_PublishDirCannotSameAsPvfDir"
"PvfCode\ViewModels\DocumentFolder\ViewPvfReleaseViewModel.cs","81582","0x2B2F80D8 ^ _003CModule_003E_007Be69553f9_002Deb39_002D49cd_002D9d77_002Da4ee304d94f7_007D.m_7b86004a82fb42ee97ea7d5e58574563.m_5b1a4905efa74bdd971c79e2845c55df","mess_ClonePvfPack"
"PvfCode\ViewModels\DocumentFolder\ViewPvfReleaseViewModel.cs","81620","1427621874 ^ 0x734AD4E4 ^ _003CModule_003E_007Be69553f9_002Deb39_002D49cd_002D9d77_002Da4ee304d94f7_007D.m_7b86004a82fb42ee97ea7d5e58574563.m_00f9435ae4b3435e95ad1d31b77e7a6f","mess_Publishing"
"PvfCode\ViewModels\DocumentFolder\ViewPvfReleaseViewModel.cs","81654","0x527B9824 ^ _003CModule_003E_007Be69553f9_002Deb39_002D49cd_002D9d77_002Da4ee304d94f7_007D.m_7b86004a82fb42ee97ea7d5e58574563.m_cb81f441a98e4bd493b61df435bbdbdb","mess_PublishError"
"PvfCode\ViewModels\DocumentFolder\ViewPvfReleaseViewModel.cs","81692","0x1019CC4F ^ _003CModule_003E_007Be69553f9_002Deb39_002D49cd_002D9d77_002Da4ee304d94f7_007D.m_7b86004a82fb42ee97ea7d5e58574563.m_80f251012e8548e0baf3267defb3d706","mess_PublishSuccess"
"PvfCode\ViewModels\DocumentFolder\VisualLineElementGenerators\LstSectionCommentView.cs","3572","0x768AF472 ^ _003CModule_003E_007Be69553f9_002Deb39_002D49cd_002D9d77_002Da4ee304d94f7_007D.m_7b86004a82fb42ee97ea7d5e58574563.m_5f32481f68ae4c7eaeea7ec68a5ff47b","
"
"PvfCode\ViewModels\DocumentFolder\VisualLineElementGenerators\LstSectionCommentView.cs","10614","0x5DBBD96F ^ _003CModule_003E_007Be69553f9_002Deb39_002D49cd_002D9d77_002Da4ee304d94f7_007D.m_7b86004a82fb42ee97ea7d5e58574563.m_4dccf8dd3beb468396324e307ead22cc","mess_FileNotExistTitle"
"PvfCode\ViewModels\DocumentFolder\VisualLineElementGenerators\LstSectionCommentView.cs","43048","0x3855B05D ^ _003CModule_003E_007Be69553f9_002Deb39_002D49cd_002D9d77_002Da4ee304d94f7_007D.m_7b86004a82fb42ee97ea7d5e58574563.m_0273572c23d24952bbcc01600fea0084","LstFileRightItemNameBtn_CannotFindItemName"
"PvfCode\ViewModels\DocumentFolder\VisualLineElementGenerators\LstSectionCommentView.cs","43136","0x4BA01A44 ^ _003CModule_003E_007Be69553f9_002Deb39_002D49cd_002D9d77_002Da4ee304d94f7_007D.m_7b86004a82fb42ee97ea7d5e58574563.m_d6a39a5ddb584a4d998858fb4ceeb027","LstFileRightItemNameBtnTooltipInCtrl"
"PvfCode\ViewModels\DocumentFolder\VisualLineElementGenerators\LstSectionCommentView.cs","43212","0x46DAB9C5 ^ _003CModule_003E_007Be69553f9_002Deb39_002D49cd_002D9d77_002Da4ee304d94f7_007D.m_7b86004a82fb42ee97ea7d5e58574563.m_34a93bd635aa4a0cb45ae24212f58e0f","LstFileRightItemNameBtnTooltip"
"PvfCode\ViewModels\DocumentFolder\VisualLineElementGenerators\LstSectionCommentView.cs","43276","0x10185A5F ^ _003CModule_003E_007Be69553f9_002Deb39_002D49cd_002D9d77_002Da4ee304d94f7_007D.m_7b86004a82fb42ee97ea7d5e58574563.m_80f251012e8548e0baf3267defb3d706","..."
"PvfCode\ViewModels\DocumentFolder\VisualLineElementGenerators\LstSectionCommentView.cs","43286","0x3D9B790F ^ _003CModule_003E_007Be69553f9_002Deb39_002D49cd_002D9d77_002Da4ee304d94f7_007D.m_7b86004a82fb42ee97ea7d5e58574563.m_825859c4ee504b91a6a1d6e7fabf4f01","/pvfUtility;V2026.1.22.2;component/viewmodels/documentfolder/visuallineelementgenerators/lstsectioncommentview.xaml"
"PvfCode\ViewModels\DocumentFolder\VisualLineElementGenerators\ScriptCommentLineGenerator.cs","3902","0x42E6F922 ^ _003CModule_003E_007Be69553f9_002Deb39_002D49cd_002D9d77_002Da4ee304d94f7_007D.m_7b86004a82fb42ee97ea7d5e58574563.m_bbd6700d16934fad8cc9f8d19544f21f","`"
"PvfCode\ViewModels\DocumentFolder\VisualLineElementGenerators\ScriptCommentLineGenerator.cs","3902","0x51F1DAF2 ^ _003CModule_003E_007Be69553f9_002Deb39_002D49cd_002D9d77_002Da4ee304d94f7_007D.m_7b86004a82fb42ee97ea7d5e58574563.m_e9daf7d92d7e4446976bda811e90502a","`"
"PvfCode\ViewModels\DocumentFolder\VisualLineElementGenerators\ScriptCommentLineGenerator.cs","3902","-985766894 ^ -1993803464 ^ _003CModule_003E_007Be69553f9_002Deb39_002D49cd_002D9d77_002Da4ee304d94f7_007D.m_7b86004a82fb42ee97ea7d5e58574563.m_d7eae1243bb84fa8b3e43c67ebe44716","`"
"PvfCode\ViewModels\DocumentFolder\VisualLineElementGenerators\ScriptCommentLineGenerator.cs","9830","0xB8B0BF7 ^ _003CModule_003E_007Be69553f9_002Deb39_002D49cd_002D9d77_002Da4ee304d94f7_007D.m_7b86004a82fb42ee97ea7d5e58574563.m_e066a82cd08141c08d4817f20a7d29f3","\"
"PvfCode\ViewModels\DocumentFolder\VisualLineElementGenerators\ScriptCommentLineGenerator.cs","9830","0x42E6D07A ^ _003CModule_003E_007Be69553f9_002Deb39_002D49cd_002D9d77_002Da4ee304d94f7_007D.m_7b86004a82fb42ee97ea7d5e58574563.m_bbd6700d16934fad8cc9f8d19544f21f","\"
"PvfCode\ViewModels\DocumentFolder\VisualLineElementGenerators\ScriptCommentLineGenerator.cs","9830","0x11B9394A ^ _003CModule_003E_007Be69553f9_002Deb39_002D49cd_002D9d77_002Da4ee304d94f7_007D.m_7b86004a82fb42ee97ea7d5e58574563.m_39a59c8c3fda4dbdaaf2213c010b00a8","\"
"PvfCode\ViewModels\DocumentFolder\VisualLineElementGenerators\ScriptCommentLineGenerator.cs","9830","0x636C246C ^ _003CModule_003E_007Be69553f9_002Deb39_002D49cd_002D9d77_002Da4ee304d94f7_007D.m_7b86004a82fb42ee97ea7d5e58574563.m_972142dcef4a4cfba572768c2212069f","\"
"PvfCode\ViewModels\DocumentFolder\VisualLineElementGenerators\ScriptCommentLineGenerator.cs","9836","0x20163B4 ^ _003CModule_003E_007Be69553f9_002Deb39_002D49cd_002D9d77_002Da4ee304d94f7_007D.m_7b86004a82fb42ee97ea7d5e58574563.m_582a7f02cd3044949cbbc8d81e970cdb","/"
"PvfCode\ViewModels\DocumentFolder\VisualLineElementGenerators\ScriptCommentLineGenerator.cs","9836","-985766894 ^ -300876792 ^ _003CModule_003E_007Be69553f9_002Deb39_002D49cd_002D9d77_002Da4ee304d94f7_007D.m_7b86004a82fb42ee97ea7d5e58574563.m_5b1a4905efa74bdd971c79e2845c55df","/"
"PvfCode\ViewModels\DocumentFolder\VisualLineElementGenerators\ScriptCommentLineGenerator.cs","9836","0x622FA4CE ^ _003CModule_003E_007Be69553f9_002Deb39_002D49cd_002D9d77_002Da4ee304d94f7_007D.m_7b86004a82fb42ee97ea7d5e58574563.m_41a03ba455a9468b9050278ae77448e1","/"
"PvfCode\ViewModels\DocumentFolder\VisualLineElementGenerators\ScriptCommentLineGenerator.cs","9836","0xD4F93 ^ _003CModule_003E_007Be69553f9_002Deb39_002D49cd_002D9d77_002Da4ee304d94f7_007D.m_7b86004a82fb42ee97ea7d5e58574563.m_ffc261d25c834aebbee1da6f61154719","/"
"PvfCode\ViewModels\DocumentFolder\VisualLineElementGenerators\ScriptCommentLineGenerator.cs","9836","0x6778AA65 ^ _003CModule_003E_007Be69553f9_002Deb39_002D49cd_002D9d77_002Da4ee304d94f7_007D.m_7b86004a82fb42ee97ea7d5e58574563.m_e0f0c9b53f5f4d0e88dcbb6df9cbe106","/"
"PvfCode\ViewModels\DocumentFolder\VisualLineElementGenerators\ScriptCommentLineGenerator.cs","19830","0x3D9B9D6F ^ _003CModule_003E_007Be69553f9_002Deb39_002D49cd_002D9d77_002Da4ee304d94f7_007D.m_7b86004a82fb42ee97ea7d5e58574563.m_825859c4ee504b91a6a1d6e7fabf4f01","mess_FileNotExist"
"PvfCode\ViewModels\DocumentFolder\VisualLineElementGenerators\ScriptCommentLineGenerator.cs","19830","0x30655B7C ^ _003CModule_003E_007Be69553f9_002Deb39_002D49cd_002D9d77_002Da4ee304d94f7_007D.m_7b86004a82fb42ee97ea7d5e58574563.m_add69167a2c54fe0bb2e5f0af2545839","mess_FileNotExist"
"PvfCode\ViewModels\DocumentFolder\VisualLineElementGenerators\ScriptCommentLineGenerator.cs","19830","0x42E6BB6A ^ _003CModule_003E_007Be69553f9_002Deb39_002D49cd_002D9d77_002Da4ee304d94f7_007D.m_7b86004a82fb42ee97ea7d5e58574563.m_bbd6700d16934fad8cc9f8d19544f21f","mess_FileNotExist"
"PvfCode\ViewModels\DocumentFolder\VisualLineElementGenerators\ScriptCommentLineGenerator.cs","19830","0x704E7659 ^ _003CModule_003E_007Be69553f9_002Deb39_002D49cd_002D9d77_002Da4ee304d94f7_007D.m_7b86004a82fb42ee97ea7d5e58574563.m_c4f70e4f04fd48b4b9edaf9a9b8fdeae","mess_FileNotExist"
"PvfCode\ViewModels\DocumentFolder\VisualLineElementGenerators\ScriptCommentLineGenerator.cs","19830","0x13FC0A1C ^ _003CModule_003E_007Be69553f9_002Deb39_002D49cd_002D9d77_002Da4ee304d94f7_007D.m_7b86004a82fb42ee97ea7d5e58574563.m_a7cc82b779404332a260d01290ecb801","mess_FileNotExist"
"PvfCode\ViewModels\DocumentFolder\VisualLineElementGenerators\ScriptCommentLineGenerator.cs","19830","0x89AC55F ^ _003CModule_003E_007Be69553f9_002Deb39_002D49cd_002D9d77_002Da4ee304d94f7_007D.m_7b86004a82fb42ee97ea7d5e58574563.m_cf19654829b546c5ba704a307b4e0bfa","mess_FileNotExist"
"PvfCode\ViewModels\DocumentFolder\VisualLineElementGenerators\ScriptCommentLineGenerator.cs","19830","0x41ED3684 ^ _003CModule_003E_007Be69553f9_002Deb39_002D49cd_002D9d77_002Da4ee304d94f7_007D.m_7b86004a82fb42ee97ea7d5e58574563.m_ba7ada5c647b4fc094df6608a5b444bd","mess_FileNotExist"
"PvfCode\ViewModels\DocumentFolder\VisualLineElementGenerators\ScriptCommentLineGenerator.cs","41710","0x21873B40 ^ _003CModule_003E_007Be69553f9_002Deb39_002D49cd_002D9d77_002Da4ee304d94f7_007D.m_7b86004a82fb42ee97ea7d5e58574563.m_a6871abdbd314ec9bd2de23164bed82c","String"
"PvfCode\ViewModels\DocumentFolder\VisualLineElementGenerators\ScriptCommentLineGenerator.cs","41710","0x2D9785EF ^ _003CModule_003E_007Be69553f9_002Deb39_002D49cd_002D9d77_002Da4ee304d94f7_007D.m_7b86004a82fb42ee97ea7d5e58574563.m_59a7418b35384ddea3432ed6abd3f702","String"
"PvfCode\ViewModels\DocumentFolder\VisualLineElementGenerators\ScriptCommentLineGenerator.cs","41710","0x265C8F2C ^ _003CModule_003E_007Be69553f9_002Deb39_002D49cd_002D9d77_002Da4ee304d94f7_007D.m_7b86004a82fb42ee97ea7d5e58574563.m_00f9435ae4b3435e95ad1d31b77e7a6f","String"
"PvfCode\ViewModels\DocumentFolder\VisualLineElementGenerators\ScriptCommentLineGenerator.cs","43520","0x2D978D01 ^ _003CModule_003E_007Be69553f9_002Deb39_002D49cd_002D9d77_002Da4ee304d94f7_007D.m_7b86004a82fb42ee97ea7d5e58574563.m_59a7418b35384ddea3432ed6abd3f702","Section"
"PvfCode\ViewModels\DocumentFolder\VisualLineElementGenerators\ScriptCommentLineGenerator.cs","43520","0x659EF49D ^ _003CModule_003E_007Be69553f9_002Deb39_002D49cd_002D9d77_002Da4ee304d94f7_007D.m_7b86004a82fb42ee97ea7d5e58574563.m_0cdaa8b4a2df45ea8b368477e0c569ba","Section"
"PvfCode\ViewModels\DocumentFolder\VisualLineElementGenerators\ScriptCommentLineGenerator.cs","43520","0x65E65463 ^ _003CModule_003E_007Be69553f9_002Deb39_002D49cd_002D9d77_002Da4ee304d94f7_007D.m_7b86004a82fb42ee97ea7d5e58574563.m_0a3e5af7839d43a19884f927a9769d0e","Section"
"PvfCode\ViewModels\DocumentFolder\VisualLineElementGenerators\ScriptCommentLineGenerator.cs","43538","0x218733BC ^ _003CModule_003E_007Be69553f9_002Deb39_002D49cd_002D9d77_002Da4ee304d94f7_007D.m_7b86004a82fb42ee97ea7d5e58574563.m_a6871abdbd314ec9bd2de23164bed82c","SectionEnd"
"PvfCode\ViewModels\DocumentFolder\VisualLineElementGenerators\ScriptCommentLineGenerator.cs","43538","0x19F9CED3 ^ _003CModule_003E_007Be69553f9_002Deb39_002D49cd_002D9d77_002Da4ee304d94f7_007D.m_7b86004a82fb42ee97ea7d5e58574563.m_afceaa2a86c14a5c9cf1f8f0fdd0f590","SectionEnd"
"PvfCode\ViewModels\DocumentFolder\VisualLineElementGenerators\ScriptCommentLineGenerator.cs","43538","0x4E19808B ^ _003CModule_003E_007Be69553f9_002Deb39_002D49cd_002D9d77_002Da4ee304d94f7_007D.m_7b86004a82fb42ee97ea7d5e58574563.m_24a7cb1bd49e4021b5d8fa5493d816ca","SectionEnd"
"PvfCode\ViewModels\DocumentFolder\VisualLineElementGenerators\ScriptCommentLineGenerator.cs","43562","0x2D978D2B ^ _003CModule_003E_007Be69553f9_002Deb39_002D49cd_002D9d77_002Da4ee304d94f7_007D.m_7b86004a82fb42ee97ea7d5e58574563.m_59a7418b35384ddea3432ed6abd3f702","{0}"
"PvfCode\ViewModels\DocumentFolder\VisualLineElementGenerators\ScriptCommentLineGenerator.cs","43572","0x201EFEC ^ _003CModule_003E_007Be69553f9_002Deb39_002D49cd_002D9d77_002Da4ee304d94f7_007D.m_7b86004a82fb42ee97ea7d5e58574563.m_582a7f02cd3044949cbbc8d81e970cdb",""""
"PvfCode\ViewModels\DocumentFolder\VisualLineElementGenerators\ScriptCommentLineGenerator.cs","43578","0x5DBB5A23 ^ _003CModule_003E_007Be69553f9_002Deb39_002D49cd_002D9d77_002Da4ee304d94f7_007D.m_7b86004a82fb42ee97ea7d5e58574563.m_4dccf8dd3beb468396324e307ead22cc","../"
"PvfCode\ViewModels\DocumentFolder\VisualLineElementGenerators\ScriptCommentLineGenerator.cs","43578","0x6D2698F4 ^ _003CModule_003E_007Be69553f9_002Deb39_002D49cd_002D9d77_002Da4ee304d94f7_007D.m_7b86004a82fb42ee97ea7d5e58574563.m_a1b83f1dd0754677898be265fae789c4","../"
"PvfCode\ViewModels\DocumentFolder\VisualLineElementGenerators\ScriptCommentLineGenerator.cs","43578","0x11B9B516 ^ _003CModule_003E_007Be69553f9_002Deb39_002D49cd_002D9d77_002Da4ee304d94f7_007D.m_7b86004a82fb42ee97ea7d5e58574563.m_39a59c8c3fda4dbdaaf2213c010b00a8","../"
"PvfCode\ViewModels\DocumentFolder\VisualLineElementGenerators\ScriptCommentLineGenerator.cs","43588","0x2B2E1432 ^ _003CModule_003E_007Be69553f9_002Deb39_002D49cd_002D9d77_002Da4ee304d94f7_007D.m_7b86004a82fb42ee97ea7d5e58574563.m_5b1a4905efa74bdd971c79e2845c55df","sqr/"
"PvfCode\ViewModels\DocumentFolder\VisualLineElementGenerators\ScriptCommentLineGenerator.cs","43600","0x218733FE ^ _003CModule_003E_007Be69553f9_002Deb39_002D49cd_002D9d77_002Da4ee304d94f7_007D.m_7b86004a82fb42ee97ea7d5e58574563.m_a6871abdbd314ec9bd2de23164bed82c",".img"
"PvfCode\ViewModels\DocumentFolder\VisualLineElementGenerators\ScriptCommentLineGenerator.cs","43600","0x67782659 ^ _003CModule_003E_007Be69553f9_002Deb39_002D49cd_002D9d77_002Da4ee304d94f7_007D.m_7b86004a82fb42ee97ea7d5e58574563.m_e0f0c9b53f5f4d0e88dcbb6df9cbe106",".img"
"PvfCode\ViewModels\DocumentFolder\VisualLineElementGenerators\ScriptCommentLineGenerator.cs","43612","0x2E4BBF27 ^ _003CModule_003E_007Be69553f9_002Deb39_002D49cd_002D9d77_002Da4ee304d94f7_007D.m_7b86004a82fb42ee97ea7d5e58574563.m_3f6f6322abdc4634a39525b5eb1c92fd","\.\./"
"PvfCode\ViewModels\DocumentFolder\VisualLineElementGenerators\ScriptCommentLineGenerator.cs","43626","0x10185939 ^ _003CModule_003E_007Be69553f9_002Deb39_002D49cd_002D9d77_002Da4ee304d94f7_007D.m_7b86004a82fb42ee97ea7d5e58574563.m_80f251012e8548e0baf3267defb3d706",".map"
"PvfCode\ViewModels\DocumentFolder\VisualLineElementGenerators\ScriptCommentLineGenerator.cs","43638","1503723328 ^ 0x5BA110EE ^ _003CModule_003E_007Be69553f9_002Deb39_002D49cd_002D9d77_002Da4ee304d94f7_007D.m_7b86004a82fb42ee97ea7d5e58574563.m_582a7f02cd3044949cbbc8d81e970cdb","map/"
"PvfCode\ViewModels\DocumentFolder\VisualLineElementGenerators\ScriptCommentLineGenerator.cs","43650","0x6D26984C ^ _003CModule_003E_007Be69553f9_002Deb39_002D49cd_002D9d77_002Da4ee304d94f7_007D.m_7b86004a82fb42ee97ea7d5e58574563.m_a1b83f1dd0754677898be265fae789c4","/(r)"
"PvfCode\ViewModels\DocumentFolder\VisualLineElementGenerators\ScriptCommentLineGenerator.cs","43662","0xB8B871F ^ _003CModule_003E_007Be69553f9_002Deb39_002D49cd_002D9d77_002Da4ee304d94f7_007D.m_7b86004a82fb42ee97ea7d5e58574563.m_e066a82cd08141c08d4817f20a7d29f3","HoverHyperLinkGroup.ScriptGoToFile"
"PvfCode\ViewModels\DocumentFolder\VisualLineElementGenerators\ScriptCommentLineGenerator.cs","43734","-1863606693 ^ -1144681733 ^ _003CModule_003E_007Be69553f9_002Deb39_002D49cd_002D9d77_002Da4ee304d94f7_007D.m_7b86004a82fb42ee97ea7d5e58574563.m_5b1a4905efa74bdd971c79e2845c55df","%04d"
"PvfCode\ViewModels\DocumentFolder\VisualLineElementGenerators\ScriptCommentLineGenerator.cs","43746","0x3065BCE8 ^ _003CModule_003E_007Be69553f9_002Deb39_002D49cd_002D9d77_002Da4ee304d94f7_007D.m_7b86004a82fb42ee97ea7d5e58574563.m_add69167a2c54fe0bb2e5f0af2545839","0001"
"PvfCode\ViewModels\DocumentFolder\VisualLineElementGenerators\ScriptCommentLineGenerator.cs","43746","352137165 ^ 0x77918725 ^ _003CModule_003E_007Be69553f9_002Deb39_002D49cd_002D9d77_002Da4ee304d94f7_007D.m_7b86004a82fb42ee97ea7d5e58574563.m_972142dcef4a4cfba572768c2212069f","0001"
"PvfCode\ViewModels\DocumentFolder\VisualLineElementGenerators\ScriptCommentLineGenerator.cs","43758","0x51F79D2F ^ _003CModule_003E_007Be69553f9_002Deb39_002D49cd_002D9d77_002Da4ee304d94f7_007D.m_7b86004a82fb42ee97ea7d5e58574563.m_c14a170a5a60490084306350f271c7f1","%02d%02d"
"PvfCode\ViewModels\DocumentFolder\VisualLineElementGenerators\SectionCommentElementGenerator.cs","3902","0x4D23D285 ^ _003CModule_003E_007Be69553f9_002Deb39_002D49cd_002D9d77_002Da4ee304d94f7_007D.m_7b86004a82fb42ee97ea7d5e58574563.m_5924bd2461b7415baa9211b5f1cb71b2","`"
"PvfCode\ViewModels\DocumentFolder\VisualLineElementGenerators\SectionCommentElementGenerator.cs","3902","0x9330E89 ^ _003CModule_003E_007Be69553f9_002Deb39_002D49cd_002D9d77_002Da4ee304d94f7_007D.m_7b86004a82fb42ee97ea7d5e58574563.m_a47e9e4bf3624e7291689f8fb4b10989","`"
"PvfCode\ViewModels\DocumentFolder\VisualLineElementGenerators\SectionCommentElementGenerator.cs","43020","0x659EF691 ^ _003CModule_003E_007Be69553f9_002Deb39_002D49cd_002D9d77_002Da4ee304d94f7_007D.m_7b86004a82fb42ee97ea7d5e58574563.m_0cdaa8b4a2df45ea8b368477e0c569ba","n_string.lst"
"PvfCode\ViewModels\DocumentFolder\VisualLineElementGenerators\TruncateLongLines.cs","43778","0x13FCEC68 ^ _003CModule_003E_007Be69553f9_002Deb39_002D49cd_002D9d77_002Da4ee304d94f7_007D.m_7b86004a82fb42ee97ea7d5e58574563.m_a7cc82b779404332a260d01290ecb801","TruncateLongLines_ellipsis"
"PvfCode\ViewModels\Game\BigInteger.cs","35342","0x4E19A097 ^ _003CModule_003E_007Be69553f9_002Deb39_002D49cd_002D9d77_002Da4ee304d94f7_007D.m_7b86004a82fb42ee97ea7d5e58574563.m_24a7cb1bd49e4021b5d8fa5493d816ca","0"
"PvfCode\ViewModels\Game\BigInteger.cs","38662","0xB1DB1BE ^ _003CModule_003E_007Be69553f9_002Deb39_002D49cd_002D9d77_002Da4ee304d94f7_007D.m_7b86004a82fb42ee97ea7d5e58574563.m_df89dfc2a96347ad9471b517744dea02","Positive overflow in constructor."
"PvfCode\ViewModels\Game\BigInteger.cs","38662","0x636C950C ^ _003CModule_003E_007Be69553f9_002Deb39_002D49cd_002D9d77_002Da4ee304d94f7_007D.m_7b86004a82fb42ee97ea7d5e58574563.m_972142dcef4a4cfba572768c2212069f","Positive overflow in constructor."
"PvfCode\ViewModels\Game\BigInteger.cs","38662","0x19F9F3C7 ^ _003CModule_003E_007Be69553f9_002Deb39_002D49cd_002D9d77_002Da4ee304d94f7_007D.m_7b86004a82fb42ee97ea7d5e58574563.m_afceaa2a86c14a5c9cf1f8f0fdd0f590","Positive overflow in constructor."
"PvfCode\ViewModels\Game\BigInteger.cs","38732","-1863606693 ^ -1055113514 ^ _003CModule_003E_007Be69553f9_002Deb39_002D49cd_002D9d77_002Da4ee304d94f7_007D.m_7b86004a82fb42ee97ea7d5e58574563.m_c14a170a5a60490084306350f271c7f1","Negative underflow in constructor."
"PvfCode\ViewModels\Game\BigInteger.cs","38732","0x1018641F ^ _003CModule_003E_007Be69553f9_002Deb39_002D49cd_002D9d77_002Da4ee304d94f7_007D.m_7b86004a82fb42ee97ea7d5e58574563.m_80f251012e8548e0baf3267defb3d706","Negative underflow in constructor."
"PvfCode\ViewModels\Game\BigInteger.cs","38804","0x690E76B6 ^ _003CModule_003E_007Be69553f9_002Deb39_002D49cd_002D9d77_002Da4ee304d94f7_007D.m_7b86004a82fb42ee97ea7d5e58574563.m_864fc4c2b93e4f099c2c07aa23d782f6","Invalid string in constructor."
"PvfCode\ViewModels\Game\BigInteger.cs","38868","0x704EACFB ^ _003CModule_003E_007Be69553f9_002Deb39_002D49cd_002D9d77_002Da4ee304d94f7_007D.m_7b86004a82fb42ee97ea7d5e58574563.m_c4f70e4f04fd48b4b9edaf9a9b8fdeae","Byte overflow in constructor."
"PvfCode\ViewModels\Game\BigInteger.cs","38868","0x2B2E29A2 ^ _003CModule_003E_007Be69553f9_002Deb39_002D49cd_002D9d77_002Da4ee304d94f7_007D.m_7b86004a82fb42ee97ea7d5e58574563.m_5b1a4905efa74bdd971c79e2845c55df","Byte overflow in constructor."
"PvfCode\ViewModels\Game\BigInteger.cs","38930","0x636C9A18 ^ _003CModule_003E_007Be69553f9_002Deb39_002D49cd_002D9d77_002Da4ee304d94f7_007D.m_7b86004a82fb42ee97ea7d5e58574563.m_972142dcef4a4cfba572768c2212069f","Overflow in ++."
"PvfCode\ViewModels\Game\BigInteger.cs","38964","-1904881294 ^ -928032689 ^ _003CModule_003E_007Be69553f9_002Deb39_002D49cd_002D9d77_002Da4ee304d94f7_007D.m_7b86004a82fb42ee97ea7d5e58574563.m_34a93bd635aa4a0cb45ae24212f58e0f","Underflow in --."
"PvfCode\ViewModels\Game\BigInteger.cs","39000","0x3CA9268B ^ _003CModule_003E_007Be69553f9_002Deb39_002D49cd_002D9d77_002Da4ee304d94f7_007D.m_7b86004a82fb42ee97ea7d5e58574563.m_c10a6115b19c4927ae8ffc79f8f16dfb","Multiplication overflow."
"PvfCode\ViewModels\Game\BigInteger.cs","39000","0x622F1AFA ^ _003CModule_003E_007Be69553f9_002Deb39_002D49cd_002D9d77_002Da4ee304d94f7_007D.m_7b86004a82fb42ee97ea7d5e58574563.m_41a03ba455a9468b9050278ae77448e1","Multiplication overflow."
"PvfCode\ViewModels\Game\BigInteger.cs","39052","0x67781485 ^ _003CModule_003E_007Be69553f9_002Deb39_002D49cd_002D9d77_002Da4ee304d94f7_007D.m_7b86004a82fb42ee97ea7d5e58574563.m_e0f0c9b53f5f4d0e88dcbb6df9cbe106","Overflow in negation.
"
"PvfCode\ViewModels\Game\BigInteger.cs","39100","-1904881294 ^ -1904730063 ^ _003CModule_003E_007Be69553f9_002Deb39_002D49cd_002D9d77_002Da4ee304d94f7_007D.m_7b86004a82fb42ee97ea7d5e58574563.m_ffc261d25c834aebbee1da6f61154719","Radix must be >= 2 and <= 36"
"PvfCode\ViewModels\Game\BigInteger.cs","39160","0x89A10D1 ^ _003CModule_003E_007Be69553f9_002Deb39_002D49cd_002D9d77_002Da4ee304d94f7_007D.m_7b86004a82fb42ee97ea7d5e58574563.m_cf19654829b546c5ba704a307b4e0bfa","ABCDEFGHIJKLMNOPQRSTUVWXYZ"
"PvfCode\ViewModels\Game\BigInteger.cs","39216","0x7C0F87D2 ^ _003CModule_003E_007Be69553f9_002Deb39_002D49cd_002D9d77_002Da4ee304d94f7_007D.m_7b86004a82fb42ee97ea7d5e58574563.m_2bc1918cd21d40e9b73926d6c2cbc512","-"
"PvfCode\ViewModels\Game\BigInteger.cs","39222","0xB8BB4A7 ^ _003CModule_003E_007Be69553f9_002Deb39_002D49cd_002D9d77_002Da4ee304d94f7_007D.m_7b86004a82fb42ee97ea7d5e58574563.m_e066a82cd08141c08d4817f20a7d29f3","X"
"PvfCode\ViewModels\Game\BigInteger.cs","39228","0x65E6675F ^ _003CModule_003E_007Be69553f9_002Deb39_002D49cd_002D9d77_002Da4ee304d94f7_007D.m_7b86004a82fb42ee97ea7d5e58574563.m_0a3e5af7839d43a19884f927a9769d0e","X8"
"PvfCode\ViewModels\Game\BigInteger.cs","39236","0x70CCE4B8 ^ _003CModule_003E_007Be69553f9_002Deb39_002D49cd_002D9d77_002Da4ee304d94f7_007D.m_7b86004a82fb42ee97ea7d5e58574563.m_ee8424bd48bb442e9a823a15df5a62b4","Positive exponents only."
"PvfCode\ViewModels\Game\BigInteger.cs","39288","0x659EC7E5 ^ _003CModule_003E_007Be69553f9_002Deb39_002D49cd_002D9d77_002Da4ee304d94f7_007D.m_7b86004a82fb42ee97ea7d5e58574563.m_0cdaa8b4a2df45ea8b368477e0c569ba","Number of required bits is not valid."
"PvfCode\ViewModels\Game\BigInteger.cs","39288","0x70D144DC ^ _003CModule_003E_007Be69553f9_002Deb39_002D49cd_002D9d77_002Da4ee304d94f7_007D.m_7b86004a82fb42ee97ea7d5e58574563.m_541fbf15174a41ce952b7916fd6276fe","Number of required bits is not valid."
"PvfCode\ViewModels\Game\BigInteger.cs","39366","0x19F9FD07 ^ _003CModule_003E_007Be69553f9_002Deb39_002D49cd_002D9d77_002Da4ee304d94f7_007D.m_7b86004a82fb42ee97ea7d5e58574563.m_afceaa2a86c14a5c9cf1f8f0fdd0f590","Jacobi defined only for odd integers."
"PvfCode\ViewModels\Game\BigInteger.cs","39444","0xB1DBCAC ^ _003CModule_003E_007Be69553f9_002Deb39_002D49cd_002D9d77_002Da4ee304d94f7_007D.m_7b86004a82fb42ee97ea7d5e58574563.m_df89dfc2a96347ad9471b517744dea02","No inverse!"
"PvfCode\ViewModels\Game\BigInteger.cs","39470","0x622F188C ^ _003CModule_003E_007Be69553f9_002Deb39_002D49cd_002D9d77_002Da4ee304d94f7_007D.m_7b86004a82fb42ee97ea7d5e58574563.m_41a03ba455a9468b9050278ae77448e1","Argument k must be odd."
"PvfCode\ViewModels\Game\GameLoginViewModel.cs","16082","0x385526A7 ^ _003CModule_003E_007Be69553f9_002Deb39_002D49cd_002D9d77_002Da4ee304d94f7_007D.m_7b86004a82fb42ee97ea7d5e58574563.m_0273572c23d24952bbcc01600fea0084","dnf.exe"
"PvfCode\ViewModels\Game\GameLoginViewModel.cs","16082","0x51F1EB1E ^ _003CModule_003E_007Be69553f9_002Deb39_002D49cd_002D9d77_002Da4ee304d94f7_007D.m_7b86004a82fb42ee97ea7d5e58574563.m_e9daf7d92d7e4446976bda811e90502a","dnf.exe"
"PvfCode\ViewModels\Game\GameLoginViewModel.cs","39228","0x659EC7A1 ^ _003CModule_003E_007Be69553f9_002Deb39_002D49cd_002D9d77_002Da4ee304d94f7_007D.m_7b86004a82fb42ee97ea7d5e58574563.m_0cdaa8b4a2df45ea8b368477e0c569ba","X8"
"PvfCode\ViewModels\Game\GameLoginViewModel.cs","39520","0x4BA028A4 ^ _003CModule_003E_007Be69553f9_002Deb39_002D49cd_002D9d77_002Da4ee304d94f7_007D.m_7b86004a82fb42ee97ea7d5e58574563.m_d6a39a5ddb584a4d998858fb4ceeb027","1FFFFFFFFFFFFFFFFFFFFFFFFFFFFFFFFFFFFFFFFFFFFFFFFFFFFFFFFFFFFFFFFFFFFFFFFFFFFFFFFFFFFFFFFFFFFFFFFFFFFFFFFFFFFFFFFFFFFFFFFFFFFFFFFFFFFFFFFFFFFFFFFFFFFFFFFFFFFFFFFFFFFFFFFFFFFFFFFFFFFFFFFFFFFFFFFFFFFFFFFFFFFFFFFFFFFFFFFFFFFFFFFFFFFFFFFFFFFFFFFFFFFFFFFFFFFFFFFFFFFFFFFFFFFFFFFFFFFFFFFFFFFFFFFFFFFFFFFFFFFFFFFFFFFFFFFFFFFFFFFFFFFFFFFFFFFFFFFFFFFFFFFFFFFFFFFFFFFFFFFFFFFFFFFFFFFFFFFFFFFFFFFFFFFFFFFFFFFFFFFFFFFFFFFFFFFFF00"
"PvfCode\ViewModels\Game\GameLoginViewModel.cs","40358","0x659EC33B ^ _003CModule_003E_007Be69553f9_002Deb39_002D49cd_002D9d77_002Da4ee304d94f7_007D.m_7b86004a82fb42ee97ea7d5e58574563.m_0cdaa8b4a2df45ea8b368477e0c569ba","010101010101010101010101010101010101010101010101010101010101010155914510010403030101"
"PvfCode\ViewModels\Game\GameLoginViewModel.cs","40530","0x5D5FD9ED ^ _003CModule_003E_007Be69553f9_002Deb39_002D49cd_002D9d77_002Da4ee304d94f7_007D.m_7b86004a82fb42ee97ea7d5e58574563.m_a471290541044d3bb697860b55cc6bc1","dnf"
"PvfCode\ViewModels\Game\GameLoginViewModel.cs","40530","-985766894 ^ -264768679 ^ _003CModule_003E_007Be69553f9_002Deb39_002D49cd_002D9d77_002Da4ee304d94f7_007D.m_7b86004a82fb42ee97ea7d5e58574563.m_c3720eb655124e6e81b317ef170605cd","dnf"
"PvfCode\ViewModels\Game\GameLoginViewModel.cs","40540","0xB1DB8E4 ^ _003CModule_003E_007Be69553f9_002Deb39_002D49cd_002D9d77_002Da4ee304d94f7_007D.m_7b86004a82fb42ee97ea7d5e58574563.m_df89dfc2a96347ad9471b517744dea02","mess_PleaseSetPrivateKeyInLoginSetting"
"PvfCode\ViewModels\Game\GameLoginViewModel.cs","40620","0x42E668B0 ^ _003CModule_003E_007Be69553f9_002Deb39_002D49cd_002D9d77_002Da4ee304d94f7_007D.m_7b86004a82fb42ee97ea7d5e58574563.m_bbd6700d16934fad8cc9f8d19544f21f","mess_GenerateLoginParamError"
"PvfCode\ViewModels\Game\GameLoginViewModel.cs","40680","0x659EC075 ^ _003CModule_003E_007Be69553f9_002Deb39_002D49cd_002D9d77_002Da4ee304d94f7_007D.m_7b86004a82fb42ee97ea7d5e58574563.m_0cdaa8b4a2df45ea8b368477e0c569ba","pemFileConent"
"PvfCode\ViewModels\Game\GameLoginViewModel.cs","40710","0xB1DB9BE ^ _003CModule_003E_007Be69553f9_002Deb39_002D49cd_002D9d77_002Da4ee304d94f7_007D.m_7b86004a82fb42ee97ea7d5e58574563.m_df89dfc2a96347ad9471b517744dea02","This arg cann't be empty."
"PvfCode\ViewModels\Game\GameLoginViewModel.cs","40764","0x5FF2769D ^ _003CModule_003E_007Be69553f9_002Deb39_002D49cd_002D9d77_002Da4ee304d94f7_007D.m_7b86004a82fb42ee97ea7d5e58574563.m_558c76f87bdc4d51a68101d12bccb609","-----BEGIN RSA PRIVATE KEY-----"
"PvfCode\ViewModels\Game\GameLoginViewModel.cs","40830","0x30658974 ^ _003CModule_003E_007Be69553f9_002Deb39_002D49cd_002D9d77_002Da4ee304d94f7_007D.m_7b86004a82fb42ee97ea7d5e58574563.m_add69167a2c54fe0bb2e5f0af2545839","-----END RSA PRIVATE KEY-----"
"PvfCode\ViewModels\Game\GameLoginViewModel.cs","40892","0x385587C9 ^ _003CModule_003E_007Be69553f9_002Deb39_002D49cd_002D9d77_002Da4ee304d94f7_007D.m_7b86004a82fb42ee97ea7d5e58574563.m_0273572c23d24952bbcc01600fea0084","
"
"PvfCode\ViewModels\Game\GameLoginViewModel.cs","40898","0x51F7A803 ^ _003CModule_003E_007Be69553f9_002Deb39_002D49cd_002D9d77_002Da4ee304d94f7_007D.m_7b86004a82fb42ee97ea7d5e58574563.m_c14a170a5a60490084306350f271c7f1",""
"PvfCode\ViewModels\Game\GameLoginViewModel.cs","41558","0x5D5FE5E9 ^ _003CModule_003E_007Be69553f9_002Deb39_002D49cd_002D9d77_002Da4ee304d94f7_007D.m_7b86004a82fb42ee97ea7d5e58574563.m_a471290541044d3bb697860b55cc6bc1","mess_PathNotExist"
"PvfCode\ViewModels\Game\GameLoginViewModel.cs","80602","0x659F6447 ^ _003CModule_003E_007Be69553f9_002Deb39_002D49cd_002D9d77_002Da4ee304d94f7_007D.m_7b86004a82fb42ee97ea7d5e58574563.m_0cdaa8b4a2df45ea8b368477e0c569ba","mess_LoginUIDNotSet"
"PvfCode\ViewModels\Game\GameLoginViewModel.cs","80644","0x6779B70D ^ _003CModule_003E_007Be69553f9_002Deb39_002D49cd_002D9d77_002Da4ee304d94f7_007D.m_7b86004a82fb42ee97ea7d5e58574563.m_e0f0c9b53f5f4d0e88dcbb6df9cbe106","mess_PleaseSetClientDirInLoginSetting"
"PvfCode\ViewModels\Game\GameLoginViewModel.cs","80644","0x9323AB3 ^ _003CModule_003E_007Be69553f9_002Deb39_002D49cd_002D9d77_002Da4ee304d94f7_007D.m_7b86004a82fb42ee97ea7d5e58574563.m_a47e9e4bf3624e7291689f8fb4b10989","mess_PleaseSetClientDirInLoginSetting"
"PvfCode\ViewModels\Game\GameLoginViewModel.cs","80722","0x2D961C53 ^ _003CModule_003E_007Be69553f9_002Deb39_002D49cd_002D9d77_002Da4ee304d94f7_007D.m_7b86004a82fb42ee97ea7d5e58574563.m_59a7418b35384ddea3432ed6abd3f702","mess_NotFoundDNFExe"
"PvfCode\ViewModels\Game\GameLoginViewModel.cs","80764","0x636D3976 ^ _003CModule_003E_007Be69553f9_002Deb39_002D49cd_002D9d77_002Da4ee304d94f7_007D.m_7b86004a82fb42ee97ea7d5e58574563.m_972142dcef4a4cfba572768c2212069f","mess_LoginLoading"
"PvfCode\ViewModels\Game\GameLoginViewModel.cs","80764","0x9323ACB ^ _003CModule_003E_007Be69553f9_002Deb39_002D49cd_002D9d77_002Da4ee304d94f7_007D.m_7b86004a82fb42ee97ea7d5e58574563.m_a47e9e4bf3624e7291689f8fb4b10989","mess_LoginLoading"
"PvfCode\ViewModels\Game\GameLoginViewModel.cs","80802","0xC525D ^ _003CModule_003E_007Be69553f9_002Deb39_002D49cd_002D9d77_002Da4ee304d94f7_007D.m_7b86004a82fb42ee97ea7d5e58574563.m_ffc261d25c834aebbee1da6f61154719","mess_PleaseLoadPvfPackWhenStartUp"
"PvfCode\ViewModels\Game\GameLoginViewModel.cs","85512","0x5FF3A7A9 ^ _003CModule_003E_007Be69553f9_002Deb39_002D49cd_002D9d77_002Da4ee304d94f7_007D.m_7b86004a82fb42ee97ea7d5e58574563.m_558c76f87bdc4d51a68101d12bccb609","script.pvf"
"PvfCode\ViewModels\GameImageExtract\GameImageExtractViewModel.cs","9830","0x46DA376F ^ _003CModule_003E_007Be69553f9_002Deb39_002D49cd_002D9d77_002Da4ee304d94f7_007D.m_7b86004a82fb42ee97ea7d5e58574563.m_34a93bd635aa4a0cb45ae24212f58e0f","\"
"PvfCode\ViewModels\GameImageExtract\GameImageExtractViewModel.cs","9830","0x6778AA6F ^ _003CModule_003E_007Be69553f9_002Deb39_002D49cd_002D9d77_002Da4ee304d94f7_007D.m_7b86004a82fb42ee97ea7d5e58574563.m_e0f0c9b53f5f4d0e88dcbb6df9cbe106","\"
"PvfCode\ViewModels\GameImageExtract\GameImageExtractViewModel.cs","9836","0x6778AA65 ^ _003CModule_003E_007Be69553f9_002Deb39_002D49cd_002D9d77_002Da4ee304d94f7_007D.m_7b86004a82fb42ee97ea7d5e58574563.m_e0f0c9b53f5f4d0e88dcbb6df9cbe106","/"
"PvfCode\ViewModels\GameImageExtract\GameImageExtractViewModel.cs","9836","-985766894 ^ -871545911 ^ _003CModule_003E_007Be69553f9_002Deb39_002D49cd_002D9d77_002Da4ee304d94f7_007D.m_7b86004a82fb42ee97ea7d5e58574563.m_a47e9e4bf3624e7291689f8fb4b10989","/"
"PvfCode\ViewModels\GameImageExtract\GameImageExtractViewModel.cs","10772","0xF028204 ^ _003CModule_003E_007Be69553f9_002Deb39_002D49cd_002D9d77_002Da4ee304d94f7_007D.m_7b86004a82fb42ee97ea7d5e58574563.m_e5d5198bec9744b280b22d7dede4d8ad",","
"PvfCode\ViewModels\GameImageExtract\GameImageExtractViewModel.cs","10772","0x4BA098D0 ^ _003CModule_003E_007Be69553f9_002Deb39_002D49cd_002D9d77_002Da4ee304d94f7_007D.m_7b86004a82fb42ee97ea7d5e58574563.m_d6a39a5ddb584a4d998858fb4ceeb027",","
"PvfCode\ViewModels\GameImageExtract\GameImageExtractViewModel.cs","19478","0x47B951F3 ^ _003CModule_003E_007Be69553f9_002Deb39_002D49cd_002D9d77_002Da4ee304d94f7_007D.m_7b86004a82fb42ee97ea7d5e58574563.m_0bd286ac068745bfb29b92d10b515130","["
"PvfCode\ViewModels\GameImageExtract\GameImageExtractViewModel.cs","19478","0xB8B6187 ^ _003CModule_003E_007Be69553f9_002Deb39_002D49cd_002D9d77_002Da4ee304d94f7_007D.m_7b86004a82fb42ee97ea7d5e58574563.m_e066a82cd08141c08d4817f20a7d29f3","["
"PvfCode\ViewModels\GameImageExtract\GameImageExtractViewModel.cs","19484","0x3CA9F2CF ^ _003CModule_003E_007Be69553f9_002Deb39_002D49cd_002D9d77_002Da4ee304d94f7_007D.m_7b86004a82fb42ee97ea7d5e58574563.m_c10a6115b19c4927ae8ffc79f8f16dfb","]"
"PvfCode\ViewModels\GameImageExtract\GameImageExtractViewModel.cs","19484","0x662D8D2C ^ _003CModule_003E_007Be69553f9_002Deb39_002D49cd_002D9d77_002Da4ee304d94f7_007D.m_7b86004a82fb42ee97ea7d5e58574563.m_1e27397300b24ef4ba98a645a53798c2","]"
"PvfCode\ViewModels\GameImageExtract\GameImageExtractViewModel.cs","40530","0x6C4C7BF2 ^ _003CModule_003E_007Be69553f9_002Deb39_002D49cd_002D9d77_002Da4ee304d94f7_007D.m_7b86004a82fb42ee97ea7d5e58574563.m_c4ac9f35eb704455b489a780e86cf909","dnf"
"PvfCode\ViewModels\GameImageExtract\GameImageExtractViewModel.cs","40530","0x622F1CF0 ^ _003CModule_003E_007Be69553f9_002Deb39_002D49cd_002D9d77_002Da4ee304d94f7_007D.m_7b86004a82fb42ee97ea7d5e58574563.m_41a03ba455a9468b9050278ae77448e1","dnf"
"PvfCode\ViewModels\GameImageExtract\GameImageExtractViewModel.cs","40530","0x7A7E63EE ^ _003CModule_003E_007Be69553f9_002Deb39_002D49cd_002D9d77_002Da4ee304d94f7_007D.m_7b86004a82fb42ee97ea7d5e58574563.m_22c98bd810e84970b541501ace0b424a","dnf"
"PvfCode\ViewModels\GameImageExtract\GameImageExtractViewModel.cs","40904","0xB1DB970 ^ _003CModule_003E_007Be69553f9_002Deb39_002D49cd_002D9d77_002Da4ee304d94f7_007D.m_7b86004a82fb42ee97ea7d5e58574563.m_df89dfc2a96347ad9471b517744dea02","----"
"PvfCode\ViewModels\GameImageExtract\GameImageExtractViewModel.cs","40904","0x25C08A5F ^ _003CModule_003E_007Be69553f9_002Deb39_002D49cd_002D9d77_002Da4ee304d94f7_007D.m_7b86004a82fb42ee97ea7d5e58574563.m_c8944dd9ca4b4079b8678bce0630ff7d","----"
"PvfCode\ViewModels\GameImageExtract\GameImageExtractViewModel.cs","40904","1437138932 ^ 0x29A77EDE ^ _003CModule_003E_007Be69553f9_002Deb39_002D49cd_002D9d77_002Da4ee304d94f7_007D.m_7b86004a82fb42ee97ea7d5e58574563.m_2bc1918cd21d40e9b73926d6c2cbc512","----"
"PvfCode\ViewModels\GameImageExtract\GameImageExtractViewModel.cs","40904","0x622F1D6A ^ _003CModule_003E_007Be69553f9_002Deb39_002D49cd_002D9d77_002Da4ee304d94f7_007D.m_7b86004a82fb42ee97ea7d5e58574563.m_41a03ba455a9468b9050278ae77448e1","----"
"PvfCode\ViewModels\GameImageExtract\GameImageExtractViewModel.cs","40916","0x6D26AD1A ^ _003CModule_003E_007Be69553f9_002Deb39_002D49cd_002D9d77_002Da4ee304d94f7_007D.m_7b86004a82fb42ee97ea7d5e58574563.m_a1b83f1dd0754677898be265fae789c4","sprite/"
"PvfCode\ViewModels\GameImageExtract\GameImageExtractViewModel.cs","40934","0x768A6660 ^ _003CModule_003E_007Be69553f9_002Deb39_002D49cd_002D9d77_002Da4ee304d94f7_007D.m_7b86004a82fb42ee97ea7d5e58574563.m_5f32481f68ae4c7eaeea7ec68a5ff47b","没有找到进程:dontstarve_steam,请先启动后,再使用该功能"
"PvfCode\ViewModels\GameImageExtract\GameImageExtractViewModel.cs","41010","0x527A06E0 ^ _003CModule_003E_007Be69553f9_002Deb39_002D49cd_002D9d77_002Da4ee304d94f7_007D.m_7b86004a82fb42ee97ea7d5e58574563.m_cb81f441a98e4bd493b61df435bbdbdb","321asd4"
"PvfCode\ViewModels\GameImageExtract\GameImageExtractViewModel.cs","41028","0x2D978745 ^ _003CModule_003E_007Be69553f9_002Deb39_002D49cd_002D9d77_002Da4ee304d94f7_007D.m_7b86004a82fb42ee97ea7d5e58574563.m_59a7418b35384ddea3432ed6abd3f702","SendMessageA"
"PvfCode\ViewModels\GameImageExtract\GameImageExtractViewModel.cs","41056","0x46DAB169 ^ _003CModule_003E_007Be69553f9_002Deb39_002D49cd_002D9d77_002Da4ee304d94f7_007D.m_7b86004a82fb42ee97ea7d5e58574563.m_34a93bd635aa4a0cb45ae24212f58e0f","Vtableaddre:{0:x}"
"PvfCode\ViewModels\GameImageExtract\GameImageExtractViewModel.cs","41094","0x2D978787 ^ _003CModule_003E_007Be69553f9_002Deb39_002D49cd_002D9d77_002Da4ee304d94f7_007D.m_7b86004a82fb42ee97ea7d5e58574563.m_59a7418b35384ddea3432ed6abd3f702","allo:{0:x}"
"PvfCode\ViewModels\GameImageExtract\GameImageExtractViewModel.cs","41118","0x5DBB5087 ^ _003CModule_003E_007Be69553f9_002Deb39_002D49cd_002D9d77_002Da4ee304d94f7_007D.m_7b86004a82fb42ee97ea7d5e58574563.m_4dccf8dd3beb468396324e307ead22cc"," "
"PvfCode\ViewModels\GameImageExtract\GameImageExtractViewModel.cs","41118","0x659EFE03 ^ _003CModule_003E_007Be69553f9_002Deb39_002D49cd_002D9d77_002Da4ee304d94f7_007D.m_7b86004a82fb42ee97ea7d5e58574563.m_0cdaa8b4a2df45ea8b368477e0c569ba"," "
"PvfCode\ViewModels\GameImageExtract\GameImageExtractViewModel.cs","41118","0x65E65EFD ^ _003CModule_003E_007Be69553f9_002Deb39_002D49cd_002D9d77_002Da4ee304d94f7_007D.m_7b86004a82fb42ee97ea7d5e58574563.m_0a3e5af7839d43a19884f927a9769d0e"," "
"PvfCode\ViewModels\GameImageExtract\GameImageExtractViewModel.cs","41124","0x67782CAD ^ _003CModule_003E_007Be69553f9_002Deb39_002D49cd_002D9d77_002Da4ee304d94f7_007D.m_7b86004a82fb42ee97ea7d5e58574563.m_e0f0c9b53f5f4d0e88dcbb6df9cbe106","："
"PvfCode\ViewModels\GameImageExtract\GameImageExtractViewModel.cs","41124","0x704E9B8B ^ _003CModule_003E_007Be69553f9_002Deb39_002D49cd_002D9d77_002Da4ee304d94f7_007D.m_7b86004a82fb42ee97ea7d5e58574563.m_c4f70e4f04fd48b4b9edaf9a9b8fdeae","："
"PvfCode\ViewModels\GameImageExtract\GameImageExtractViewModel.cs","41130","1437138932 ^ 0x36C45D54 ^ _003CModule_003E_007Be69553f9_002Deb39_002D49cd_002D9d77_002Da4ee304d94f7_007D.m_7b86004a82fb42ee97ea7d5e58574563.m_972142dcef4a4cfba572768c2212069f","USER32.DLL"
"PvfCode\ViewModels\GameImageExtract\GameImageExtractViewModel.cs","41154","0x6D26920C ^ _003CModule_003E_007Be69553f9_002Deb39_002D49cd_002D9d77_002Da4ee304d94f7_007D.m_7b86004a82fb42ee97ea7d5e58574563.m_a1b83f1dd0754677898be265fae789c4","user32.dll"
"PvfCode\ViewModels\GMTool\GMToolMainViewModel.cs","24468","0x46DA4E9D ^ _003CModule_003E_007Be69553f9_002Deb39_002D49cd_002D9d77_002Da4ee304d94f7_007D.m_7b86004a82fb42ee97ea7d5e58574563.m_34a93bd635aa4a0cb45ae24212f58e0f","equipment"
"PvfCode\ViewModels\GMTool\GMToolMainViewModel.cs","24490","0x7C0F4148 ^ _003CModule_003E_007Be69553f9_002Deb39_002D49cd_002D9d77_002Da4ee304d94f7_007D.m_7b86004a82fb42ee97ea7d5e58574563.m_2bc1918cd21d40e9b73926d6c2cbc512","stackable"
"PvfCode\ViewModels\GMTool\GMToolMainViewModel.cs","38578","0x89A1E9B ^ _003CModule_003E_007Be69553f9_002Deb39_002D49cd_002D9d77_002Da4ee304d94f7_007D.m_7b86004a82fb42ee97ea7d5e58574563.m_cf19654829b546c5ba704a307b4e0bfa","/Images/Pngs/DnfCharacDefaultIcon/"
"PvfCode\ViewModels\GMTool\GMToolMainViewModel.cs","38650","0x38558E8F ^ _003CModule_003E_007Be69553f9_002Deb39_002D49cd_002D9d77_002Da4ee304d94f7_007D.m_7b86004a82fb42ee97ea7d5e58574563.m_0273572c23d24952bbcc01600fea0084",".png"
"PvfCode\ViewModels\GMTool\OutPutViewModel.cs","3572","0x38551581 ^ _003CModule_003E_007Be69553f9_002Deb39_002D49cd_002D9d77_002Da4ee304d94f7_007D.m_7b86004a82fb42ee97ea7d5e58574563.m_0273572c23d24952bbcc01600fea0084","
"
"PvfCode\ViewModels\GMTool\OutPutViewModel.cs","3572","0x38551581 ^ _003CModule_003E_007Be69553f9_002Deb39_002D49cd_002D9d77_002Da4ee304d94f7_007D.m_7b86004a82fb42ee97ea7d5e58574563.m_0273572c23d24952bbcc01600fea0084","
"
"PvfCode\ViewModels\GMTool\OutPutViewModel.cs","17736","0x1018B61B ^ _003CModule_003E_007Be69553f9_002Deb39_002D49cd_002D9d77_002Da4ee304d94f7_007D.m_7b86004a82fb42ee97ea7d5e58574563.m_80f251012e8548e0baf3267defb3d706"," "
"PvfCode\ViewModels\GMTool\OutPutViewModel.cs","17736","0x1018B61B ^ _003CModule_003E_007Be69553f9_002Deb39_002D49cd_002D9d77_002Da4ee304d94f7_007D.m_7b86004a82fb42ee97ea7d5e58574563.m_80f251012e8548e0baf3267defb3d706"," "
"PvfCode\ViewModels\GMTool\OutPutViewModel.cs","29120","0x385569B5 ^ _003CModule_003E_007Be69553f9_002Deb39_002D49cd_002D9d77_002Da4ee304d94f7_007D.m_7b86004a82fb42ee97ea7d5e58574563.m_0273572c23d24952bbcc01600fea0084","Highlighting"
"PvfCode\ViewModels\GMTool\OutPutViewModel.cs","29178","0xB8B5C6B ^ _003CModule_003E_007Be69553f9_002Deb39_002D49cd_002D9d77_002Da4ee304d94f7_007D.m_7b86004a82fb42ee97ea7d5e58574563.m_e066a82cd08141c08d4817f20a7d29f3","LOG"
"PvfCode\ViewModels\GMTool\OutPutViewModel.cs","74820","0x7C0E3AA6 ^ _003CModule_003E_007Be69553f9_002Deb39_002D49cd_002D9d77_002Da4ee304d94f7_007D.m_7b86004a82fb42ee97ea7d5e58574563.m_2bc1918cd21d40e9b73926d6c2cbc512","HH:mm:ss"
"PvfCode\ViewModels\GMTool\OutPutViewModel.cs","74820","0x7C0E3AA6 ^ _003CModule_003E_007Be69553f9_002Deb39_002D49cd_002D9d77_002Da4ee304d94f7_007D.m_7b86004a82fb42ee97ea7d5e58574563.m_2bc1918cd21d40e9b73926d6c2cbc512","HH:mm:ss"
"PvfCode\ViewModels\ImagePacks2ViewModel.cs","42984","0x6D269526 ^ _003CModule_003E_007Be69553f9_002Deb39_002D49cd_002D9d77_002Da4ee304d94f7_007D.m_7b86004a82fb42ee97ea7d5e58574563.m_a1b83f1dd0754677898be265fae789c4","mess_DirNotExist"
"PvfCode\ViewModels\ImagePacks2ViewModel.cs","74590","0x704F1871 ^ _003CModule_003E_007Be69553f9_002Deb39_002D49cd_002D9d77_002Da4ee304d94f7_007D.m_7b86004a82fb42ee97ea7d5e58574563.m_c4f70e4f04fd48b4b9edaf9a9b8fdeae","mess_ImagePack2ModelPatchLoading"
"PvfCode\ViewModels\ImagePacks2ViewModel.cs","74658","352137165 ^ 0x32A021AD ^ _003CModule_003E_007Be69553f9_002Deb39_002D49cd_002D9d77_002Da4ee304d94f7_007D.m_7b86004a82fb42ee97ea7d5e58574563.m_00f9435ae4b3435e95ad1d31b77e7a6f","mess_PleaseSelectImagePacks2ModelDir"
"PvfCode\ViewModels\ImagePacks2ViewModel.cs","74734","0x3D9AF3F7 ^ _003CModule_003E_007Be69553f9_002Deb39_002D49cd_002D9d77_002Da4ee304d94f7_007D.m_7b86004a82fb42ee97ea7d5e58574563.m_825859c4ee504b91a6a1d6e7fabf4f01","mess_SelectDNFClientModelDir"
"PvfCode\ViewModels\ImagePacks2ViewModel.cs","74794","0x7C0E3AC8 ^ _003CModule_003E_007Be69553f9_002Deb39_002D49cd_002D9d77_002Da4ee304d94f7_007D.m_7b86004a82fb42ee97ea7d5e58574563.m_2bc1918cd21d40e9b73926d6c2cbc512","Mess_NotSSD"
"PvfCode\ViewModels\independent_drop\DropList\DropList_independentdrop.cs","3580","0x89A85D5 ^ _003CModule_003E_007Be69553f9_002Deb39_002D49cd_002D9d77_002Da4ee304d94f7_007D.m_7b86004a82fb42ee97ea7d5e58574563.m_cf19654829b546c5ba704a307b4e0bfa","	"
"PvfCode\ViewModels\independent_drop\DropList\DropList_independentdrop.cs","22326","0x25C042A1 ^ _003CModule_003E_007Be69553f9_002Deb39_002D49cd_002D9d77_002Da4ee304d94f7_007D.m_7b86004a82fb42ee97ea7d5e58574563.m_c8944dd9ca4b4079b8678bce0630ff7d","Items"
"PvfCode\ViewModels\independent_drop\DropList\DropList_independentdrop.cs","36050","0x1B5E18E4 ^ _003CModule_003E_007Be69553f9_002Deb39_002D49cd_002D9d77_002Da4ee304d94f7_007D.m_7b86004a82fb42ee97ea7d5e58574563.m_995dc3f7a3024d82ba87d77f60d35fca","[/list]"
"PvfCode\ViewModels\independent_drop\DropList\DropList_independentdrop.cs","38444","1427621874 ^ 0x25596AF1 ^ _003CModule_003E_007Be69553f9_002Deb39_002D49cd_002D9d77_002Da4ee304d94f7_007D.m_7b86004a82fb42ee97ea7d5e58574563.m_c4f70e4f04fd48b4b9edaf9a9b8fdeae","|"
"PvfCode\ViewModels\independent_drop\DropList\DropList_independentdrop.cs","38450","0x704EAD1D ^ _003CModule_003E_007Be69553f9_002Deb39_002D49cd_002D9d77_002Da4ee304d94f7_007D.m_7b86004a82fb42ee97ea7d5e58574563.m_c4f70e4f04fd48b4b9edaf9a9b8fdeae","mess_LstIdNotExist"
"PvfCode\ViewModels\independent_drop\DropList\DropList_independentdrop.cs","38490","0x11B98976 ^ _003CModule_003E_007Be69553f9_002Deb39_002D49cd_002D9d77_002Da4ee304d94f7_007D.m_7b86004a82fb42ee97ea7d5e58574563.m_39a59c8c3fda4dbdaaf2213c010b00a8","#PVF_File
[list]
"
"PvfCode\ViewModels\independent_drop\DropList\DropList_independentdrop.cs","38532","-985766894 ^ -1757129660 ^ _003CModule_003E_007Be69553f9_002Deb39_002D49cd_002D9d77_002Da4ee304d94f7_007D.m_7b86004a82fb42ee97ea7d5e58574563.m_cb81f441a98e4bd493b61df435bbdbdb","mess_DropFileNotExist"
"PvfCode\ViewModels\independent_drop\DropList\DropListBase.cs","32500","0x13FC399E ^ _003CModule_003E_007Be69553f9_002Deb39_002D49cd_002D9d77_002Da4ee304d94f7_007D.m_7b86004a82fb42ee97ea7d5e58574563.m_a7cc82b779404332a260d01290ecb801","Count"
"PvfCode\ViewModels\independent_drop\DropList\DropListList.cs","3580","0x19F9693D ^ _003CModule_003E_007Be69553f9_002Deb39_002D49cd_002D9d77_002Da4ee304d94f7_007D.m_7b86004a82fb42ee97ea7d5e58574563.m_afceaa2a86c14a5c9cf1f8f0fdd0f590","	"
"PvfCode\ViewModels\independent_drop\DropList\ListItem.cs","3572","0x25C01863 ^ _003CModule_003E_007Be69553f9_002Deb39_002D49cd_002D9d77_002Da4ee304d94f7_007D.m_7b86004a82fb42ee97ea7d5e58574563.m_c8944dd9ca4b4079b8678bce0630ff7d","
"
"PvfCode\ViewModels\independent_drop\DropList\ListItem.cs","9958","0x7A7EDB5A ^ _003CModule_003E_007Be69553f9_002Deb39_002D49cd_002D9d77_002Da4ee304d94f7_007D.m_7b86004a82fb42ee97ea7d5e58574563.m_22c98bd810e84970b541501ace0b424a","ItemName"
"PvfCode\ViewModels\independent_drop\DropList\ListItem.cs","24468","0x9335E23 ^ _003CModule_003E_007Be69553f9_002Deb39_002D49cd_002D9d77_002Da4ee304d94f7_007D.m_7b86004a82fb42ee97ea7d5e58574563.m_a47e9e4bf3624e7291689f8fb4b10989","equipment"
"PvfCode\ViewModels\independent_drop\DropList\ListItem.cs","24490","0x65E6A1C9 ^ _003CModule_003E_007Be69553f9_002Deb39_002D49cd_002D9d77_002Da4ee304d94f7_007D.m_7b86004a82fb42ee97ea7d5e58574563.m_0a3e5af7839d43a19884f927a9769d0e","stackable"
"PvfCode\ViewModels\independent_drop\DropList\ListItem.cs","35180","0x7C0F978E ^ _003CModule_003E_007Be69553f9_002Deb39_002D49cd_002D9d77_002Da4ee304d94f7_007D.m_7b86004a82fb42ee97ea7d5e58574563.m_2bc1918cd21d40e9b73926d6c2cbc512","mess_CannotFindCode"
"PvfCode\ViewModels\independent_drop\DropList\ListItem.cs","35222","0x70D15432 ^ _003CModule_003E_007Be69553f9_002Deb39_002D49cd_002D9d77_002Da4ee304d94f7_007D.m_7b86004a82fb42ee97ea7d5e58574563.m_541fbf15174a41ce952b7916fd6276fe","CannotFindItemName"
"PvfCode\ViewModels\independent_drop\DropList\ListItem.cs","35348","0x7A7E77A8 ^ _003CModule_003E_007Be69553f9_002Deb39_002D49cd_002D9d77_002Da4ee304d94f7_007D.m_7b86004a82fb42ee97ea7d5e58574563.m_22c98bd810e84970b541501ace0b424a","ItemCode"
"PvfCode\ViewModels\independent_drop\DropList\ListItem.cs","38420","0x3065801E ^ _003CModule_003E_007Be69553f9_002Deb39_002D49cd_002D9d77_002Da4ee304d94f7_007D.m_7b86004a82fb42ee97ea7d5e58574563.m_add69167a2c54fe0bb2e5f0af2545839","DropWeight"
"PvfCode\ViewModels\independent_drop\DropListRowData.cs","3572","0x636C0FFE ^ _003CModule_003E_007Be69553f9_002Deb39_002D49cd_002D9d77_002Da4ee304d94f7_007D.m_7b86004a82fb42ee97ea7d5e58574563.m_972142dcef4a4cfba572768c2212069f","
"
"PvfCode\ViewModels\independent_drop\DropListRowData.cs","3572","0x2D972AF5 ^ _003CModule_003E_007Be69553f9_002Deb39_002D49cd_002D9d77_002Da4ee304d94f7_007D.m_7b86004a82fb42ee97ea7d5e58574563.m_59a7418b35384ddea3432ed6abd3f702","
"
"PvfCode\ViewModels\independent_drop\DropListRowData.cs","3572","0x25C01863 ^ _003CModule_003E_007Be69553f9_002Deb39_002D49cd_002D9d77_002Da4ee304d94f7_007D.m_7b86004a82fb42ee97ea7d5e58574563.m_c8944dd9ca4b4079b8678bce0630ff7d","
"
"PvfCode\ViewModels\independent_drop\DropListRowData.cs","3572","0x1B5E99C2 ^ _003CModule_003E_007Be69553f9_002Deb39_002D49cd_002D9d77_002Da4ee304d94f7_007D.m_7b86004a82fb42ee97ea7d5e58574563.m_995dc3f7a3024d82ba87d77f60d35fca","
"
"PvfCode\ViewModels\independent_drop\DropListRowData.cs","3580","0x690EECDE ^ _003CModule_003E_007Be69553f9_002Deb39_002D49cd_002D9d77_002Da4ee304d94f7_007D.m_7b86004a82fb42ee97ea7d5e58574563.m_864fc4c2b93e4f099c2c07aa23d782f6","	"
"PvfCode\ViewModels\independent_drop\DropListRowData.cs","3580","0x6D263F32 ^ _003CModule_003E_007Be69553f9_002Deb39_002D49cd_002D9d77_002Da4ee304d94f7_007D.m_7b86004a82fb42ee97ea7d5e58574563.m_a1b83f1dd0754677898be265fae789c4","	"
"PvfCode\ViewModels\independent_drop\DropListRowData.cs","9958","0x51F1F32A ^ _003CModule_003E_007Be69553f9_002Deb39_002D49cd_002D9d77_002Da4ee304d94f7_007D.m_7b86004a82fb42ee97ea7d5e58574563.m_e9daf7d92d7e4446976bda811e90502a","ItemName"
"PvfCode\ViewModels\independent_drop\DropListRowData.cs","24468","0x2B2EE1E2 ^ _003CModule_003E_007Be69553f9_002Deb39_002D49cd_002D9d77_002Da4ee304d94f7_007D.m_7b86004a82fb42ee97ea7d5e58574563.m_5b1a4905efa74bdd971c79e2845c55df","equipment"
"PvfCode\ViewModels\independent_drop\DropListRowData.cs","24490","0xD3655 ^ _003CModule_003E_007Be69553f9_002Deb39_002D49cd_002D9d77_002Da4ee304d94f7_007D.m_7b86004a82fb42ee97ea7d5e58574563.m_ffc261d25c834aebbee1da6f61154719","stackable"
"PvfCode\ViewModels\independent_drop\DropListRowData.cs","34998","0x46DA99BF ^ _003CModule_003E_007Be69553f9_002Deb39_002D49cd_002D9d77_002Da4ee304d94f7_007D.m_7b86004a82fb42ee97ea7d5e58574563.m_34a93bd635aa4a0cb45ae24212f58e0f","MonsterType"
"PvfCode\ViewModels\independent_drop\DropListRowData.cs","35024","0x636C8ADA ^ _003CModule_003E_007Be69553f9_002Deb39_002D49cd_002D9d77_002Da4ee304d94f7_007D.m_7b86004a82fb42ee97ea7d5e58574563.m_972142dcef4a4cfba572768c2212069f","MosterOrApcName"
"PvfCode\ViewModels\independent_drop\DropListRowData.cs","35024","0x70CCF52C ^ _003CModule_003E_007Be69553f9_002Deb39_002D49cd_002D9d77_002Da4ee304d94f7_007D.m_7b86004a82fb42ee97ea7d5e58574563.m_ee8424bd48bb442e9a823a15df5a62b4","MosterOrApcName"
"PvfCode\ViewModels\independent_drop\DropListRowData.cs","35058","0x89A00DB ^ _003CModule_003E_007Be69553f9_002Deb39_002D49cd_002D9d77_002Da4ee304d94f7_007D.m_7b86004a82fb42ee97ea7d5e58574563.m_cf19654829b546c5ba704a307b4e0bfa","DropType"
"PvfCode\ViewModels\independent_drop\DropListRowData.cs","35078","0x2E4B9C7D ^ _003CModule_003E_007Be69553f9_002Deb39_002D49cd_002D9d77_002Da4ee304d94f7_007D.m_7b86004a82fb42ee97ea7d5e58574563.m_3f6f6322abdc4634a39525b5eb1c92fd","DropListBase"
"PvfCode\ViewModels\independent_drop\DropListRowData.cs","35106","0x704EB20D ^ _003CModule_003E_007Be69553f9_002Deb39_002D49cd_002D9d77_002Da4ee304d94f7_007D.m_7b86004a82fb42ee97ea7d5e58574563.m_c4f70e4f04fd48b4b9edaf9a9b8fdeae","MosterOrApcId"
"PvfCode\ViewModels\independent_drop\DropListRowData.cs","35136","0x2B2E3736 ^ _003CModule_003E_007Be69553f9_002Deb39_002D49cd_002D9d77_002Da4ee304d94f7_007D.m_7b86004a82fb42ee97ea7d5e58574563.m_5b1a4905efa74bdd971c79e2845c55df","aicharacter"
"PvfCode\ViewModels\independent_drop\DropListRowData.cs","35136","0x46DA9849 ^ _003CModule_003E_007Be69553f9_002Deb39_002D49cd_002D9d77_002Da4ee304d94f7_007D.m_7b86004a82fb42ee97ea7d5e58574563.m_34a93bd635aa4a0cb45ae24212f58e0f","aicharacter"
"PvfCode\ViewModels\independent_drop\DropListRowData.cs","35162","0x6D26BB94 ^ _003CModule_003E_007Be69553f9_002Deb39_002D49cd_002D9d77_002Da4ee304d94f7_007D.m_7b86004a82fb42ee97ea7d5e58574563.m_a1b83f1dd0754677898be265fae789c4","monster"
"PvfCode\ViewModels\independent_drop\DropListRowData.cs","35162","0x46DA9853 ^ _003CModule_003E_007Be69553f9_002Deb39_002D49cd_002D9d77_002Da4ee304d94f7_007D.m_7b86004a82fb42ee97ea7d5e58574563.m_34a93bd635aa4a0cb45ae24212f58e0f","monster"
"PvfCode\ViewModels\independent_drop\DropListRowData.cs","35180","0x7A7E74D0 ^ _003CModule_003E_007Be69553f9_002Deb39_002D49cd_002D9d77_002Da4ee304d94f7_007D.m_7b86004a82fb42ee97ea7d5e58574563.m_22c98bd810e84970b541501ace0b424a","mess_CannotFindCode"
"PvfCode\ViewModels\independent_drop\DropListRowData.cs","35180","0x2D97AE6D ^ _003CModule_003E_007Be69553f9_002Deb39_002D49cd_002D9d77_002Da4ee304d94f7_007D.m_7b86004a82fb42ee97ea7d5e58574563.m_59a7418b35384ddea3432ed6abd3f702","mess_CannotFindCode"
"PvfCode\ViewModels\independent_drop\DropListRowData.cs","35180","0x70D154C8 ^ _003CModule_003E_007Be69553f9_002Deb39_002D49cd_002D9d77_002Da4ee304d94f7_007D.m_7b86004a82fb42ee97ea7d5e58574563.m_541fbf15174a41ce952b7916fd6276fe","mess_CannotFindCode"
"PvfCode\ViewModels\independent_drop\DropListRowData.cs","35222","0x2E4B9CED ^ _003CModule_003E_007Be69553f9_002Deb39_002D49cd_002D9d77_002Da4ee304d94f7_007D.m_7b86004a82fb42ee97ea7d5e58574563.m_3f6f6322abdc4634a39525b5eb1c92fd","CannotFindItemName"
"PvfCode\ViewModels\independent_drop\DropListRowData.cs","35222","0x4BA03B52 ^ _003CModule_003E_007Be69553f9_002Deb39_002D49cd_002D9d77_002Da4ee304d94f7_007D.m_7b86004a82fb42ee97ea7d5e58574563.m_d6a39a5ddb584a4d998858fb4ceeb027","CannotFindItemName"
"PvfCode\ViewModels\independent_drop\DropListRowData.cs","35222","0x10187AC5 ^ _003CModule_003E_007Be69553f9_002Deb39_002D49cd_002D9d77_002Da4ee304d94f7_007D.m_7b86004a82fb42ee97ea7d5e58574563.m_80f251012e8548e0baf3267defb3d706","CannotFindItemName"
"PvfCode\ViewModels\independent_drop\DropListRowData.cs","35262","0x4BA03B7A ^ _003CModule_003E_007Be69553f9_002Deb39_002D49cd_002D9d77_002Da4ee304d94f7_007D.m_7b86004a82fb42ee97ea7d5e58574563.m_d6a39a5ddb584a4d998858fb4ceeb027","DropList_independentdrop"
"PvfCode\ViewModels\independent_drop\DropListRowData.cs","35314","0x51F15C3E ^ _003CModule_003E_007Be69553f9_002Deb39_002D49cd_002D9d77_002Da4ee304d94f7_007D.m_7b86004a82fb42ee97ea7d5e58574563.m_e9daf7d92d7e4446976bda811e90502a","DropListList"
"PvfCode\ViewModels\independent_drop\DropListRowData.cs","35342","0x417DBA2 ^ _003CModule_003E_007Be69553f9_002Deb39_002D49cd_002D9d77_002Da4ee304d94f7_007D.m_7b86004a82fb42ee97ea7d5e58574563.m_8fd2865c456d4936bd87c4a63c3e7ba1","0"
"PvfCode\ViewModels\independent_drop\DropListRowData.cs","35348","1437138932 ^ 0x6833A5F9 ^ _003CModule_003E_007Be69553f9_002Deb39_002D49cd_002D9d77_002Da4ee304d94f7_007D.m_7b86004a82fb42ee97ea7d5e58574563.m_825859c4ee504b91a6a1d6e7fabf4f01","ItemCode"
"PvfCode\ViewModels\independent_drop\DropListRowData.cs","35368","0x6D26B8E6 ^ _003CModule_003E_007Be69553f9_002Deb39_002D49cd_002D9d77_002Da4ee304d94f7_007D.m_7b86004a82fb42ee97ea7d5e58574563.m_a1b83f1dd0754677898be265fae789c4","DropGrade1"
"PvfCode\ViewModels\independent_drop\DropListRowData.cs","35392","0x19F9EE81 ^ _003CModule_003E_007Be69553f9_002Deb39_002D49cd_002D9d77_002Da4ee304d94f7_007D.m_7b86004a82fb42ee97ea7d5e58574563.m_afceaa2a86c14a5c9cf1f8f0fdd0f590","PercentageDropGrade1"
"PvfCode\ViewModels\independent_drop\DropListRowData.cs","35436","0x2D97AD6D ^ _003CModule_003E_007Be69553f9_002Deb39_002D49cd_002D9d77_002Da4ee304d94f7_007D.m_7b86004a82fb42ee97ea7d5e58574563.m_59a7418b35384ddea3432ed6abd3f702","DropGrade2"
"PvfCode\ViewModels\independent_drop\DropListRowData.cs","35460","0x417DB28 ^ _003CModule_003E_007Be69553f9_002Deb39_002D49cd_002D9d77_002Da4ee304d94f7_007D.m_7b86004a82fb42ee97ea7d5e58574563.m_8fd2865c456d4936bd87c4a63c3e7ba1","PercentageDropGrade2"
"PvfCode\ViewModels\independent_drop\DropListRowData.cs","35504","0x4C1618A4 ^ _003CModule_003E_007Be69553f9_002Deb39_002D49cd_002D9d77_002Da4ee304d94f7_007D.m_7b86004a82fb42ee97ea7d5e58574563.m_d7eae1243bb84fa8b3e43c67ebe44716","DropGrade3"
"PvfCode\ViewModels\independent_drop\DropListRowData.cs","35528","0x4C1618DC ^ _003CModule_003E_007Be69553f9_002Deb39_002D49cd_002D9d77_002Da4ee304d94f7_007D.m_7b86004a82fb42ee97ea7d5e58574563.m_d7eae1243bb84fa8b3e43c67ebe44716","PercentageDropGrade3"
"PvfCode\ViewModels\independent_drop\DropListRowData.cs","35572","0x704EB1DB ^ _003CModule_003E_007Be69553f9_002Deb39_002D49cd_002D9d77_002Da4ee304d94f7_007D.m_7b86004a82fb42ee97ea7d5e58574563.m_c4f70e4f04fd48b4b9edaf9a9b8fdeae","DropGrade4"
"PvfCode\ViewModels\independent_drop\DropListRowData.cs","35596","0xB8BA69D ^ _003CModule_003E_007Be69553f9_002Deb39_002D49cd_002D9d77_002Da4ee304d94f7_007D.m_7b86004a82fb42ee97ea7d5e58574563.m_e066a82cd08141c08d4817f20a7d29f3","PercentageDropGrade4"
"PvfCode\ViewModels\independent_drop\DropListRowData.cs","35640","0x4C16192C ^ _003CModule_003E_007Be69553f9_002Deb39_002D49cd_002D9d77_002Da4ee304d94f7_007D.m_7b86004a82fb42ee97ea7d5e58574563.m_d7eae1243bb84fa8b3e43c67ebe44716","DropGrade5"
"PvfCode\ViewModels\independent_drop\DropListRowData.cs","35664","0x2B2E3526 ^ _003CModule_003E_007Be69553f9_002Deb39_002D49cd_002D9d77_002Da4ee304d94f7_007D.m_7b86004a82fb42ee97ea7d5e58574563.m_5b1a4905efa74bdd971c79e2845c55df","PercentageDropGrade5"
"PvfCode\ViewModels\independent_drop\DropListRowData.cs","35708","0x1B5E1F4A ^ _003CModule_003E_007Be69553f9_002Deb39_002D49cd_002D9d77_002Da4ee304d94f7_007D.m_7b86004a82fb42ee97ea7d5e58574563.m_995dc3f7a3024d82ba87d77f60d35fca","DropGrade1Number"
"PvfCode\ViewModels\independent_drop\DropListRowData.cs","35744","0xDE25F ^ _003CModule_003E_007Be69553f9_002Deb39_002D49cd_002D9d77_002Da4ee304d94f7_007D.m_7b86004a82fb42ee97ea7d5e58574563.m_ffc261d25c834aebbee1da6f61154719","DropGrade2Number"
"PvfCode\ViewModels\independent_drop\DropListRowData.cs","35780","0x527A2D16 ^ _003CModule_003E_007Be69553f9_002Deb39_002D49cd_002D9d77_002Da4ee304d94f7_007D.m_7b86004a82fb42ee97ea7d5e58574563.m_cb81f441a98e4bd493b61df435bbdbdb","DropGrade3Number"
"PvfCode\ViewModels\independent_drop\DropListRowData.cs","35816","0x6D26B926 ^ _003CModule_003E_007Be69553f9_002Deb39_002D49cd_002D9d77_002Da4ee304d94f7_007D.m_7b86004a82fb42ee97ea7d5e58574563.m_a1b83f1dd0754677898be265fae789c4","DropGrade4Number"
"PvfCode\ViewModels\independent_drop\DropListRowData.cs","35852","0x67780005 ^ _003CModule_003E_007Be69553f9_002Deb39_002D49cd_002D9d77_002Da4ee304d94f7_007D.m_7b86004a82fb42ee97ea7d5e58574563.m_e0f0c9b53f5f4d0e88dcbb6df9cbe106","DropGrade5Number"
"PvfCode\ViewModels\independent_drop\DropListRowData.cs","35888","0x6D26BEFE ^ _003CModule_003E_007Be69553f9_002Deb39_002D49cd_002D9d77_002Da4ee304d94f7_007D.m_7b86004a82fb42ee97ea7d5e58574563.m_a1b83f1dd0754677898be265fae789c4","LevelMin"
"PvfCode\ViewModels\independent_drop\DropListRowData.cs","35908","0x51F7BB85 ^ _003CModule_003E_007Be69553f9_002Deb39_002D49cd_002D9d77_002Da4ee304d94f7_007D.m_7b86004a82fb42ee97ea7d5e58574563.m_c14a170a5a60490084306350f271c7f1","LevelMax"
"PvfCode\ViewModels\independent_drop\DropListRowData.cs","35928","0xB8BA1C9 ^ _003CModule_003E_007Be69553f9_002Deb39_002D49cd_002D9d77_002Da4ee304d94f7_007D.m_7b86004a82fb42ee97ea7d5e58574563.m_e066a82cd08141c08d4817f20a7d29f3","CharacType"
"PvfCode\ViewModels\independent_drop\DropListRowData.cs","35952","0x5DBB7C69 ^ _003CModule_003E_007Be69553f9_002Deb39_002D49cd_002D9d77_002Da4ee304d94f7_007D.m_7b86004a82fb42ee97ea7d5e58574563.m_4dccf8dd3beb468396324e307ead22cc","CharacTypeName"
"PvfCode\ViewModels\independent_drop\DropListRowData.cs","35984","0x25C09907 ^ _003CModule_003E_007Be69553f9_002Deb39_002D49cd_002D9d77_002Da4ee304d94f7_007D.m_7b86004a82fb42ee97ea7d5e58574563.m_c8944dd9ca4b4079b8678bce0630ff7d","mess_NoLimit"
"PvfCode\ViewModels\independent_drop\DropListRowData.cs","36012","0x4D235117 ^ _003CModule_003E_007Be69553f9_002Deb39_002D49cd_002D9d77_002Da4ee304d94f7_007D.m_7b86004a82fb42ee97ea7d5e58574563.m_5924bd2461b7415baa9211b5f1cb71b2","character"
"PvfCode\ViewModels\independent_drop\DropListRowData.cs","36034","0xB1DAA7A ^ _003CModule_003E_007Be69553f9_002Deb39_002D49cd_002D9d77_002Da4ee304d94f7_007D.m_7b86004a82fb42ee97ea7d5e58574563.m_df89dfc2a96347ad9471b517744dea02","[list]"
"PvfCode\ViewModels\independent_drop\DropListRowData.cs","36050","0x70CCF12E ^ _003CModule_003E_007Be69553f9_002Deb39_002D49cd_002D9d77_002Da4ee304d94f7_007D.m_7b86004a82fb42ee97ea7d5e58574563.m_ee8424bd48bb442e9a823a15df5a62b4","[/list]"
"PvfCode\ViewModels\independent_drop\Independent_drop_ViewModel.cs","3580","0x4C169FE8 ^ _003CModule_003E_007Be69553f9_002Deb39_002D49cd_002D9d77_002Da4ee304d94f7_007D.m_7b86004a82fb42ee97ea7d5e58574563.m_d7eae1243bb84fa8b3e43c67ebe44716","	"
"PvfCode\ViewModels\independent_drop\Independent_drop_ViewModel.cs","3580","0x2E4B1887 ^ _003CModule_003E_007Be69553f9_002Deb39_002D49cd_002D9d77_002Da4ee304d94f7_007D.m_7b86004a82fb42ee97ea7d5e58574563.m_3f6f6322abdc4634a39525b5eb1c92fd","	"
"PvfCode\ViewModels\independent_drop\Independent_drop_ViewModel.cs","3580","0x30651BF6 ^ _003CModule_003E_007Be69553f9_002Deb39_002D49cd_002D9d77_002Da4ee304d94f7_007D.m_7b86004a82fb42ee97ea7d5e58574563.m_add69167a2c54fe0bb2e5f0af2545839","	"
"PvfCode\ViewModels\independent_drop\Independent_drop_ViewModel.cs","3580","0x19F9693D ^ _003CModule_003E_007Be69553f9_002Deb39_002D49cd_002D9d77_002Da4ee304d94f7_007D.m_7b86004a82fb42ee97ea7d5e58574563.m_afceaa2a86c14a5c9cf1f8f0fdd0f590","	"
"PvfCode\ViewModels\independent_drop\Independent_drop_ViewModel.cs","3580","1427621874 ^ 0x333A0B3E ^ _003CModule_003E_007Be69553f9_002Deb39_002D49cd_002D9d77_002Da4ee304d94f7_007D.m_7b86004a82fb42ee97ea7d5e58574563.m_1e27397300b24ef4ba98a645a53798c2","	"
"PvfCode\ViewModels\independent_drop\Independent_drop_ViewModel.cs","3580","0x2E4B1887 ^ _003CModule_003E_007Be69553f9_002Deb39_002D49cd_002D9d77_002Da4ee304d94f7_007D.m_7b86004a82fb42ee97ea7d5e58574563.m_3f6f6322abdc4634a39525b5eb1c92fd","	"
"PvfCode\ViewModels\independent_drop\Independent_drop_ViewModel.cs","3580","0x3D9BDDE5 ^ _003CModule_003E_007Be69553f9_002Deb39_002D49cd_002D9d77_002Da4ee304d94f7_007D.m_7b86004a82fb42ee97ea7d5e58574563.m_825859c4ee504b91a6a1d6e7fabf4f01","	"
"PvfCode\ViewModels\independent_drop\Independent_drop_ViewModel.cs","19830","0x30655B7C ^ _003CModule_003E_007Be69553f9_002Deb39_002D49cd_002D9d77_002Da4ee304d94f7_007D.m_7b86004a82fb42ee97ea7d5e58574563.m_add69167a2c54fe0bb2e5f0af2545839","mess_FileNotExist"
"PvfCode\ViewModels\independent_drop\Independent_drop_ViewModel.cs","24468","0x7C0F4176 ^ _003CModule_003E_007Be69553f9_002Deb39_002D49cd_002D9d77_002Da4ee304d94f7_007D.m_7b86004a82fb42ee97ea7d5e58574563.m_2bc1918cd21d40e9b73926d6c2cbc512","equipment"
"PvfCode\ViewModels\independent_drop\Independent_drop_ViewModel.cs","24468","0x41ED2466 ^ _003CModule_003E_007Be69553f9_002Deb39_002D49cd_002D9d77_002Da4ee304d94f7_007D.m_7b86004a82fb42ee97ea7d5e58574563.m_ba7ada5c647b4fc094df6608a5b444bd","equipment"
"PvfCode\ViewModels\independent_drop\Independent_drop_ViewModel.cs","24490","0x5D5F1815 ^ _003CModule_003E_007Be69553f9_002Deb39_002D49cd_002D9d77_002Da4ee304d94f7_007D.m_7b86004a82fb42ee97ea7d5e58574563.m_a471290541044d3bb697860b55cc6bc1","stackable"
"PvfCode\ViewModels\independent_drop\Independent_drop_ViewModel.cs","24490","0x11B94086 ^ _003CModule_003E_007Be69553f9_002Deb39_002D49cd_002D9d77_002Da4ee304d94f7_007D.m_7b86004a82fb42ee97ea7d5e58574563.m_39a59c8c3fda4dbdaaf2213c010b00a8","stackable"
"PvfCode\ViewModels\independent_drop\Independent_drop_ViewModel.cs","35136","0x622F0BE2 ^ _003CModule_003E_007Be69553f9_002Deb39_002D49cd_002D9d77_002Da4ee304d94f7_007D.m_7b86004a82fb42ee97ea7d5e58574563.m_41a03ba455a9468b9050278ae77448e1","aicharacter"
"PvfCode\ViewModels\independent_drop\Independent_drop_ViewModel.cs","35162","0x70D154FE ^ _003CModule_003E_007Be69553f9_002Deb39_002D49cd_002D9d77_002Da4ee304d94f7_007D.m_7b86004a82fb42ee97ea7d5e58574563.m_541fbf15174a41ce952b7916fd6276fe","monster"
"PvfCode\ViewModels\independent_drop\Independent_drop_ViewModel.cs","35984","0x67780099 ^ _003CModule_003E_007Be69553f9_002Deb39_002D49cd_002D9d77_002Da4ee304d94f7_007D.m_7b86004a82fb42ee97ea7d5e58574563.m_e0f0c9b53f5f4d0e88dcbb6df9cbe106","mess_NoLimit"
"PvfCode\ViewModels\independent_drop\Independent_drop_ViewModel.cs","36012","0x385594D9 ^ _003CModule_003E_007Be69553f9_002Deb39_002D49cd_002D9d77_002Da4ee304d94f7_007D.m_7b86004a82fb42ee97ea7d5e58574563.m_0273572c23d24952bbcc01600fea0084","character"
"PvfCode\ViewModels\independent_drop\Independent_drop_ViewModel.cs","36034","0x768A7544 ^ _003CModule_003E_007Be69553f9_002Deb39_002D49cd_002D9d77_002Da4ee304d94f7_007D.m_7b86004a82fb42ee97ea7d5e58574563.m_5f32481f68ae4c7eaeea7ec68a5ff47b","[list]"
"PvfCode\ViewModels\independent_drop\Independent_drop_ViewModel.cs","36050","0xB1DAA6A ^ _003CModule_003E_007Be69553f9_002Deb39_002D49cd_002D9d77_002Da4ee304d94f7_007D.m_7b86004a82fb42ee97ea7d5e58574563.m_df89dfc2a96347ad9471b517744dea02","[/list]"
"PvfCode\ViewModels\independent_drop\Independent_drop_ViewModel.cs","36050","0x25C09945 ^ _003CModule_003E_007Be69553f9_002Deb39_002D49cd_002D9d77_002Da4ee304d94f7_007D.m_7b86004a82fb42ee97ea7d5e58574563.m_c8944dd9ca4b4079b8678bce0630ff7d","[/list]"
"PvfCode\ViewModels\independent_drop\Independent_drop_ViewModel.cs","36050","0x201C90A ^ _003CModule_003E_007Be69553f9_002Deb39_002D49cd_002D9d77_002Da4ee304d94f7_007D.m_7b86004a82fb42ee97ea7d5e58574563.m_582a7f02cd3044949cbbc8d81e970cdb","[/list]"
"PvfCode\ViewModels\independent_drop\Independent_drop_ViewModel.cs","36050","0x42E67ACE ^ _003CModule_003E_007Be69553f9_002Deb39_002D49cd_002D9d77_002Da4ee304d94f7_007D.m_7b86004a82fb42ee97ea7d5e58574563.m_bbd6700d16934fad8cc9f8d19544f21f","[/list]"
"PvfCode\ViewModels\independent_drop\Independent_drop_ViewModel.cs","36068","0x768A7562 ^ _003CModule_003E_007Be69553f9_002Deb39_002D49cd_002D9d77_002Da4ee304d94f7_007D.m_7b86004a82fb42ee97ea7d5e58574563.m_5f32481f68ae4c7eaeea7ec68a5ff47b","SelectedItem"
"PvfCode\ViewModels\independent_drop\Independent_drop_ViewModel.cs","36068","0x350985FD ^ _003CModule_003E_007Be69553f9_002Deb39_002D49cd_002D9d77_002Da4ee304d94f7_007D.m_7b86004a82fb42ee97ea7d5e58574563.m_c3720eb655124e6e81b317ef170605cd","SelectedItem"
"PvfCode\ViewModels\independent_drop\Independent_drop_ViewModel.cs","36096","0xB8BA091 ^ _003CModule_003E_007Be69553f9_002Deb39_002D49cd_002D9d77_002Da4ee304d94f7_007D.m_7b86004a82fb42ee97ea7d5e58574563.m_e066a82cd08141c08d4817f20a7d29f3","mess_NoName"
"PvfCode\ViewModels\independent_drop\Independent_drop_ViewModel.cs","36122","0x3D9B5D03 ^ _003CModule_003E_007Be69553f9_002Deb39_002D49cd_002D9d77_002Da4ee304d94f7_007D.m_7b86004a82fb42ee97ea7d5e58574563.m_825859c4ee504b91a6a1d6e7fabf4f01","DropItems"
"PvfCode\ViewModels\independent_drop\Independent_drop_ViewModel.cs","36122","0x3D9B5D03 ^ _003CModule_003E_007Be69553f9_002Deb39_002D49cd_002D9d77_002Da4ee304d94f7_007D.m_7b86004a82fb42ee97ea7d5e58574563.m_825859c4ee504b91a6a1d6e7fabf4f01","DropItems"
"PvfCode\ViewModels\independent_drop\Independent_drop_ViewModel.cs","36122","0x3D9B5D03 ^ _003CModule_003E_007Be69553f9_002Deb39_002D49cd_002D9d77_002Da4ee304d94f7_007D.m_7b86004a82fb42ee97ea7d5e58574563.m_825859c4ee504b91a6a1d6e7fabf4f01","DropItems"
"PvfCode\ViewModels\independent_drop\Independent_drop_ViewModel.cs","36144","0x5FF26491 ^ _003CModule_003E_007Be69553f9_002Deb39_002D49cd_002D9d77_002Da4ee304d94f7_007D.m_7b86004a82fb42ee97ea7d5e58574563.m_558c76f87bdc4d51a68101d12bccb609","DropItemsCount"
"PvfCode\ViewModels\independent_drop\Independent_drop_ViewModel.cs","36144","0xB8BA0A1 ^ _003CModule_003E_007Be69553f9_002Deb39_002D49cd_002D9d77_002Da4ee304d94f7_007D.m_7b86004a82fb42ee97ea7d5e58574563.m_e066a82cd08141c08d4817f20a7d29f3","DropItemsCount"
"PvfCode\ViewModels\independent_drop\Independent_drop_ViewModel.cs","36176","1503723328 ^ 0x69C5641A ^ _003CModule_003E_007Be69553f9_002Deb39_002D49cd_002D9d77_002Da4ee304d94f7_007D.m_7b86004a82fb42ee97ea7d5e58574563.m_add69167a2c54fe0bb2e5f0af2545839","etc/independentdrop.lst"
"PvfCode\ViewModels\independent_drop\Independent_drop_ViewModel.cs","36176","0x4E19A7C9 ^ _003CModule_003E_007Be69553f9_002Deb39_002D49cd_002D9d77_002Da4ee304d94f7_007D.m_7b86004a82fb42ee97ea7d5e58574563.m_24a7cb1bd49e4021b5d8fa5493d816ca","etc/independentdrop.lst"
"PvfCode\ViewModels\independent_drop\Independent_drop_ViewModel.cs","36176","-1904881294 ^ -481071380 ^ _003CModule_003E_007Be69553f9_002Deb39_002D49cd_002D9d77_002Da4ee304d94f7_007D.m_7b86004a82fb42ee97ea7d5e58574563.m_a1b83f1dd0754677898be265fae789c4","etc/independentdrop.lst"
"PvfCode\ViewModels\independent_drop\Independent_drop_ViewModel.cs","36176","0x5FF264F1 ^ _003CModule_003E_007Be69553f9_002Deb39_002D49cd_002D9d77_002Da4ee304d94f7_007D.m_7b86004a82fb42ee97ea7d5e58574563.m_558c76f87bdc4d51a68101d12bccb609","etc/independentdrop.lst"
"PvfCode\ViewModels\independent_drop\Independent_drop_ViewModel.cs","36176","0x5D5FCAEF ^ _003CModule_003E_007Be69553f9_002Deb39_002D49cd_002D9d77_002Da4ee304d94f7_007D.m_7b86004a82fb42ee97ea7d5e58574563.m_a471290541044d3bb697860b55cc6bc1","etc/independentdrop.lst"
"PvfCode\ViewModels\independent_drop\Independent_drop_ViewModel.cs","36226","0x41EDF670 ^ _003CModule_003E_007Be69553f9_002Deb39_002D49cd_002D9d77_002Da4ee304d94f7_007D.m_7b86004a82fb42ee97ea7d5e58574563.m_ba7ada5c647b4fc094df6608a5b444bd","mess_IndependentdropLstLoadFail"
"PvfCode\ViewModels\independent_drop\Independent_drop_ViewModel.cs","36292","0x30659BCE ^ _003CModule_003E_007Be69553f9_002Deb39_002D49cd_002D9d77_002Da4ee304d94f7_007D.m_7b86004a82fb42ee97ea7d5e58574563.m_add69167a2c54fe0bb2e5f0af2545839","mess_IndependentdropLstItemPathNotExist"
"PvfCode\ViewModels\independent_drop\Independent_drop_ViewModel.cs","36374","0x38559663 ^ _003CModule_003E_007Be69553f9_002Deb39_002D49cd_002D9d77_002Da4ee304d94f7_007D.m_7b86004a82fb42ee97ea7d5e58574563.m_0273572c23d24952bbcc01600fea0084","mess_IndependentdropLstFormatError"
"PvfCode\ViewModels\independent_drop\Independent_drop_ViewModel.cs","36374","0x46DA9F1F ^ _003CModule_003E_007Be69553f9_002Deb39_002D49cd_002D9d77_002Da4ee304d94f7_007D.m_7b86004a82fb42ee97ea7d5e58574563.m_34a93bd635aa4a0cb45ae24212f58e0f","mess_IndependentdropLstFormatError"
"PvfCode\ViewModels\independent_drop\Independent_drop_ViewModel.cs","36446","0x9338FE9 ^ _003CModule_003E_007Be69553f9_002Deb39_002D49cd_002D9d77_002Da4ee304d94f7_007D.m_7b86004a82fb42ee97ea7d5e58574563.m_a47e9e4bf3624e7291689f8fb4b10989","mess_IndependentdropLstFormatError_NoListTag"
"PvfCode\ViewModels\independent_drop\Independent_drop_ViewModel.cs","36538","0x2D97A9BB ^ _003CModule_003E_007Be69553f9_002Deb39_002D49cd_002D9d77_002Da4ee304d94f7_007D.m_7b86004a82fb42ee97ea7d5e58574563.m_59a7418b35384ddea3432ed6abd3f702","mess_IndependentdropLstFormatError_NoPair"
"PvfCode\ViewModels\independent_drop\Independent_drop_ViewModel.cs","36624","0x5DBB7F09 ^ _003CModule_003E_007Be69553f9_002Deb39_002D49cd_002D9d77_002Da4ee304d94f7_007D.m_7b86004a82fb42ee97ea7d5e58574563.m_4dccf8dd3beb468396324e307ead22cc","mess_IndependentdropLstFormatError_NoInt32"
"PvfCode\ViewModels\independent_drop\Independent_drop_ViewModel.cs","36712","0x5D5FC8D7 ^ _003CModule_003E_007Be69553f9_002Deb39_002D49cd_002D9d77_002Da4ee304d94f7_007D.m_7b86004a82fb42ee97ea7d5e58574563.m_a471290541044d3bb697860b55cc6bc1","mess_IndependentdropLstDataError_ExtraTag"
"PvfCode\ViewModels\independent_drop\Independent_drop_ViewModel.cs","36798","0x306599B4 ^ _003CModule_003E_007Be69553f9_002Deb39_002D49cd_002D9d77_002Da4ee304d94f7_007D.m_7b86004a82fb42ee97ea7d5e58574563.m_add69167a2c54fe0bb2e5f0af2545839","mess_IndependentdropLstFormatError_NoInt32_2"
"PvfCode\ViewModels\independent_drop\Independent_drop_ViewModel.cs","36890","0x19F9F4DB ^ _003CModule_003E_007Be69553f9_002Deb39_002D49cd_002D9d77_002Da4ee304d94f7_007D.m_7b86004a82fb42ee97ea7d5e58574563.m_afceaa2a86c14a5c9cf1f8f0fdd0f590","mess_IndependentdropLstFormatError_NoInt32_2_2"
"PvfCode\ViewModels\independent_drop\Independent_drop_ViewModel.cs","36986","0x4BA022BE ^ _003CModule_003E_007Be69553f9_002Deb39_002D49cd_002D9d77_002Da4ee304d94f7_007D.m_7b86004a82fb42ee97ea7d5e58574563.m_d6a39a5ddb584a4d998858fb4ceeb027","mess_IndependentdropLstFormatError_NoInt32_3"
"PvfCode\ViewModels\independent_drop\Independent_drop_ViewModel.cs","37078","0x51F7A717 ^ _003CModule_003E_007Be69553f9_002Deb39_002D49cd_002D9d77_002Da4ee304d94f7_007D.m_7b86004a82fb42ee97ea7d5e58574563.m_c14a170a5a60490084306350f271c7f1","[/dungeon drop rate balance]"
"PvfCode\ViewModels\independent_drop\Independent_drop_ViewModel.cs","37078","0x5FF27977 ^ _003CModule_003E_007Be69553f9_002Deb39_002D49cd_002D9d77_002Da4ee304d94f7_007D.m_7b86004a82fb42ee97ea7d5e58574563.m_558c76f87bdc4d51a68101d12bccb609","[/dungeon drop rate balance]"
"PvfCode\ViewModels\independent_drop\Independent_drop_ViewModel.cs","37138","0x47B98CF7 ^ _003CModule_003E_007Be69553f9_002Deb39_002D49cd_002D9d77_002Da4ee304d94f7_007D.m_7b86004a82fb42ee97ea7d5e58574563.m_0bd286ac068745bfb29b92d10b515130","mess_ValueNotInt32"
"PvfCode\ViewModels\independent_drop\Independent_drop_ViewModel.cs","37178","0x25C084AD ^ _003CModule_003E_007Be69553f9_002Deb39_002D49cd_002D9d77_002Da4ee304d94f7_007D.m_7b86004a82fb42ee97ea7d5e58574563.m_c8944dd9ca4b4079b8678bce0630ff7d","mess_LoadDungeonDropRateBalanceError"
"PvfCode\ViewModels\independent_drop\Independent_drop_ViewModel.cs","37254","0x7C0F8F64 ^ _003CModule_003E_007Be69553f9_002Deb39_002D49cd_002D9d77_002Da4ee304d94f7_007D.m_7b86004a82fb42ee97ea7d5e58574563.m_2bc1918cd21d40e9b73926d6c2cbc512","选中怪物的独立掉落信息已复制到剪贴板"
"PvfCode\ViewModels\independent_drop\Independent_drop_ViewModel.cs","37294","0x2E4B84D5 ^ _003CModule_003E_007Be69553f9_002Deb39_002D49cd_002D9d77_002Da4ee304d94f7_007D.m_7b86004a82fb42ee97ea7d5e58574563.m_3f6f6322abdc4634a39525b5eb1c92fd","#PVF_File
"
"PvfCode\ViewModels\independent_drop\Independent_drop_ViewModel.cs","37320","0x690E70EA ^ _003CModule_003E_007Be69553f9_002Deb39_002D49cd_002D9d77_002Da4ee304d94f7_007D.m_7b86004a82fb42ee97ea7d5e58574563.m_864fc4c2b93e4f099c2c07aa23d782f6","[independent drop]"
"PvfCode\ViewModels\independent_drop\Independent_drop_ViewModel.cs","37320","0x13FCD6A2 ^ _003CModule_003E_007Be69553f9_002Deb39_002D49cd_002D9d77_002Da4ee304d94f7_007D.m_7b86004a82fb42ee97ea7d5e58574563.m_a7cc82b779404332a260d01290ecb801","[independent drop]"
"PvfCode\ViewModels\independent_drop\Independent_drop_ViewModel.cs","37360","0x4BA02334 ^ _003CModule_003E_007Be69553f9_002Deb39_002D49cd_002D9d77_002Da4ee304d94f7_007D.m_7b86004a82fb42ee97ea7d5e58574563.m_d6a39a5ddb584a4d998858fb4ceeb027","[/independent drop]"
"PvfCode\ViewModels\independent_drop\Independent_drop_ViewModel.cs","37402","0x4E19B883 ^ _003CModule_003E_007Be69553f9_002Deb39_002D49cd_002D9d77_002Da4ee304d94f7_007D.m_7b86004a82fb42ee97ea7d5e58574563.m_24a7cb1bd49e4021b5d8fa5493d816ca","[dungeon drop rate balance]"
"PvfCode\ViewModels\independent_drop\Independent_drop_ViewModel.cs","37402","0x46DA8313 ^ _003CModule_003E_007Be69553f9_002Deb39_002D49cd_002D9d77_002Da4ee304d94f7_007D.m_7b86004a82fb42ee97ea7d5e58574563.m_34a93bd635aa4a0cb45ae24212f58e0f","[dungeon drop rate balance]"
"PvfCode\ViewModels\independent_drop\Independent_drop_ViewModel.cs","37460","0x704EA97B ^ _003CModule_003E_007Be69553f9_002Deb39_002D49cd_002D9d77_002Da4ee304d94f7_007D.m_7b86004a82fb42ee97ea7d5e58574563.m_c4f70e4f04fd48b4b9edaf9a9b8fdeae","etc/independent_drop.etc"
"PvfCode\ViewModels\independent_drop\Independent_drop_ViewModel.cs","37460","0x13FCD53E ^ _003CModule_003E_007Be69553f9_002Deb39_002D49cd_002D9d77_002Da4ee304d94f7_007D.m_7b86004a82fb42ee97ea7d5e58574563.m_a7cc82b779404332a260d01290ecb801","etc/independent_drop.etc"
"PvfCode\ViewModels\independent_drop\Independent_drop_ViewModel.cs","37512","0x70D14F2C ^ _003CModule_003E_007Be69553f9_002Deb39_002D49cd_002D9d77_002Da4ee304d94f7_007D.m_7b86004a82fb42ee97ea7d5e58574563.m_541fbf15174a41ce952b7916fd6276fe","mess_CompileSuccess"
"PvfCode\ViewModels\independent_drop\Independent_drop_ViewModel.cs","37554","0x51F1477E ^ _003CModule_003E_007Be69553f9_002Deb39_002D49cd_002D9d77_002Da4ee304d94f7_007D.m_7b86004a82fb42ee97ea7d5e58574563.m_e9daf7d92d7e4446976bda811e90502a","mess_DeleteMonsterConfirm"
"PvfCode\ViewModels\independent_drop\Independent_drop_ViewModel.cs","37608","0x306584E2 ^ _003CModule_003E_007Be69553f9_002Deb39_002D49cd_002D9d77_002Da4ee304d94f7_007D.m_7b86004a82fb42ee97ea7d5e58574563.m_add69167a2c54fe0bb2e5f0af2545839","0	-1	0	1000000	1000000	1000000	1000000	1000000	1	1	1	1	1	0	0	-1	1	"
"PvfCode\ViewModels\independent_drop\Independent_drop_ViewModel.cs","37744","0x65E66D13 ^ _003CModule_003E_007Be69553f9_002Deb39_002D49cd_002D9d77_002Da4ee304d94f7_007D.m_7b86004a82fb42ee97ea7d5e58574563.m_0a3e5af7839d43a19884f927a9769d0e","SelectedItem2"
"PvfCode\ViewModels\independent_drop\Independent_drop_ViewModel.cs","37774","0x7C0F8D6C ^ _003CModule_003E_007Be69553f9_002Deb39_002D49cd_002D9d77_002Da4ee304d94f7_007D.m_7b86004a82fb42ee97ea7d5e58574563.m_2bc1918cd21d40e9b73926d6c2cbc512","mess_PleaseSelectMonster"
"PvfCode\ViewModels\independent_drop\Independent_drop_ViewModel.cs","37826","0x3CA92D11 ^ _003CModule_003E_007Be69553f9_002Deb39_002D49cd_002D9d77_002Da4ee304d94f7_007D.m_7b86004a82fb42ee97ea7d5e58574563.m_c10a6115b19c4927ae8ffc79f8f16dfb","mess_PleaseSelectApc"
"PvfCode\ViewModels\independent_drop\Independent_drop_ViewModel.cs","37870","0x768A6A68 ^ _003CModule_003E_007Be69553f9_002Deb39_002D49cd_002D9d77_002Da4ee304d94f7_007D.m_7b86004a82fb42ee97ea7d5e58574563.m_5f32481f68ae4c7eaeea7ec68a5ff47b","mess_Independent_drop_DropType_manual"
"PvfCode\ViewModels\independent_drop\Independent_drop_ViewModel.cs","37948","0x768A6DBA ^ _003CModule_003E_007Be69553f9_002Deb39_002D49cd_002D9d77_002Da4ee304d94f7_007D.m_7b86004a82fb42ee97ea7d5e58574563.m_5f32481f68ae4c7eaeea7ec68a5ff47b","mess_DropType_manual"
"PvfCode\ViewModels\independent_drop\Independent_drop_ViewModel.cs","37992","0xF023C78 ^ _003CModule_003E_007Be69553f9_002Deb39_002D49cd_002D9d77_002Da4ee304d94f7_007D.m_7b86004a82fb42ee97ea7d5e58574563.m_e5d5198bec9744b280b22d7dede4d8ad","ItemCodeSelectedItems"
"PvfCode\ViewModels\independent_drop\Independent_drop_ViewModel.cs","38038","0x6D26A658 ^ _003CModule_003E_007Be69553f9_002Deb39_002D49cd_002D9d77_002Da4ee304d94f7_007D.m_7b86004a82fb42ee97ea7d5e58574563.m_a1b83f1dd0754677898be265fae789c4","mess_PleaseSelectItem"
"PvfCode\ViewModels\independent_drop\Independent_drop_ViewModel.cs","38084","0x201D11C ^ _003CModule_003E_007Be69553f9_002Deb39_002D49cd_002D9d77_002Da4ee304d94f7_007D.m_7b86004a82fb42ee97ea7d5e58574563.m_582a7f02cd3044949cbbc8d81e970cdb","mess_PleaseSelectItemBatch"
"PvfCode\ViewModels\independent_drop\Independent_drop_ViewModel.cs","38140","0x21870D52 ^ _003CModule_003E_007Be69553f9_002Deb39_002D49cd_002D9d77_002Da4ee304d94f7_007D.m_7b86004a82fb42ee97ea7d5e58574563.m_a6871abdbd314ec9bd2de23164bed82c","mess_DeleteItemConfirm"
"PvfCode\ViewModels\independent_drop\Independent_drop_ViewModel.cs","80086","0x527B9E04 ^ _003CModule_003E_007Be69553f9_002Deb39_002D49cd_002D9d77_002Da4ee304d94f7_007D.m_7b86004a82fb42ee97ea7d5e58574563.m_cb81f441a98e4bd493b61df435bbdbdb","mess_IndependentdropLstDataError"
"PvfCode\ViewModels\independent_drop\Independent_drop_ViewModel.cs","80154","0x70CD44E6 ^ _003CModule_003E_007Be69553f9_002Deb39_002D49cd_002D9d77_002Da4ee304d94f7_007D.m_7b86004a82fb42ee97ea7d5e58574563.m_ee8424bd48bb442e9a823a15df5a62b4","mess_IndependentdropLstDataError_17"
"PvfCode\ViewModels\independent_drop\Independent_drop_ViewModel.cs","80154","0x93238AD ^ _003CModule_003E_007Be69553f9_002Deb39_002D49cd_002D9d77_002Da4ee304d94f7_007D.m_7b86004a82fb42ee97ea7d5e58574563.m_a47e9e4bf3624e7291689f8fb4b10989","mess_IndependentdropLstDataError_17"
"PvfCode\ViewModels\independent_drop\Independent_drop_ViewModel.cs","80228","0x51F0ECA8 ^ _003CModule_003E_007Be69553f9_002Deb39_002D49cd_002D9d77_002Da4ee304d94f7_007D.m_7b86004a82fb42ee97ea7d5e58574563.m_e9daf7d92d7e4446976bda811e90502a","mess_IndependentdropLstDataError_DropFile"
"PvfCode\ViewModels\independent_drop\Independent_drop_ViewModel.cs","80314","0x6779B5B3 ^ _003CModule_003E_007Be69553f9_002Deb39_002D49cd_002D9d77_002Da4ee304d94f7_007D.m_7b86004a82fb42ee97ea7d5e58574563.m_e0f0c9b53f5f4d0e88dcbb6df9cbe106","mess_IndependentdropLstDataError_NoListTag"
"PvfCode\ViewModels\independent_drop\Independent_drop_ViewModel.cs","80402","0x9323BA5 ^ _003CModule_003E_007Be69553f9_002Deb39_002D49cd_002D9d77_002Da4ee304d94f7_007D.m_7b86004a82fb42ee97ea7d5e58574563.m_a47e9e4bf3624e7291689f8fb4b10989","mess_IndependentdropLstDataError_NotInt32"
"PvfCode\ViewModels\independent_drop\Independent_drop_ViewModel.cs","80488","0x89BB241 ^ _003CModule_003E_007Be69553f9_002Deb39_002D49cd_002D9d77_002Da4ee304d94f7_007D.m_7b86004a82fb42ee97ea7d5e58574563.m_cf19654829b546c5ba704a307b4e0bfa","aaa"
"PvfCode\ViewModels\independent_drop\Independent_drop_ViewModel.cs","80498","0x636D3878 ^ _003CModule_003E_007Be69553f9_002Deb39_002D49cd_002D9d77_002Da4ee304d94f7_007D.m_7b86004a82fb42ee97ea7d5e58574563.m_972142dcef4a4cfba572768c2212069f","bbb"
"PvfCode\ViewModels\independent_drop\Independent_drop_ViewModel.cs","80508","0x35083365 ^ _003CModule_003E_007Be69553f9_002Deb39_002D49cd_002D9d77_002Da4ee304d94f7_007D.m_7b86004a82fb42ee97ea7d5e58574563.m_c3720eb655124e6e81b317ef170605cd","mess_IndependentdropLstDataError_ExtraListTag"
"PvfCode\ViewModels\independent_drop\ValidationRules\RequiredValidationRule.cs","38188","0x2D97B22D ^ _003CModule_003E_007Be69553f9_002Deb39_002D49cd_002D9d77_002Da4ee304d94f7_007D.m_7b86004a82fb42ee97ea7d5e58574563.m_59a7418b35384ddea3432ed6abd3f702","You cannot leave the {0} field empty."
"PvfCode\ViewModels\independent_drop\ValidationRules\RequiredValidationRule.cs","38188","-1499773451 ^ -1347890834 ^ _003CModule_003E_007Be69553f9_002Deb39_002D49cd_002D9d77_002Da4ee304d94f7_007D.m_7b86004a82fb42ee97ea7d5e58574563.m_a47e9e4bf3624e7291689f8fb4b10989","You cannot leave the {0} field empty."
"PvfCode\ViewModels\independent_drop\ValidationRules\RequiredValidationRule.cs","38266","0x89A1D53 ^ _003CModule_003E_007Be69553f9_002Deb39_002D49cd_002D9d77_002Da4ee304d94f7_007D.m_7b86004a82fb42ee97ea7d5e58574563.m_cf19654829b546c5ba704a307b4e0bfa","mess_LstIdCannotBeEmpty"
"PvfCode\ViewModels\independent_drop\ValidationRules\RequiredValidationRule.cs","38316","0xDFC53 ^ _003CModule_003E_007Be69553f9_002Deb39_002D49cd_002D9d77_002Da4ee304d94f7_007D.m_7b86004a82fb42ee97ea7d5e58574563.m_ffc261d25c834aebbee1da6f61154719","mess_LstIdMustBeInt"
"PvfCode\ViewModels\independent_drop\ValidationRules\RequiredValidationRule.cs","38358","0x70D14872 ^ _003CModule_003E_007Be69553f9_002Deb39_002D49cd_002D9d77_002Da4ee304d94f7_007D.m_7b86004a82fb42ee97ea7d5e58574563.m_541fbf15174a41ce952b7916fd6276fe","mess_LstIdNotExistPleaseCheck"
"PvfCode\ViewModels\independent_drop\ViewDropSelectItemCodesViewModel.cs","24468","0xB8B7205 ^ _003CModule_003E_007Be69553f9_002Deb39_002D49cd_002D9d77_002Da4ee304d94f7_007D.m_7b86004a82fb42ee97ea7d5e58574563.m_e066a82cd08141c08d4817f20a7d29f3","equipment"
"PvfCode\ViewModels\independent_drop\ViewDropSelectItemCodesViewModel.cs","24490","0x1B5ECB9C ^ _003CModule_003E_007Be69553f9_002Deb39_002D49cd_002D9d77_002Da4ee304d94f7_007D.m_7b86004a82fb42ee97ea7d5e58574563.m_995dc3f7a3024d82ba87d77f60d35fca","stackable"
"PvfCode\ViewModels\LoggerViewModel.cs","3572","0x2B2EB382 ^ _003CModule_003E_007Be69553f9_002Deb39_002D49cd_002D9d77_002Da4ee304d94f7_007D.m_7b86004a82fb42ee97ea7d5e58574563.m_5b1a4905efa74bdd971c79e2845c55df","
"
"PvfCode\ViewModels\LoggerViewModel.cs","3572","0x38551581 ^ _003CModule_003E_007Be69553f9_002Deb39_002D49cd_002D9d77_002Da4ee304d94f7_007D.m_7b86004a82fb42ee97ea7d5e58574563.m_0273572c23d24952bbcc01600fea0084","
"
"PvfCode\ViewModels\LoggerViewModel.cs","3572","0x2B2EB382 ^ _003CModule_003E_007Be69553f9_002Deb39_002D49cd_002D9d77_002Da4ee304d94f7_007D.m_7b86004a82fb42ee97ea7d5e58574563.m_5b1a4905efa74bdd971c79e2845c55df","
"
"PvfCode\ViewModels\LoggerViewModel.cs","3580","0x30651BF6 ^ _003CModule_003E_007Be69553f9_002Deb39_002D49cd_002D9d77_002Da4ee304d94f7_007D.m_7b86004a82fb42ee97ea7d5e58574563.m_add69167a2c54fe0bb2e5f0af2545839","	"
"PvfCode\ViewModels\LoggerViewModel.cs","17736","0x5FF2ACE9 ^ _003CModule_003E_007Be69553f9_002Deb39_002D49cd_002D9d77_002Da4ee304d94f7_007D.m_7b86004a82fb42ee97ea7d5e58574563.m_558c76f87bdc4d51a68101d12bccb609"," "
"PvfCode\ViewModels\LoggerViewModel.cs","17736","0x5FF2ACE9 ^ _003CModule_003E_007Be69553f9_002Deb39_002D49cd_002D9d77_002Da4ee304d94f7_007D.m_7b86004a82fb42ee97ea7d5e58574563.m_558c76f87bdc4d51a68101d12bccb609"," "
"PvfCode\ViewModels\LoggerViewModel.cs","29098","0x89AF983 ^ _003CModule_003E_007Be69553f9_002Deb39_002D49cd_002D9d77_002Da4ee304d94f7_007D.m_7b86004a82fb42ee97ea7d5e58574563.m_cf19654829b546c5ba704a307b4e0bfa","_Document"
"PvfCode\ViewModels\LoggerViewModel.cs","29120","0x690E90E2 ^ _003CModule_003E_007Be69553f9_002Deb39_002D49cd_002D9d77_002Da4ee304d94f7_007D.m_7b86004a82fb42ee97ea7d5e58574563.m_864fc4c2b93e4f099c2c07aa23d782f6","Highlighting"
"PvfCode\ViewModels\LoggerViewModel.cs","29148","1427621874 ^ 0x25C66B8A ^ _003CModule_003E_007Be69553f9_002Deb39_002D49cd_002D9d77_002Da4ee304d94f7_007D.m_7b86004a82fb42ee97ea7d5e58574563.m_541fbf15174a41ce952b7916fd6276fe","PvfUtility：
"
"PvfCode\ViewModels\LoggerViewModel.cs","29178","0x3D9BA1E3 ^ _003CModule_003E_007Be69553f9_002Deb39_002D49cd_002D9d77_002Da4ee304d94f7_007D.m_7b86004a82fb42ee97ea7d5e58574563.m_825859c4ee504b91a6a1d6e7fabf4f01","LOG"
"PvfCode\ViewModels\LoggerViewModel.cs","29188","0x20137DC ^ _003CModule_003E_007Be69553f9_002Deb39_002D49cd_002D9d77_002Da4ee304d94f7_007D.m_7b86004a82fb42ee97ea7d5e58574563.m_582a7f02cd3044949cbbc8d81e970cdb","ErrorItems"
"PvfCode\ViewModels\LoggerViewModel.cs","29212","0x662DB32C ^ _003CModule_003E_007Be69553f9_002Deb39_002D49cd_002D9d77_002Da4ee304d94f7_007D.m_7b86004a82fb42ee97ea7d5e58574563.m_1e27397300b24ef4ba98a645a53798c2","Error："
"PvfCode\ViewModels\LoggerViewModel.cs","29228","0x20137F4 ^ _003CModule_003E_007Be69553f9_002Deb39_002D49cd_002D9d77_002Da4ee304d94f7_007D.m_7b86004a82fb42ee97ea7d5e58574563.m_582a7f02cd3044949cbbc8d81e970cdb",":"
"PvfCode\ViewModels\LoggerViewModel.cs","29234","0x5D5F358D ^ _003CModule_003E_007Be69553f9_002Deb39_002D49cd_002D9d77_002Da4ee304d94f7_007D.m_7b86004a82fb42ee97ea7d5e58574563.m_a471290541044d3bb697860b55cc6bc1","Warning："
"PvfCode\ViewModels\LoggerViewModel.cs","29254","0xB1D54FE ^ _003CModule_003E_007Be69553f9_002Deb39_002D49cd_002D9d77_002Da4ee304d94f7_007D.m_7b86004a82fb42ee97ea7d5e58574563.m_df89dfc2a96347ad9471b517744dea02","Success："
"PvfCode\ViewModels\LoggerViewModel.cs","29274","0x4E1958C3 ^ _003CModule_003E_007Be69553f9_002Deb39_002D49cd_002D9d77_002Da4ee304d94f7_007D.m_7b86004a82fb42ee97ea7d5e58574563.m_24a7cb1bd49e4021b5d8fa5493d816ca","导入结果"
"PvfCode\ViewModels\LoggerViewModel.cs","29286","0x4BA0C0A2 ^ _003CModule_003E_007Be69553f9_002Deb39_002D49cd_002D9d77_002Da4ee304d94f7_007D.m_7b86004a82fb42ee97ea7d5e58574563.m_d6a39a5ddb584a4d998858fb4ceeb027","\r\n"
"PvfCode\ViewModels\LoggerViewModel.cs","29298","0x1B5EE644 ^ _003CModule_003E_007Be69553f9_002Deb39_002D49cd_002D9d77_002Da4ee304d94f7_007D.m_7b86004a82fb42ee97ea7d5e58574563.m_995dc3f7a3024d82ba87d77f60d35fca","\t"
"PvfCode\ViewModels\LoggerViewModel.cs","74820","0x5FF3CDE5 ^ _003CModule_003E_007Be69553f9_002Deb39_002D49cd_002D9d77_002Da4ee304d94f7_007D.m_7b86004a82fb42ee97ea7d5e58574563.m_558c76f87bdc4d51a68101d12bccb609","HH:mm:ss"
"PvfCode\ViewModels\LoggerViewModel.cs","74820","0x5FF3CDE5 ^ _003CModule_003E_007Be69553f9_002Deb39_002D49cd_002D9d77_002Da4ee304d94f7_007D.m_7b86004a82fb42ee97ea7d5e58574563.m_558c76f87bdc4d51a68101d12bccb609","HH:mm:ss"
"PvfCode\ViewModels\Login\LoginViewModel.cs","34306","0x5DBB761B ^ _003CModule_003E_007Be69553f9_002Deb39_002D49cd_002D9d77_002Da4ee304d94f7_007D.m_7b86004a82fb42ee97ea7d5e58574563.m_4dccf8dd3beb468396324e307ead22cc","Title"
"PvfCode\ViewModels\Login\LoginViewModel.cs","34320","0x5FF26FB1 ^ _003CModule_003E_007Be69553f9_002Deb39_002D49cd_002D9d77_002Da4ee304d94f7_007D.m_7b86004a82fb42ee97ea7d5e58574563.m_558c76f87bdc4d51a68101d12bccb609","PasswordCaption"
"PvfCode\ViewModels\Login\LoginViewModel.cs","34320","0x7A7E7BAC ^ _003CModule_003E_007Be69553f9_002Deb39_002D49cd_002D9d77_002Da4ee304d94f7_007D.m_7b86004a82fb42ee97ea7d5e58574563.m_22c98bd810e84970b541501ace0b424a","PasswordCaption"
"PvfCode\ViewModels\Login\LoginViewModel.cs","34354","0x41EDFDC0 ^ _003CModule_003E_007Be69553f9_002Deb39_002D49cd_002D9d77_002Da4ee304d94f7_007D.m_7b86004a82fb42ee97ea7d5e58574563.m_ba7ada5c647b4fc094df6608a5b444bd","NickNameEditBoxVisibility"
"PvfCode\ViewModels\Login\LoginViewModel.cs","34408","0x38559E1D ^ _003CModule_003E_007Be69553f9_002Deb39_002D49cd_002D9d77_002Da4ee304d94f7_007D.m_7b86004a82fb42ee97ea7d5e58574563.m_0273572c23d24952bbcc01600fea0084","LoginWindowTitle"
"PvfCode\ViewModels\Login\LoginViewModel.cs","34408","0x11B99944 ^ _003CModule_003E_007Be69553f9_002Deb39_002D49cd_002D9d77_002Da4ee304d94f7_007D.m_7b86004a82fb42ee97ea7d5e58574563.m_39a59c8c3fda4dbdaaf2213c010b00a8","LoginWindowTitle"
"PvfCode\ViewModels\Login\LoginViewModel.cs","34444","0x2E4B93F7 ^ _003CModule_003E_007Be69553f9_002Deb39_002D49cd_002D9d77_002Da4ee304d94f7_007D.m_7b86004a82fb42ee97ea7d5e58574563.m_3f6f6322abdc4634a39525b5eb1c92fd","RegisterWindowTitle"
"PvfCode\ViewModels\Login\LoginViewModel.cs","34486","0x4D235B0D ^ _003CModule_003E_007Be69553f9_002Deb39_002D49cd_002D9d77_002Da4ee304d94f7_007D.m_7b86004a82fb42ee97ea7d5e58574563.m_5924bd2461b7415baa9211b5f1cb71b2","FindPasswordWindowTitle"
"PvfCode\ViewModels\Login\LoginViewModel.cs","34536","-1499773451 ^ -143854372 ^ _003CModule_003E_007Be69553f9_002Deb39_002D49cd_002D9d77_002Da4ee304d94f7_007D.m_7b86004a82fb42ee97ea7d5e58574563.m_c14a170a5a60490084306350f271c7f1","NewPasswordCaption"
"PvfCode\ViewModels\Login\LoginViewModel.cs","34576","0x6D26B5DE ^ _003CModule_003E_007Be69553f9_002Deb39_002D49cd_002D9d77_002Da4ee304d94f7_007D.m_7b86004a82fb42ee97ea7d5e58574563.m_a1b83f1dd0754677898be265fae789c4","LoginWindow_LoginLoading"
"PvfCode\ViewModels\Login\LoginViewModel.cs","34628","0x10187417 ^ _003CModule_003E_007Be69553f9_002Deb39_002D49cd_002D9d77_002Da4ee304d94f7_007D.m_7b86004a82fb42ee97ea7d5e58574563.m_80f251012e8548e0baf3267defb3d706","LoginWindow_RegisterLoading"
"PvfCode\ViewModels\Login\LoginViewModel.cs","34686","0x527A21AC ^ _003CModule_003E_007Be69553f9_002Deb39_002D49cd_002D9d77_002Da4ee304d94f7_007D.m_7b86004a82fb42ee97ea7d5e58574563.m_cb81f441a98e4bd493b61df435bbdbdb","LoginWindow_FindPasswordLoading"
"PvfCode\ViewModels\Login\LoginViewModel.cs","79946","0x4D22E5F1 ^ _003CModule_003E_007Be69553f9_002Deb39_002D49cd_002D9d77_002Da4ee304d94f7_007D.m_7b86004a82fb42ee97ea7d5e58574563.m_5924bd2461b7415baa9211b5f1cb71b2","Forget"
"PvfCode\ViewModels\Login\LoginViewModel.cs","79962","0x6D270A94 ^ _003CModule_003E_007Be69553f9_002Deb39_002D49cd_002D9d77_002Da4ee304d94f7_007D.m_7b86004a82fb42ee97ea7d5e58574563.m_a1b83f1dd0754677898be265fae789c4","LoginWindow_FindPasswordSuccess"
"PvfCode\ViewModels\Login\LoginViewModel.cs","80028","0x51F0ED50 ^ _003CModule_003E_007Be69553f9_002Deb39_002D49cd_002D9d77_002Da4ee304d94f7_007D.m_7b86004a82fb42ee97ea7d5e58574563.m_e9daf7d92d7e4446976bda811e90502a","LoginWindow_RegisterSuccess"
"PvfCode\ViewModels\Login\WindowEditUserInfoViewModel.cs","34752","0x2E4B92BB ^ _003CModule_003E_007Be69553f9_002Deb39_002D49cd_002D9d77_002Da4ee304d94f7_007D.m_7b86004a82fb42ee97ea7d5e58574563.m_3f6f6322abdc4634a39525b5eb1c92fd","http://"
"PvfCode\ViewModels\Login\WindowEditUserInfoViewModel.cs","34770","0x46DA96DB ^ _003CModule_003E_007Be69553f9_002Deb39_002D49cd_002D9d77_002Da4ee304d94f7_007D.m_7b86004a82fb42ee97ea7d5e58574563.m_34a93bd635aa4a0cb45ae24212f58e0f","https://"
"PvfCode\ViewModels\Login\WindowEditUserInfoViewModel.cs","34790","0x417D64A ^ _003CModule_003E_007Be69553f9_002Deb39_002D49cd_002D9d77_002Da4ee304d94f7_007D.m_7b86004a82fb42ee97ea7d5e58574563.m_8fd2865c456d4936bd87c4a63c3e7ba1","SelectAvatarWindowTitle"
"PvfCode\ViewModels\Login\WindowEditUserInfoViewModel.cs","34840","0x25C09D8F ^ _003CModule_003E_007Be69553f9_002Deb39_002D49cd_002D9d77_002Da4ee304d94f7_007D.m_7b86004a82fb42ee97ea7d5e58574563.m_c8944dd9ca4b4079b8678bce0630ff7d","Luanguage_ImageName"
"PvfCode\ViewModels\Login\WindowEditUserInfoViewModel.cs","34882","0x47B995A7 ^ _003CModule_003E_007Be69553f9_002Deb39_002D49cd_002D9d77_002Da4ee304d94f7_007D.m_7b86004a82fb42ee97ea7d5e58574563.m_0bd286ac068745bfb29b92d10b515130",".jpg;*.png;*.jpeg;*.bmp;*.gif|"
"PvfCode\ViewModels\Login\WindowEditUserInfoViewModel.cs","34946","0x30659E88 ^ _003CModule_003E_007Be69553f9_002Deb39_002D49cd_002D9d77_002Da4ee304d94f7_007D.m_7b86004a82fb42ee97ea7d5e58574563.m_add69167a2c54fe0bb2e5f0af2545839","Luanguage_AllFiles"
"PvfCode\ViewModels\Login\WindowEditUserInfoViewModel.cs","34986","0x3D9B58B3 ^ _003CModule_003E_007Be69553f9_002Deb39_002D49cd_002D9d77_002Da4ee304d94f7_007D.m_7b86004a82fb42ee97ea7d5e58574563.m_825859c4ee504b91a6a1d6e7fabf4f01","|*.*"
"PvfCode\ViewModels\LstTools\AddarrayLstModels\AddArrayLstModel.cs","34258","0x5DBB75CB ^ _003CModule_003E_007Be69553f9_002Deb39_002D49cd_002D9d77_002Da4ee304d94f7_007D.m_7b86004a82fb42ee97ea7d5e58574563.m_4dccf8dd3beb468396324e307ead22cc","AddArrayLstDescription"
"PvfCode\ViewModels\LstTools\WinLstToolsViewModel.cs","3572","0x46DA1CFD ^ _003CModule_003E_007Be69553f9_002Deb39_002D49cd_002D9d77_002Da4ee304d94f7_007D.m_7b86004a82fb42ee97ea7d5e58574563.m_34a93bd635aa4a0cb45ae24212f58e0f","
"
"PvfCode\ViewModels\LstTools\WinLstToolsViewModel.cs","3572","0x47B91011 ^ _003CModule_003E_007Be69553f9_002Deb39_002D49cd_002D9d77_002Da4ee304d94f7_007D.m_7b86004a82fb42ee97ea7d5e58574563.m_0bd286ac068745bfb29b92d10b515130","
"
"PvfCode\ViewModels\LstTools\WinLstToolsViewModel.cs","3580","0x704E36D3 ^ _003CModule_003E_007Be69553f9_002Deb39_002D49cd_002D9d77_002Da4ee304d94f7_007D.m_7b86004a82fb42ee97ea7d5e58574563.m_c4f70e4f04fd48b4b9edaf9a9b8fdeae","	"
"PvfCode\ViewModels\LstTools\WinLstToolsViewModel.cs","3580","0x51F1D830 ^ _003CModule_003E_007Be69553f9_002Deb39_002D49cd_002D9d77_002Da4ee304d94f7_007D.m_7b86004a82fb42ee97ea7d5e58574563.m_e9daf7d92d7e4446976bda811e90502a","	"
"PvfCode\ViewModels\LstTools\WinLstToolsViewModel.cs","3580","0xF02A5EC ^ _003CModule_003E_007Be69553f9_002Deb39_002D49cd_002D9d77_002Da4ee304d94f7_007D.m_7b86004a82fb42ee97ea7d5e58574563.m_e5d5198bec9744b280b22d7dede4d8ad","	"
"PvfCode\ViewModels\LstTools\WinLstToolsViewModel.cs","3902","0x30651934 ^ _003CModule_003E_007Be69553f9_002Deb39_002D49cd_002D9d77_002Da4ee304d94f7_007D.m_7b86004a82fb42ee97ea7d5e58574563.m_add69167a2c54fe0bb2e5f0af2545839","`"
"PvfCode\ViewModels\LstTools\WinLstToolsViewModel.cs","3902","0x42E6F922 ^ _003CModule_003E_007Be69553f9_002Deb39_002D49cd_002D9d77_002Da4ee304d94f7_007D.m_7b86004a82fb42ee97ea7d5e58574563.m_bbd6700d16934fad8cc9f8d19544f21f","`"
"PvfCode\ViewModels\LstTools\WinLstToolsViewModel.cs","3902","0x2014AE6 ^ _003CModule_003E_007Be69553f9_002Deb39_002D49cd_002D9d77_002Da4ee304d94f7_007D.m_7b86004a82fb42ee97ea7d5e58574563.m_582a7f02cd3044949cbbc8d81e970cdb","`"
"PvfCode\ViewModels\LstTools\WinLstToolsViewModel.cs","17736","0x42E6B354 ^ _003CModule_003E_007Be69553f9_002Deb39_002D49cd_002D9d77_002Da4ee304d94f7_007D.m_7b86004a82fb42ee97ea7d5e58574563.m_bbd6700d16934fad8cc9f8d19544f21f"," "
"PvfCode\ViewModels\LstTools\WinLstToolsViewModel.cs","17736","0x51F19084 ^ _003CModule_003E_007Be69553f9_002Deb39_002D49cd_002D9d77_002Da4ee304d94f7_007D.m_7b86004a82fb42ee97ea7d5e58574563.m_e9daf7d92d7e4446976bda811e90502a"," "
"PvfCode\ViewModels\LstTools\WinLstToolsViewModel.cs","17736","0x6C4CA0E8 ^ _003CModule_003E_007Be69553f9_002Deb39_002D49cd_002D9d77_002Da4ee304d94f7_007D.m_7b86004a82fb42ee97ea7d5e58574563.m_c4ac9f35eb704455b489a780e86cf909"," "
"PvfCode\ViewModels\LstTools\WinLstToolsViewModel.cs","19830","0x42E6BB6A ^ _003CModule_003E_007Be69553f9_002Deb39_002D49cd_002D9d77_002Da4ee304d94f7_007D.m_7b86004a82fb42ee97ea7d5e58574563.m_bbd6700d16934fad8cc9f8d19544f21f","mess_FileNotExist"
"PvfCode\ViewModels\LstTools\WinLstToolsViewModel.cs","19830","0x6D267FB8 ^ _003CModule_003E_007Be69553f9_002Deb39_002D49cd_002D9d77_002Da4ee304d94f7_007D.m_7b86004a82fb42ee97ea7d5e58574563.m_a1b83f1dd0754677898be265fae789c4","mess_FileNotExist"
"PvfCode\ViewModels\LstTools\WinLstToolsViewModel.cs","19830","0x4BA0FFB2 ^ _003CModule_003E_007Be69553f9_002Deb39_002D49cd_002D9d77_002Da4ee304d94f7_007D.m_7b86004a82fb42ee97ea7d5e58574563.m_d6a39a5ddb584a4d998858fb4ceeb027","mess_FileNotExist"
"PvfCode\ViewModels\LstTools\WinLstToolsViewModel.cs","19830","0x51F198BA ^ _003CModule_003E_007Be69553f9_002Deb39_002D49cd_002D9d77_002Da4ee304d94f7_007D.m_7b86004a82fb42ee97ea7d5e58574563.m_e9daf7d92d7e4446976bda811e90502a","mess_FileNotExist"
"PvfCode\ViewModels\LstTools\WinLstToolsViewModel.cs","33532","0x1B5E16CA ^ _003CModule_003E_007Be69553f9_002Deb39_002D49cd_002D9d77_002Da4ee304d94f7_007D.m_7b86004a82fb42ee97ea7d5e58574563.m_995dc3f7a3024d82ba87d77f60d35fca","//代码格式：可以用换行符分割:
1
2
3
//也可以用制表符分割：1	2	3	

//lst行格式：
10018	`character/common/jacket/cloth/vest_owool.equ`
10019	`character/common/jacket/cloth/vest_wool.equ`
10020	`character/common/jacket/cloth/robe_cfiber.equ`

//文件完整路径格式：
stackable/10000418_10000586.stk
stackable/10000418_10000587.stk
stackable//10000418_10000590.stk"
"PvfCode\ViewModels\LstTools\WinLstToolsViewModel.cs","34206","0x201C046 ^ _003CModule_003E_007Be69553f9_002Deb39_002D49cd_002D9d77_002Da4ee304d94f7_007D.m_7b86004a82fb42ee97ea7d5e58574563.m_582a7f02cd3044949cbbc8d81e970cdb","mess_SortSuccessAndSaved"
"PvfCode\ViewModels\LstTools\WinLstToolsViewModel.cs","37294","0x19F9F56F ^ _003CModule_003E_007Be69553f9_002Deb39_002D49cd_002D9d77_002Da4ee304d94f7_007D.m_7b86004a82fb42ee97ea7d5e58574563.m_afceaa2a86c14a5c9cf1f8f0fdd0f590","#PVF_File
"
"PvfCode\ViewModels\LstTools\WinLstToolsViewModel.cs","37294","0xB1DB716 ^ _003CModule_003E_007Be69553f9_002Deb39_002D49cd_002D9d77_002Da4ee304d94f7_007D.m_7b86004a82fb42ee97ea7d5e58574563.m_df89dfc2a96347ad9471b517744dea02","#PVF_File
"
"PvfCode\ViewModels\LstTools\WinLstToolsViewModel.cs","37294","0x2E4B84D5 ^ _003CModule_003E_007Be69553f9_002Deb39_002D49cd_002D9d77_002Da4ee304d94f7_007D.m_7b86004a82fb42ee97ea7d5e58574563.m_3f6f6322abdc4634a39525b5eb1c92fd","#PVF_File
"
"PvfCode\ViewModels\LstTools\WinLstToolsViewModel.cs","37294","0x2D97B6AF ^ _003CModule_003E_007Be69553f9_002Deb39_002D49cd_002D9d77_002Da4ee304d94f7_007D.m_7b86004a82fb42ee97ea7d5e58574563.m_59a7418b35384ddea3432ed6abd3f702","#PVF_File
"
"PvfCode\ViewModels\LstTools\WinLstToolsViewModel.cs","67904","0x1019FA13 ^ _003CModule_003E_007Be69553f9_002Deb39_002D49cd_002D9d77_002Da4ee304d94f7_007D.m_7b86004a82fb42ee97ea7d5e58574563.m_80f251012e8548e0baf3267defb3d706","	`"
"PvfCode\ViewModels\LstTools\WinLstToolsViewModel.cs","67904","0x13FD4E2A ^ _003CModule_003E_007Be69553f9_002Deb39_002D49cd_002D9d77_002Da4ee304d94f7_007D.m_7b86004a82fb42ee97ea7d5e58574563.m_a7cc82b779404332a260d01290ecb801","	`"
"PvfCode\ViewModels\LstTools\WinLstToolsViewModel.cs","79134","0x527B93CC ^ _003CModule_003E_007Be69553f9_002Deb39_002D49cd_002D9d77_002Da4ee304d94f7_007D.m_7b86004a82fb42ee97ea7d5e58574563.m_cb81f441a98e4bd493b61df435bbdbdb","mess_PleaseSelectLst"
"PvfCode\ViewModels\LstTools\WinLstToolsViewModel.cs","79134","0x38542D6B ^ _003CModule_003E_007Be69553f9_002Deb39_002D49cd_002D9d77_002Da4ee304d94f7_007D.m_7b86004a82fb42ee97ea7d5e58574563.m_0273572c23d24952bbcc01600fea0084","mess_PleaseSelectLst"
"PvfCode\ViewModels\LstTools\WinLstToolsViewModel.cs","79178","0x5D5E72F5 ^ _003CModule_003E_007Be69553f9_002Deb39_002D49cd_002D9d77_002Da4ee304d94f7_007D.m_7b86004a82fb42ee97ea7d5e58574563.m_a471290541044d3bb697860b55cc6bc1","mess_PleaseInputLst"
"PvfCode\ViewModels\LstTools\WinLstToolsViewModel.cs","79220","0x11B82A58 ^ _003CModule_003E_007Be69553f9_002Deb39_002D49cd_002D9d77_002Da4ee304d94f7_007D.m_7b86004a82fb42ee97ea7d5e58574563.m_39a59c8c3fda4dbdaaf2213c010b00a8","mess_AddFailed"
"PvfCode\ViewModels\LstTools\WinLstToolsViewModel.cs","79252","0x25C12003 ^ _003CModule_003E_007Be69553f9_002Deb39_002D49cd_002D9d77_002Da4ee304d94f7_007D.m_7b86004a82fb42ee97ea7d5e58574563.m_c8944dd9ca4b4079b8678bce0630ff7d","mess_AddFailedFormatError"
"PvfCode\ViewModels\LstTools\WinLstToolsViewModel.cs","79306","0x70CD4836 ^ _003CModule_003E_007Be69553f9_002Deb39_002D49cd_002D9d77_002Da4ee304d94f7_007D.m_7b86004a82fb42ee97ea7d5e58574563.m_ee8424bd48bb442e9a823a15df5a62b4","mess_AddFailedNotNumber"
"PvfCode\ViewModels\LstTools\WinLstToolsViewModel.cs","79356","0x11B82AD0 ^ _003CModule_003E_007Be69553f9_002Deb39_002D49cd_002D9d77_002Da4ee304d94f7_007D.m_7b86004a82fb42ee97ea7d5e58574563.m_39a59c8c3fda4dbdaaf2213c010b00a8","mess_AddFailedNotPath"
"PvfCode\ViewModels\LstTools\WinLstToolsViewModel.cs","79402","1437138932 ^ 0x73F5E41C ^ _003CModule_003E_007Be69553f9_002Deb39_002D49cd_002D9d77_002Da4ee304d94f7_007D.m_7b86004a82fb42ee97ea7d5e58574563.m_00f9435ae4b3435e95ad1d31b77e7a6f","mess_DuplicationOfCode"
"PvfCode\ViewModels\LstTools\WinLstToolsViewModel.cs","79402","0x7C0E28C8 ^ _003CModule_003E_007Be69553f9_002Deb39_002D49cd_002D9d77_002Da4ee304d94f7_007D.m_7b86004a82fb42ee97ea7d5e58574563.m_2bc1918cd21d40e9b73926d6c2cbc512","mess_DuplicationOfCode"
"PvfCode\ViewModels\LstTools\WinLstToolsViewModel.cs","79450","0x19F8529B ^ _003CModule_003E_007Be69553f9_002Deb39_002D49cd_002D9d77_002Da4ee304d94f7_007D.m_7b86004a82fb42ee97ea7d5e58574563.m_afceaa2a86c14a5c9cf1f8f0fdd0f590","mess_FilePathNotExist_3"
"PvfCode\ViewModels\LstTools\WinLstToolsViewModel.cs","79500","0x3D9AE695 ^ _003CModule_003E_007Be69553f9_002Deb39_002D49cd_002D9d77_002Da4ee304d94f7_007D.m_7b86004a82fb42ee97ea7d5e58574563.m_825859c4ee504b91a6a1d6e7fabf4f01","mess_OperationComplete"
"PvfCode\ViewModels\LstTools\WinLstToolsViewModel.cs","79548","0x5FF3DF1D ^ _003CModule_003E_007Be69553f9_002Deb39_002D49cd_002D9d77_002Da4ee304d94f7_007D.m_7b86004a82fb42ee97ea7d5e58574563.m_558c76f87bdc4d51a68101d12bccb609","mess_DuplicationOfCode_1"
"PvfCode\ViewModels\LstTools\WinLstToolsViewModel.cs","79600","0x41EC4D02 ^ _003CModule_003E_007Be69553f9_002Deb39_002D49cd_002D9d77_002Da4ee304d94f7_007D.m_7b86004a82fb42ee97ea7d5e58574563.m_ba7ada5c647b4fc094df6608a5b444bd","mess_FilePathNotExist_2"
"PvfCode\ViewModels\LstTools\WinLstToolsViewModel.cs","79600","0xC5F0F ^ _003CModule_003E_007Be69553f9_002Deb39_002D49cd_002D9d77_002Da4ee304d94f7_007D.m_7b86004a82fb42ee97ea7d5e58574563.m_ffc261d25c834aebbee1da6f61154719","mess_FilePathNotExist_2"
"PvfCode\ViewModels\LstTools\WinLstToolsViewModel.cs","79650","0x2186AE8C ^ _003CModule_003E_007Be69553f9_002Deb39_002D49cd_002D9d77_002Da4ee304d94f7_007D.m_7b86004a82fb42ee97ea7d5e58574563.m_a6871abdbd314ec9bd2de23164bed82c","mess_LstDeleteSuccess"
"PvfCode\ViewModels\LstTools\WinLstToolsViewModel.cs","79650","0x89BBF0B ^ _003CModule_003E_007Be69553f9_002Deb39_002D49cd_002D9d77_002Da4ee304d94f7_007D.m_7b86004a82fb42ee97ea7d5e58574563.m_cf19654829b546c5ba704a307b4e0bfa","mess_LstDeleteSuccess"
"PvfCode\ViewModels\LstTools\WinLstToolsViewModel.cs","79696","0x1019C403 ^ _003CModule_003E_007Be69553f9_002Deb39_002D49cd_002D9d77_002Da4ee304d94f7_007D.m_7b86004a82fb42ee97ea7d5e58574563.m_80f251012e8548e0baf3267defb3d706","mess_DuplicationOfPath_1"
"PvfCode\ViewModels\LstTools\WinLstToolsViewModel.cs","79748","0x4C17A590 ^ _003CModule_003E_007Be69553f9_002Deb39_002D49cd_002D9d77_002Da4ee304d94f7_007D.m_7b86004a82fb42ee97ea7d5e58574563.m_d7eae1243bb84fa8b3e43c67ebe44716","mess_CurrentLstNoSortContent"
"PvfCode\ViewModels\LstTools\WinLstToolsViewModel.cs","79808","0x35083ED9 ^ _003CModule_003E_007Be69553f9_002Deb39_002D49cd_002D9d77_002Da4ee304d94f7_007D.m_7b86004a82fb42ee97ea7d5e58574563.m_c3720eb655124e6e81b317ef170605cd","mess_DuplicationOfCode_2"
"PvfCode\ViewModels\LstTools\WinLstToolsViewModel.cs","79860","0x659F6969 ^ _003CModule_003E_007Be69553f9_002Deb39_002D49cd_002D9d77_002Da4ee304d94f7_007D.m_7b86004a82fb42ee97ea7d5e58574563.m_0cdaa8b4a2df45ea8b368477e0c569ba","mess_SortFailed"
"PvfCode\ViewModels\LstTools\WinLstToolsViewModel.cs","79860","-1904881294 ^ -2122953066 ^ _003CModule_003E_007Be69553f9_002Deb39_002D49cd_002D9d77_002Da4ee304d94f7_007D.m_7b86004a82fb42ee97ea7d5e58574563.m_e5d5198bec9744b280b22d7dede4d8ad","mess_SortFailed"
"PvfCode\ViewModels\LstTools\WinLstToolsViewModel.cs","79894","0x93239A1 ^ _003CModule_003E_007Be69553f9_002Deb39_002D49cd_002D9d77_002Da4ee304d94f7_007D.m_7b86004a82fb42ee97ea7d5e58574563.m_a47e9e4bf3624e7291689f8fb4b10989","mess_DuplicationOfPath_2"
"PvfCode\ViewModels\MainWindowViewModel.cs","3572","0x4D23D04F ^ _003CModule_003E_007Be69553f9_002Deb39_002D49cd_002D9d77_002Da4ee304d94f7_007D.m_7b86004a82fb42ee97ea7d5e58574563.m_5924bd2461b7415baa9211b5f1cb71b2","
"
"PvfCode\ViewModels\MainWindowViewModel.cs","29306","0x6778FE73 ^ _003CModule_003E_007Be69553f9_002Deb39_002D49cd_002D9d77_002Da4ee304d94f7_007D.m_7b86004a82fb42ee97ea7d5e58574563.m_e0f0c9b53f5f4d0e88dcbb6df9cbe106","TaskbarItemProgressState"
"PvfCode\ViewModels\MainWindowViewModel.cs","29358","0x704E4981 ^ _003CModule_003E_007Be69553f9_002Deb39_002D49cd_002D9d77_002Da4ee304d94f7_007D.m_7b86004a82fb42ee97ea7d5e58574563.m_c4f70e4f04fd48b4b9edaf9a9b8fdeae","Progress"
"PvfCode\ViewModels\MainWindowViewModel.cs","29378","0x659E2C5F ^ _003CModule_003E_007Be69553f9_002Deb39_002D49cd_002D9d77_002Da4ee304d94f7_007D.m_7b86004a82fb42ee97ea7d5e58574563.m_0cdaa8b4a2df45ea8b368477e0c569ba","PvfUtility"
"PvfCode\ViewModels\MainWindowViewModel.cs","29402","0xF02DACA ^ _003CModule_003E_007Be69553f9_002Deb39_002D49cd_002D9d77_002Da4ee304d94f7_007D.m_7b86004a82fb42ee97ea7d5e58574563.m_e5d5198bec9744b280b22d7dede4d8ad","mainView"
"PvfCode\ViewModels\MainWindowViewModel.cs","29422","0x2D9755EF ^ _003CModule_003E_007Be69553f9_002Deb39_002D49cd_002D9d77_002Da4ee304d94f7_007D.m_7b86004a82fb42ee97ea7d5e58574563.m_59a7418b35384ddea3432ed6abd3f702",".pvf"
"PvfCode\ViewModels\MainWindowViewModel.cs","29422","-1863606693 ^ -36839813 ^ _003CModule_003E_007Be69553f9_002Deb39_002D49cd_002D9d77_002Da4ee304d94f7_007D.m_7b86004a82fb42ee97ea7d5e58574563.m_a1b83f1dd0754677898be265fae789c4",".pvf"
"PvfCode\ViewModels\MainWindowViewModel.cs","29422","0x46DA63E7 ^ _003CModule_003E_007Be69553f9_002Deb39_002D49cd_002D9d77_002Da4ee304d94f7_007D.m_7b86004a82fb42ee97ea7d5e58574563.m_34a93bd635aa4a0cb45ae24212f58e0f",".pvf"
"PvfCode\ViewModels\MainWindowViewModel.cs","29434","-1499773451 ^ -143990077 ^ _003CModule_003E_007Be69553f9_002Deb39_002D49cd_002D9d77_002Da4ee304d94f7_007D.m_7b86004a82fb42ee97ea7d5e58574563.m_e9daf7d92d7e4446976bda811e90502a","LoadPvfCmdError："
"PvfCode\ViewModels\MainWindowViewModel.cs","29470","0xD1AE1 ^ _003CModule_003E_007Be69553f9_002Deb39_002D49cd_002D9d77_002Da4ee304d94f7_007D.m_7b86004a82fb42ee97ea7d5e58574563.m_ffc261d25c834aebbee1da6f61154719","pvfUtility.exe"
"PvfCode\ViewModels\MainWindowViewModel.cs","29502","0x1018806D ^ _003CModule_003E_007Be69553f9_002Deb39_002D49cd_002D9d77_002Da4ee304d94f7_007D.m_7b86004a82fb42ee97ea7d5e58574563.m_80f251012e8548e0baf3267defb3d706","mess_PvfPack"
"PvfCode\ViewModels\MainWindowViewModel.cs","29530","0x2D97545B ^ _003CModule_003E_007Be69553f9_002Deb39_002D49cd_002D9d77_002Da4ee304d94f7_007D.m_7b86004a82fb42ee97ea7d5e58574563.m_59a7418b35384ddea3432ed6abd3f702","mess_RemoveSuccessRestartOrLogout"
"PvfCode\ViewModels\MainWindowViewModel.cs","29600","0xB1D5518 ^ _003CModule_003E_007Be69553f9_002Deb39_002D49cd_002D9d77_002Da4ee304d94f7_007D.m_7b86004a82fb42ee97ea7d5e58574563.m_df89dfc2a96347ad9471b517744dea02","mess_Associate_pvfPack_Error"
"PvfCode\ViewModels\MainWindowViewModel.cs","74840","0x4C17B64C ^ _003CModule_003E_007Be69553f9_002Deb39_002D49cd_002D9d77_002Da4ee304d94f7_007D.m_7b86004a82fb42ee97ea7d5e58574563.m_d7eae1243bb84fa8b3e43c67ebe44716","mess_ClosePvfError2"
"PvfCode\ViewModels\MainWindowViewModel.cs","74840","0x4C17B64C ^ _003CModule_003E_007Be69553f9_002Deb39_002D49cd_002D9d77_002Da4ee304d94f7_007D.m_7b86004a82fb42ee97ea7d5e58574563.m_d7eae1243bb84fa8b3e43c67ebe44716","mess_ClosePvfError2"
"PvfCode\ViewModels\MainWindowViewModel.cs","74882","0x265D0940 ^ _003CModule_003E_007Be69553f9_002Deb39_002D49cd_002D9d77_002Da4ee304d94f7_007D.m_7b86004a82fb42ee97ea7d5e58574563.m_00f9435ae4b3435e95ad1d31b77e7a6f","mess_ClosingPvfAndClearGarbage"
"PvfCode\ViewModels\MainWindowViewModel.cs","74946","0x6D27160C ^ _003CModule_003E_007Be69553f9_002Deb39_002D49cd_002D9d77_002Da4ee304d94f7_007D.m_7b86004a82fb42ee97ea7d5e58574563.m_a1b83f1dd0754677898be265fae789c4","mess_ClosePvfError"
"PvfCode\ViewModels\MainWindowViewModel.cs","74986","0x25C1317D ^ _003CModule_003E_007Be69553f9_002Deb39_002D49cd_002D9d77_002Da4ee304d94f7_007D.m_7b86004a82fb42ee97ea7d5e58574563.m_c8944dd9ca4b4079b8678bce0630ff7d","mess_PleaseInstallEdgeRuntime"
"PvfCode\ViewModels\MainWindowViewModel.cs","75048","0x3CA89BFB ^ _003CModule_003E_007Be69553f9_002Deb39_002D49cd_002D9d77_002Da4ee304d94f7_007D.m_7b86004a82fb42ee97ea7d5e58574563.m_c10a6115b19c4927ae8ffc79f8f16dfb","https://go.microsoft.com/fwlink/p/?LinkId=2124703"
"PvfCode\ViewModels\MainWindowViewModel.cs","75150","0x659F7B13 ^ _003CModule_003E_007Be69553f9_002Deb39_002D49cd_002D9d77_002Da4ee304d94f7_007D.m_7b86004a82fb42ee97ea7d5e58574563.m_0cdaa8b4a2df45ea8b368477e0c569ba","MainViewModelErr:"
"PvfCode\ViewModels\MainWindowViewModel.cs","75188","0x2D9602B5 ^ _003CModule_003E_007Be69553f9_002Deb39_002D49cd_002D9d77_002Da4ee304d94f7_007D.m_7b86004a82fb42ee97ea7d5e58574563.m_59a7418b35384ddea3432ed6abd3f702","mess_HttpServiceStartFailed"
"PvfCode\ViewModels\MainWindowViewModel.cs","75246","0x51F6122F ^ _003CModule_003E_007Be69553f9_002Deb39_002D49cd_002D9d77_002Da4ee304d94f7_007D.m_7b86004a82fb42ee97ea7d5e58574563.m_c14a170a5a60490084306350f271c7f1","C:\Users\Administrator\Desktop\新建文件夹 (2)\新建文本文档.txt"
"PvfCode\ViewModels\NpcShopEditor\FindNpcShopSource.cs","19478","0x51F77BD7 ^ _003CModule_003E_007Be69553f9_002Deb39_002D49cd_002D9d77_002Da4ee304d94f7_007D.m_7b86004a82fb42ee97ea7d5e58574563.m_c14a170a5a60490084306350f271c7f1","["
"PvfCode\ViewModels\NpcShopEditor\FindNpcShopSource.cs","19484","0xD25E3 ^ _003CModule_003E_007Be69553f9_002Deb39_002D49cd_002D9d77_002Da4ee304d94f7_007D.m_7b86004a82fb42ee97ea7d5e58574563.m_ffc261d25c834aebbee1da6f61154719","]"
"PvfCode\ViewModels\NpcShopEditor\FindNpcShopSource.cs","32722","1427621874 ^ 0x5100E98C ^ _003CModule_003E_007Be69553f9_002Deb39_002D49cd_002D9d77_002Da4ee304d94f7_007D.m_7b86004a82fb42ee97ea7d5e58574563.m_8fd2865c456d4936bd87c4a63c3e7ba1","[name]"
"PvfCode\ViewModels\NpcShopEditor\FindNpcShopSource.cs","32918","0xF022886 ^ _003CModule_003E_007Be69553f9_002Deb39_002D49cd_002D9d77_002Da4ee304d94f7_007D.m_7b86004a82fb42ee97ea7d5e58574563.m_e5d5198bec9744b280b22d7dede4d8ad","npc"
"PvfCode\ViewModels\NpcShopEditor\FindNpcShopSource.cs","33418","0x101871D9 ^ _003CModule_003E_007Be69553f9_002Deb39_002D49cd_002D9d77_002Da4ee304d94f7_007D.m_7b86004a82fb42ee97ea7d5e58574563.m_80f251012e8548e0baf3267defb3d706",",<"
"PvfCode\ViewModels\NpcShopEditor\FindNpcShopSource.cs","33426","0x265CAF50 ^ _003CModule_003E_007Be69553f9_002Deb39_002D49cd_002D9d77_002Da4ee304d94f7_007D.m_7b86004a82fb42ee97ea7d5e58574563.m_00f9435ae4b3435e95ad1d31b77e7a6f",">,"
"PvfCode\ViewModels\NpcShopEditor\FindNpcShopSource.cs","33434","0x4C16108E ^ _003CModule_003E_007Be69553f9_002Deb39_002D49cd_002D9d77_002Da4ee304d94f7_007D.m_7b86004a82fb42ee97ea7d5e58574563.m_d7eae1243bb84fa8b3e43c67ebe44716","itemshop"
"PvfCode\ViewModels\NpcShopEditor\NpcShopEditorViewModel.cs","3902","0x70CC72C2 ^ _003CModule_003E_007Be69553f9_002Deb39_002D49cd_002D9d77_002Da4ee304d94f7_007D.m_7b86004a82fb42ee97ea7d5e58574563.m_ee8424bd48bb442e9a823a15df5a62b4","`"
"PvfCode\ViewModels\NpcShopEditor\NpcShopEditorViewModel.cs","3902","0x5FF2E69F ^ _003CModule_003E_007Be69553f9_002Deb39_002D49cd_002D9d77_002Da4ee304d94f7_007D.m_7b86004a82fb42ee97ea7d5e58574563.m_558c76f87bdc4d51a68101d12bccb609","`"
"PvfCode\ViewModels\NpcShopEditor\NpcShopEditorViewModel.cs","24468","0x7C0F4176 ^ _003CModule_003E_007Be69553f9_002Deb39_002D49cd_002D9d77_002Da4ee304d94f7_007D.m_7b86004a82fb42ee97ea7d5e58574563.m_2bc1918cd21d40e9b73926d6c2cbc512","equipment"
"PvfCode\ViewModels\NpcShopEditor\NpcShopEditorViewModel.cs","24490","0x704E6485 ^ _003CModule_003E_007Be69553f9_002Deb39_002D49cd_002D9d77_002Da4ee304d94f7_007D.m_7b86004a82fb42ee97ea7d5e58574563.m_c4f70e4f04fd48b4b9edaf9a9b8fdeae","stackable"
"PvfCode\ViewModels\NpcShopEditor\NpcShopEditorViewModel.cs","32868","0x6C4C65C4 ^ _003CModule_003E_007Be69553f9_002Deb39_002D49cd_002D9d77_002Da4ee304d94f7_007D.m_7b86004a82fb42ee97ea7d5e58574563.m_c4ac9f35eb704455b489a780e86cf909","NpcName"
"PvfCode\ViewModels\NpcShopEditor\NpcShopEditorViewModel.cs","32868","1503723328 ^ 0x74375825 ^ _003CModule_003E_007Be69553f9_002Deb39_002D49cd_002D9d77_002Da4ee304d94f7_007D.m_7b86004a82fb42ee97ea7d5e58574563.m_59a7418b35384ddea3432ed6abd3f702","NpcName"
"PvfCode\ViewModels\NpcShopEditor\NpcShopEditorViewModel.cs","32868","0x13FCC70E ^ _003CModule_003E_007Be69553f9_002Deb39_002D49cd_002D9d77_002Da4ee304d94f7_007D.m_7b86004a82fb42ee97ea7d5e58574563.m_a7cc82b779404332a260d01290ecb801","NpcName"
"PvfCode\ViewModels\NpcShopEditor\NpcShopEditorViewModel.cs","32886","0x3065967C ^ _003CModule_003E_007Be69553f9_002Deb39_002D49cd_002D9d77_002Da4ee304d94f7_007D.m_7b86004a82fb42ee97ea7d5e58574563.m_add69167a2c54fe0bb2e5f0af2545839","请先选择商店"
"PvfCode\ViewModels\NpcShopEditor\NpcShopEditorViewModel.cs","32902","0x51F7B747 ^ _003CModule_003E_007Be69553f9_002Deb39_002D49cd_002D9d77_002Da4ee304d94f7_007D.m_7b86004a82fb42ee97ea7d5e58574563.m_c14a170a5a60490084306350f271c7f1","未设定NPC"
"PvfCode\ViewModels\NpcShopEditor\NpcShopEditorViewModel.cs","32918","0x4D235D2D ^ _003CModule_003E_007Be69553f9_002Deb39_002D49cd_002D9d77_002Da4ee304d94f7_007D.m_7b86004a82fb42ee97ea7d5e58574563.m_5924bd2461b7415baa9211b5f1cb71b2","npc"
"PvfCode\ViewModels\NpcShopEditor\NpcShopEditorViewModel.cs","32928","0x7C0F9E42 ^ _003CModule_003E_007Be69553f9_002Deb39_002D49cd_002D9d77_002Da4ee304d94f7_007D.m_7b86004a82fb42ee97ea7d5e58574563.m_2bc1918cd21d40e9b73926d6c2cbc512","未知NPC："
"PvfCode\ViewModels\NpcShopEditor\NpcShopEditorViewModel.cs","32944","0x47B99D55 ^ _003CModule_003E_007Be69553f9_002Deb39_002D49cd_002D9d77_002Da4ee304d94f7_007D.m_7b86004a82fb42ee97ea7d5e58574563.m_0bd286ac068745bfb29b92d10b515130","ShopIsOpen"
"PvfCode\ViewModels\NpcShopEditor\NpcShopEditorViewModel.cs","32968","0x265CAD0A ^ _003CModule_003E_007Be69553f9_002Deb39_002D49cd_002D9d77_002Da4ee304d94f7_007D.m_7b86004a82fb42ee97ea7d5e58574563.m_00f9435ae4b3435e95ad1d31b77e7a6f","NPC商店设计器"
"PvfCode\ViewModels\NpcShopEditor\NpcShopEditorViewModel.cs","32988","0x51F15510 ^ _003CModule_003E_007Be69553f9_002Deb39_002D49cd_002D9d77_002Da4ee304d94f7_007D.m_7b86004a82fb42ee97ea7d5e58574563.m_e9daf7d92d7e4446976bda811e90502a","NPC商店设计器-"
"PvfCode\ViewModels\NpcShopEditor\NpcShopEditorViewModel.cs","33010","0x659EDE6F ^ _003CModule_003E_007Be69553f9_002Deb39_002D49cd_002D9d77_002Da4ee304d94f7_007D.m_7b86004a82fb42ee97ea7d5e58574563.m_0cdaa8b4a2df45ea8b368477e0c569ba","NPC商店预览创建失败 文件不能为NULL"
"PvfCode\ViewModels\NpcShopEditor\NpcShopEditorViewModel.cs","33056","0x704EBA0F ^ _003CModule_003E_007Be69553f9_002Deb39_002D49cd_002D9d77_002Da4ee304d94f7_007D.m_7b86004a82fb42ee97ea7d5e58574563.m_c4f70e4f04fd48b4b9edaf9a9b8fdeae","[sell item]"
"PvfCode\ViewModels\NpcShopEditor\NpcShopEditorViewModel.cs","33056","0x704EBA0F ^ _003CModule_003E_007Be69553f9_002Deb39_002D49cd_002D9d77_002Da4ee304d94f7_007D.m_7b86004a82fb42ee97ea7d5e58574563.m_c4f70e4f04fd48b4b9edaf9a9b8fdeae","[sell item]"
"PvfCode\ViewModels\NpcShopEditor\NpcShopEditorViewModel.cs","33082","0x704EBA15 ^ _003CModule_003E_007Be69553f9_002Deb39_002D49cd_002D9d77_002Da4ee304d94f7_007D.m_7b86004a82fb42ee97ea7d5e58574563.m_c4f70e4f04fd48b4b9edaf9a9b8fdeae","商店物品数据类型只能是int 已忽略该值类型："
"PvfCode\ViewModels\NpcShopEditor\NpcShopEditorViewModel.cs","33132","0x265CACAE ^ _003CModule_003E_007Be69553f9_002Deb39_002D49cd_002D9d77_002Da4ee304d94f7_007D.m_7b86004a82fb42ee97ea7d5e58574563.m_00f9435ae4b3435e95ad1d31b77e7a6f"," file://"
"PvfCode\ViewModels\NpcShopEditor\NpcShopEditorViewModel.cs","33152","0x622F0322 ^ _003CModule_003E_007Be69553f9_002Deb39_002D49cd_002D9d77_002Da4ee304d94f7_007D.m_7b86004a82fb42ee97ea7d5e58574563.m_41a03ba455a9468b9050278ae77448e1","[tab name]"
"PvfCode\ViewModels\NpcShopEditor\NpcShopEditorViewModel.cs","33152","0x19F9E541 ^ _003CModule_003E_007Be69553f9_002Deb39_002D49cd_002D9d77_002Da4ee304d94f7_007D.m_7b86004a82fb42ee97ea7d5e58574563.m_afceaa2a86c14a5c9cf1f8f0fdd0f590","[tab name]"
"PvfCode\ViewModels\NpcShopEditor\NpcShopEditorViewModel.cs","33176","0x3CA93F4B ^ _003CModule_003E_007Be69553f9_002Deb39_002D49cd_002D9d77_002Da4ee304d94f7_007D.m_7b86004a82fb42ee97ea7d5e58574563.m_c10a6115b19c4927ae8ffc79f8f16dfb","商店"
"PvfCode\ViewModels\NpcShopEditor\NpcShopEditorViewModel.cs","33176","0x13FCC6F2 ^ _003CModule_003E_007Be69553f9_002Deb39_002D49cd_002D9d77_002Da4ee304d94f7_007D.m_7b86004a82fb42ee97ea7d5e58574563.m_a7cc82b779404332a260d01290ecb801","商店"
"PvfCode\ViewModels\NpcShopEditor\NpcShopEditorViewModel.cs","33184","0x9338017 ^ _003CModule_003E_007Be69553f9_002Deb39_002D49cd_002D9d77_002Da4ee304d94f7_007D.m_7b86004a82fb42ee97ea7d5e58574563.m_a47e9e4bf3624e7291689f8fb4b10989","确定要关闭商店：["
"PvfCode\ViewModels\NpcShopEditor\NpcShopEditorViewModel.cs","33206","-1863606693 ^ -1713889702 ^ _003CModule_003E_007Be69553f9_002Deb39_002D49cd_002D9d77_002Da4ee304d94f7_007D.m_7b86004a82fb42ee97ea7d5e58574563.m_a47e9e4bf3624e7291689f8fb4b10989","] 吗？未保存的数据将会丢失"
"PvfCode\ViewModels\NpcShopEditor\NpcShopEditorViewModel.cs","33238","0xF0229C6 ^ _003CModule_003E_007Be69553f9_002Deb39_002D49cd_002D9d77_002Da4ee304d94f7_007D.m_7b86004a82fb42ee97ea7d5e58574563.m_e5d5198bec9744b280b22d7dede4d8ad","[sell item]
"
"PvfCode\ViewModels\NpcShopEditor\NpcShopEditorViewModel.cs","33268","0x46DA90FD ^ _003CModule_003E_007Be69553f9_002Deb39_002D49cd_002D9d77_002Da4ee304d94f7_007D.m_7b86004a82fb42ee97ea7d5e58574563.m_34a93bd635aa4a0cb45ae24212f58e0f","[tab name]
"
"PvfCode\ViewModels\NpcShopEditor\NpcShopEditorViewModel.cs","33296","0x51F7B5D1 ^ _003CModule_003E_007Be69553f9_002Deb39_002D49cd_002D9d77_002Da4ee304d94f7_007D.m_7b86004a82fb42ee97ea7d5e58574563.m_c14a170a5a60490084306350f271c7f1","-2	"
"PvfCode\ViewModels\NpcShopEditor\NpcShopEditorViewModel.cs","33306","-1863606693 ^ -183639518 ^ _003CModule_003E_007Be69553f9_002Deb39_002D49cd_002D9d77_002Da4ee304d94f7_007D.m_7b86004a82fb42ee97ea7d5e58574563.m_0a3e5af7839d43a19884f927a9769d0e","[/sell item]"
"PvfCode\ViewModels\NpcShopEditor\NpcShopEditorViewModel.cs","33334","0x7A7E7F8A ^ _003CModule_003E_007Be69553f9_002Deb39_002D49cd_002D9d77_002Da4ee304d94f7_007D.m_7b86004a82fb42ee97ea7d5e58574563.m_22c98bd810e84970b541501ace0b424a","[/tab name]"
"PvfCode\ViewModels\NpcShopEditor\NpcShopEditorViewModel.cs","33360","0x93383E7 ^ _003CModule_003E_007Be69553f9_002Deb39_002D49cd_002D9d77_002Da4ee304d94f7_007D.m_7b86004a82fb42ee97ea7d5e58574563.m_a47e9e4bf3624e7291689f8fb4b10989","编译成功"
"PvfCode\ViewModels\NpcShopEditor\NpcShopEditorViewModel.cs","33372","0x13FCC536 ^ _003CModule_003E_007Be69553f9_002Deb39_002D49cd_002D9d77_002Da4ee304d94f7_007D.m_7b86004a82fb42ee97ea7d5e58574563.m_a7cc82b779404332a260d01290ecb801","NpcShop"
"PvfCode\ViewModels\NpcShopEditor\NpcShopEditorViewModel.cs","33390","0x659EDCF3 ^ _003CModule_003E_007Be69553f9_002Deb39_002D49cd_002D9d77_002Da4ee304d94f7_007D.m_7b86004a82fb42ee97ea7d5e58574563.m_0cdaa8b4a2df45ea8b368477e0c569ba","确定要删除当前页："
"PvfCode\ViewModels\NpcShopEditor\NpcShopEditorViewModel.cs","33412","0x768A7B02 ^ _003CModule_003E_007Be69553f9_002Deb39_002D49cd_002D9d77_002Da4ee304d94f7_007D.m_7b86004a82fb42ee97ea7d5e58574563.m_5f32481f68ae4c7eaeea7ec68a5ff47b","？"
"PvfCode\ViewModels\NpcShopEditor\NpcShopItem.cs","9958","0x13FC618C ^ _003CModule_003E_007Be69553f9_002Deb39_002D49cd_002D9d77_002Da4ee304d94f7_007D.m_7b86004a82fb42ee97ea7d5e58574563.m_a7cc82b779404332a260d01290ecb801","ItemName"
"PvfCode\ViewModels\NpcShopEditor\NpcShopItem.cs","33454","0x51F15762 ^ _003CModule_003E_007Be69553f9_002Deb39_002D49cd_002D9d77_002Da4ee304d94f7_007D.m_7b86004a82fb42ee97ea7d5e58574563.m_e9daf7d92d7e4446976bda811e90502a","ImageSource"
"PvfCode\ViewModels\NpcShopEditor\NpcShopItem.cs","33480","0x662D43F8 ^ _003CModule_003E_007Be69553f9_002Deb39_002D49cd_002D9d77_002Da4ee304d94f7_007D.m_7b86004a82fb42ee97ea7d5e58574563.m_1e27397300b24ef4ba98a645a53798c2","EquIsSealing"
"PvfCode\ViewModels\NpcShopEditor\NpcShopItem.cs","33508","0x6C4C6744 ^ _003CModule_003E_007Be69553f9_002Deb39_002D49cd_002D9d77_002Da4ee304d94f7_007D.m_7b86004a82fb42ee97ea7d5e58574563.m_c4ac9f35eb704455b489a780e86cf909","代码对应文件不存在："
"PvfCode\ViewModels\NpcShopEditor\NpcShopPageViewModel.cs","3580","0x5DBBFDE5 ^ _003CModule_003E_007Be69553f9_002Deb39_002D49cd_002D9d77_002Da4ee304d94f7_007D.m_7b86004a82fb42ee97ea7d5e58574563.m_4dccf8dd3beb468396324e307ead22cc","	"
"PvfCode\ViewModels\NpkFindResult.cs","31612","0x25C06EEB ^ _003CModule_003E_007Be69553f9_002Deb39_002D49cd_002D9d77_002Da4ee304d94f7_007D.m_7b86004a82fb42ee97ea7d5e58574563.m_c8944dd9ca4b4079b8678bce0630ff7d","NPK文件不存在"
"PvfCode\ViewModels\PvfDiffTool\PvfDiffToolViewModel.cs","3572","0x659E5369 ^ _003CModule_003E_007Be69553f9_002Deb39_002D49cd_002D9d77_002Da4ee304d94f7_007D.m_7b86004a82fb42ee97ea7d5e58574563.m_0cdaa8b4a2df45ea8b368477e0c569ba","
"
"PvfCode\ViewModels\PvfDiffTool\PvfDiffToolViewModel.cs","3572","0x6C4CE854 ^ _003CModule_003E_007Be69553f9_002Deb39_002D49cd_002D9d77_002Da4ee304d94f7_007D.m_7b86004a82fb42ee97ea7d5e58574563.m_c4ac9f35eb704455b489a780e86cf909","
"
"PvfCode\ViewModels\PvfDiffTool\PvfDiffToolViewModel.cs","19830","0x4E1967EF ^ _003CModule_003E_007Be69553f9_002Deb39_002D49cd_002D9d77_002Da4ee304d94f7_007D.m_7b86004a82fb42ee97ea7d5e58574563.m_24a7cb1bd49e4021b5d8fa5493d816ca","mess_FileNotExist"
"PvfCode\ViewModels\PvfDiffTool\PvfDiffToolViewModel.cs","24468","0x704E64BB ^ _003CModule_003E_007Be69553f9_002Deb39_002D49cd_002D9d77_002Da4ee304d94f7_007D.m_7b86004a82fb42ee97ea7d5e58574563.m_c4f70e4f04fd48b4b9edaf9a9b8fdeae","equipment"
"PvfCode\ViewModels\PvfDiffTool\PvfDiffToolViewModel.cs","24490","0x527AF978 ^ _003CModule_003E_007Be69553f9_002Deb39_002D49cd_002D9d77_002Da4ee304d94f7_007D.m_7b86004a82fb42ee97ea7d5e58574563.m_cb81f441a98e4bd493b61df435bbdbdb","stackable"
"PvfCode\ViewModels\PvfDiffTool\PvfDiffToolViewModel.cs","29422","0xB8B5F7F ^ _003CModule_003E_007Be69553f9_002Deb39_002D49cd_002D9d77_002Da4ee304d94f7_007D.m_7b86004a82fb42ee97ea7d5e58574563.m_e066a82cd08141c08d4817f20a7d29f3",".pvf"
"PvfCode\ViewModels\PvfDiffTool\PvfDiffToolViewModel.cs","32514","0x30656908 ^ _003CModule_003E_007Be69553f9_002Deb39_002D49cd_002D9d77_002Da4ee304d94f7_007D.m_7b86004a82fb42ee97ea7d5e58574563.m_add69167a2c54fe0bb2e5f0af2545839","DocumentName_PvfDiff"
"PvfCode\ViewModels\PvfDiffTool\PvfDiffToolViewModel.cs","32558","0xD16D1 ^ _003CModule_003E_007Be69553f9_002Deb39_002D49cd_002D9d77_002Da4ee304d94f7_007D.m_7b86004a82fb42ee97ea7d5e58574563.m_ffc261d25c834aebbee1da6f61154719","PvfDiff_ToolTip1"
"PvfCode\ViewModels\PvfDiffTool\PvfDiffToolViewModel.cs","32594","0xF02D742 ^ _003CModule_003E_007Be69553f9_002Deb39_002D49cd_002D9d77_002Da4ee304d94f7_007D.m_7b86004a82fb42ee97ea7d5e58574563.m_e5d5198bec9744b280b22d7dede4d8ad","PvfDiff_ToolTip2"
"PvfCode\ViewModels\PvfDiffTool\PvfDiffToolViewModel.cs","32630","-985766894 ^ -1738449701 ^ _003CModule_003E_007Be69553f9_002Deb39_002D49cd_002D9d77_002Da4ee304d94f7_007D.m_7b86004a82fb42ee97ea7d5e58574563.m_a471290541044d3bb697860b55cc6bc1","PvfDiff_ToolTip3"
"PvfCode\ViewModels\PvfDiffTool\PvfDiffToolViewModel.cs","32666","0x2187E634 ^ _003CModule_003E_007Be69553f9_002Deb39_002D49cd_002D9d77_002Da4ee304d94f7_007D.m_7b86004a82fb42ee97ea7d5e58574563.m_a6871abdbd314ec9bd2de23164bed82c","mess_PleaseSelectFileFirst"
"PvfCode\ViewModels\PvfDiffTool\PvfDiffToolViewModel.cs","32722","0x4C16EDC6 ^ _003CModule_003E_007Be69553f9_002Deb39_002D49cd_002D9d77_002Da4ee304d94f7_007D.m_7b86004a82fb42ee97ea7d5e58574563.m_d7eae1243bb84fa8b3e43c67ebe44716","[name]"
"PvfCode\ViewModels\PvfDiffTool\PvfDiffToolViewModel.cs","32722","0x1B5EEBE4 ^ _003CModule_003E_007Be69553f9_002Deb39_002D49cd_002D9d77_002Da4ee304d94f7_007D.m_7b86004a82fb42ee97ea7d5e58574563.m_995dc3f7a3024d82ba87d77f60d35fca","[name]"
"PvfCode\ViewModels\PvfDiffTool\PvfDiffToolViewModel.cs","32738","0x9337E55 ^ _003CModule_003E_007Be69553f9_002Deb39_002D49cd_002D9d77_002Da4ee304d94f7_007D.m_7b86004a82fb42ee97ea7d5e58574563.m_a47e9e4bf3624e7291689f8fb4b10989","(?<=\[name\]\s*`).*?(?=`)"
"PvfCode\ViewModels\PvfDiffTool\PvfDiffToolViewModel.cs","32738","0x5FF29643 ^ _003CModule_003E_007Be69553f9_002Deb39_002D49cd_002D9d77_002Da4ee304d94f7_007D.m_7b86004a82fb42ee97ea7d5e58574563.m_558c76f87bdc4d51a68101d12bccb609","(?<=\[name\]\s*`).*?(?=`)"
"PvfCode\ViewModels\PvfDiffTool\PvfDiffToolViewModel.cs","32792","0x5FF269B9 ^ _003CModule_003E_007Be69553f9_002Deb39_002D49cd_002D9d77_002Da4ee304d94f7_007D.m_7b86004a82fb42ee97ea7d5e58574563.m_558c76f87bdc4d51a68101d12bccb609","[name]
"
"PvfCode\ViewModels\PvfDiffTool\PvfDiffToolViewModel.cs","32792","0x25C0958F ^ _003CModule_003E_007Be69553f9_002Deb39_002D49cd_002D9d77_002Da4ee304d94f7_007D.m_7b86004a82fb42ee97ea7d5e58574563.m_c8944dd9ca4b4079b8678bce0630ff7d","[name]
"
"PvfCode\ViewModels\PvfDiffTool\PvfDiffToolViewModel.cs","32812","0xB8BADBD ^ _003CModule_003E_007Be69553f9_002Deb39_002D49cd_002D9d77_002Da4ee304d94f7_007D.m_7b86004a82fb42ee97ea7d5e58574563.m_e066a82cd08141c08d4817f20a7d29f3","\p{IsCJKUnifiedIdeographs}"
"PvfCode\ViewModels\PvfDiffTool\PvfDiffToolViewModel.cs","56086","0x6D26E9D8 ^ _003CModule_003E_007Be69553f9_002Deb39_002D49cd_002D9d77_002Da4ee304d94f7_007D.m_7b86004a82fb42ee97ea7d5e58574563.m_a1b83f1dd0754677898be265fae789c4","SavePvfPackFileDialogFilterName"
"PvfCode\ViewModels\PvfDiffTool\PvfDiffToolViewModel.cs","56086","0xB8BF687 ^ _003CModule_003E_007Be69553f9_002Deb39_002D49cd_002D9d77_002Da4ee304d94f7_007D.m_7b86004a82fb42ee97ea7d5e58574563.m_e066a82cd08141c08d4817f20a7d29f3","SavePvfPackFileDialogFilterName"
"PvfCode\ViewModels\PvfDiffTool\PvfDiffToolViewModel.cs","56152","0xF027348 ^ _003CModule_003E_007Be69553f9_002Deb39_002D49cd_002D9d77_002Da4ee304d94f7_007D.m_7b86004a82fb42ee97ea7d5e58574563.m_e5d5198bec9744b280b22d7dede4d8ad"," (*.pvf)|*.pvf"
"PvfCode\ViewModels\PvfDiffTool\PvfDiffToolViewModel.cs","78270","0x2E4A24C5 ^ _003CModule_003E_007Be69553f9_002Deb39_002D49cd_002D9d77_002Da4ee304d94f7_007D.m_7b86004a82fb42ee97ea7d5e58574563.m_3f6f6322abdc4634a39525b5eb1c92fd","mess_Loading"
"PvfCode\ViewModels\PvfDiffTool\PvfDiffToolViewModel.cs","78888","0xB8A19B9 ^ _003CModule_003E_007Be69553f9_002Deb39_002D49cd_002D9d77_002Da4ee304d94f7_007D.m_7b86004a82fb42ee97ea7d5e58574563.m_e066a82cd08141c08d4817f20a7d29f3","mess_CleaningGarbage"
"PvfCode\ViewModels\PvfDiffTool\PvfDiffToolViewModel.cs","78932","0x51F60395 ^ _003CModule_003E_007Be69553f9_002Deb39_002D49cd_002D9d77_002Da4ee304d94f7_007D.m_7b86004a82fb42ee97ea7d5e58574563.m_c14a170a5a60490084306350f271c7f1","OpenPvfPackDialog_Title"
"PvfCode\ViewModels\PvfDiffTool\PvfDiffToolViewModel.cs","78982","0x35083D9F ^ _003CModule_003E_007Be69553f9_002Deb39_002D49cd_002D9d77_002Da4ee304d94f7_007D.m_7b86004a82fb42ee97ea7d5e58574563.m_c3720eb655124e6e81b317ef170605cd","mess_CannotOpenPvfPack"
"PvfCode\ViewModels\PvfDiffTool\PvfDiffToolViewModel.cs","79030","0x2186AD18 ^ _003CModule_003E_007Be69553f9_002Deb39_002D49cd_002D9d77_002Da4ee304d94f7_007D.m_7b86004a82fb42ee97ea7d5e58574563.m_a6871abdbd314ec9bd2de23164bed82c","mess_PleaseLoadGlobalPvfPackFirst"
"PvfCode\ViewModels\PvfDiffTool\PvfDiffToolViewModel.cs","79100","0x659F6A61 ^ _003CModule_003E_007Be69553f9_002Deb39_002D49cd_002D9d77_002Da4ee304d94f7_007D.m_7b86004a82fb42ee97ea7d5e58574563.m_0cdaa8b4a2df45ea8b368477e0c569ba","mess_PvfDiffing"
"PvfCode\ViewModels\PvfTreeViewModel.cs","3580","0x4D23D047 ^ _003CModule_003E_007Be69553f9_002Deb39_002D49cd_002D9d77_002Da4ee304d94f7_007D.m_7b86004a82fb42ee97ea7d5e58574563.m_5924bd2461b7415baa9211b5f1cb71b2","	"
"PvfCode\ViewModels\PvfTreeViewModel.cs","9836","0x5FF2CFCD ^ _003CModule_003E_007Be69553f9_002Deb39_002D49cd_002D9d77_002Da4ee304d94f7_007D.m_7b86004a82fb42ee97ea7d5e58574563.m_558c76f87bdc4d51a68101d12bccb609","/"
"PvfCode\ViewModels\PvfTreeViewModel.cs","10092","0xD4E93 ^ _003CModule_003E_007Be69553f9_002Deb39_002D49cd_002D9d77_002Da4ee304d94f7_007D.m_7b86004a82fb42ee97ea7d5e58574563.m_ffc261d25c834aebbee1da6f61154719","asdf"
"PvfCode\ViewModels\PvfTreeViewModel.cs","10408","0x65E6D6CB ^ _003CModule_003E_007Be69553f9_002Deb39_002D49cd_002D9d77_002Da4ee304d94f7_007D.m_7b86004a82fb42ee97ea7d5e58574563.m_0a3e5af7839d43a19884f927a9769d0e","mess_PleaseLoadPvfPackFirst"
"PvfCode\ViewModels\PvfTreeViewModel.cs","10408","0x4D23F513 ^ _003CModule_003E_007Be69553f9_002Deb39_002D49cd_002D9d77_002Da4ee304d94f7_007D.m_7b86004a82fb42ee97ea7d5e58574563.m_5924bd2461b7415baa9211b5f1cb71b2","mess_PleaseLoadPvfPackFirst"
"PvfCode\ViewModels\PvfTreeViewModel.cs","11958","0x636C2CBC ^ _003CModule_003E_007Be69553f9_002Deb39_002D49cd_002D9d77_002Da4ee304d94f7_007D.m_7b86004a82fb42ee97ea7d5e58574563.m_972142dcef4a4cfba572768c2212069f","mess_PleaseSelectFileToExtract"
"PvfCode\ViewModels\PvfTreeViewModel.cs","19830","0x70CC308A ^ _003CModule_003E_007Be69553f9_002Deb39_002D49cd_002D9d77_002Da4ee304d94f7_007D.m_7b86004a82fb42ee97ea7d5e58574563.m_ee8424bd48bb442e9a823a15df5a62b4","mess_FileNotExist"
"PvfCode\ViewModels\PvfTreeViewModel.cs","25332","0x690E83D6 ^ _003CModule_003E_007Be69553f9_002Deb39_002D49cd_002D9d77_002Da4ee304d94f7_007D.m_7b86004a82fb42ee97ea7d5e58574563.m_864fc4c2b93e4f099c2c07aa23d782f6","mess_SelectFileToImport"
"PvfCode\ViewModels\PvfTreeViewModel.cs","29422","0x19F9162F ^ _003CModule_003E_007Be69553f9_002Deb39_002D49cd_002D9d77_002Da4ee304d94f7_007D.m_7b86004a82fb42ee97ea7d5e58574563.m_afceaa2a86c14a5c9cf1f8f0fdd0f590",".pvf"
"PvfCode\ViewModels\PvfTreeViewModel.cs","29660","0x70CC0E20 ^ _003CModule_003E_007Be69553f9_002Deb39_002D49cd_002D9d77_002Da4ee304d94f7_007D.m_7b86004a82fb42ee97ea7d5e58574563.m_ee8424bd48bb442e9a823a15df5a62b4","SearchResultPvfFileTreeColumnTemplate"
"PvfCode\ViewModels\PvfTreeViewModel.cs","29738","0x4D23A991 ^ _003CModule_003E_007Be69553f9_002Deb39_002D49cd_002D9d77_002Da4ee304d94f7_007D.m_7b86004a82fb42ee97ea7d5e58574563.m_5924bd2461b7415baa9211b5f1cb71b2","FileListTreeRowStyle"
"PvfCode\ViewModels\PvfTreeViewModel.cs","29738","0x4BA0C6EE ^ _003CModule_003E_007Be69553f9_002Deb39_002D49cd_002D9d77_002Da4ee304d94f7_007D.m_7b86004a82fb42ee97ea7d5e58574563.m_d6a39a5ddb584a4d998858fb4ceeb027","FileListTreeRowStyle"
"PvfCode\ViewModels\PvfTreeViewModel.cs","29738","0x4BA0C6EE ^ _003CModule_003E_007Be69553f9_002Deb39_002D49cd_002D9d77_002Da4ee304d94f7_007D.m_7b86004a82fb42ee97ea7d5e58574563.m_d6a39a5ddb584a4d998858fb4ceeb027","FileListTreeRowStyle"
"PvfCode\ViewModels\PvfTreeViewModel.cs","29782","0x11B96B7A ^ _003CModule_003E_007Be69553f9_002Deb39_002D49cd_002D9d77_002Da4ee304d94f7_007D.m_7b86004a82fb42ee97ea7d5e58574563.m_39a59c8c3fda4dbdaaf2213c010b00a8","ImportPvfFileColumnTemplate"
"PvfCode\ViewModels\PvfTreeViewModel.cs","29840","0x46DA6599 ^ _003CModule_003E_007Be69553f9_002Deb39_002D49cd_002D9d77_002Da4ee304d94f7_007D.m_7b86004a82fb42ee97ea7d5e58574563.m_34a93bd635aa4a0cb45ae24212f58e0f","PvfDiffTreeColumnTemplate"
"PvfCode\ViewModels\PvfTreeViewModel.cs","29894","0x10188795 ^ _003CModule_003E_007Be69553f9_002Deb39_002D49cd_002D9d77_002Da4ee304d94f7_007D.m_7b86004a82fb42ee97ea7d5e58574563.m_80f251012e8548e0baf3267defb3d706","DiffTreeRowStyle"
"PvfCode\ViewModels\PvfTreeViewModel.cs","29930","0x70CC0916 ^ _003CModule_003E_007Be69553f9_002Deb39_002D49cd_002D9d77_002Da4ee304d94f7_007D.m_7b86004a82fb42ee97ea7d5e58574563.m_ee8424bd48bb442e9a823a15df5a62b4","PvfFileTreeColumnTemplate"
"PvfCode\ViewModels\PvfTreeViewModel.cs","29984","0x2E4B605B ^ _003CModule_003E_007Be69553f9_002Deb39_002D49cd_002D9d77_002Da4ee304d94f7_007D.m_7b86004a82fb42ee97ea7d5e58574563.m_3f6f6322abdc4634a39525b5eb1c92fd","mess_PleaseSelectFile"
"PvfCode\ViewModels\PvfTreeViewModel.cs","29984","0x6778F929 ^ _003CModule_003E_007Be69553f9_002Deb39_002D49cd_002D9d77_002Da4ee304d94f7_007D.m_7b86004a82fb42ee97ea7d5e58574563.m_e0f0c9b53f5f4d0e88dcbb6df9cbe106","mess_PleaseSelectFile"
"PvfCode\ViewModels\PvfTreeViewModel.cs","29984","0xD1CDF ^ _003CModule_003E_007Be69553f9_002Deb39_002D49cd_002D9d77_002Da4ee304d94f7_007D.m_7b86004a82fb42ee97ea7d5e58574563.m_ffc261d25c834aebbee1da6f61154719","mess_PleaseSelectFile"
"PvfCode\ViewModels\PvfTreeViewModel.cs","29984","352137165 ^ 0x6E83A751 ^ _003CModule_003E_007Be69553f9_002Deb39_002D49cd_002D9d77_002Da4ee304d94f7_007D.m_7b86004a82fb42ee97ea7d5e58574563.m_22c98bd810e84970b541501ace0b424a","mess_PleaseSelectFile"
"PvfCode\ViewModels\PvfTreeViewModel.cs","29984","0x659E2BBD ^ _003CModule_003E_007Be69553f9_002Deb39_002D49cd_002D9d77_002Da4ee304d94f7_007D.m_7b86004a82fb42ee97ea7d5e58574563.m_0cdaa8b4a2df45ea8b368477e0c569ba","mess_PleaseSelectFile"
"PvfCode\ViewModels\PvfTreeViewModel.cs","29984","0x417248C ^ _003CModule_003E_007Be69553f9_002Deb39_002D49cd_002D9d77_002Da4ee304d94f7_007D.m_7b86004a82fb42ee97ea7d5e58574563.m_8fd2865c456d4936bd87c4a63c3e7ba1","mess_PleaseSelectFile"
"PvfCode\ViewModels\PvfTreeViewModel.cs","29984","0x3CA9CBF3 ^ _003CModule_003E_007Be69553f9_002Deb39_002D49cd_002D9d77_002Da4ee304d94f7_007D.m_7b86004a82fb42ee97ea7d5e58574563.m_c10a6115b19c4927ae8ffc79f8f16dfb","mess_PleaseSelectFile"
"PvfCode\ViewModels\PvfTreeViewModel.cs","29984","0x47B968C5 ^ _003CModule_003E_007Be69553f9_002Deb39_002D49cd_002D9d77_002Da4ee304d94f7_007D.m_7b86004a82fb42ee97ea7d5e58574563.m_0bd286ac068745bfb29b92d10b515130","mess_PleaseSelectFile"
"PvfCode\ViewModels\PvfTreeViewModel.cs","29984","0x768A8CA6 ^ _003CModule_003E_007Be69553f9_002Deb39_002D49cd_002D9d77_002Da4ee304d94f7_007D.m_7b86004a82fb42ee97ea7d5e58574563.m_5f32481f68ae4c7eaeea7ec68a5ff47b","mess_PleaseSelectFile"
"PvfCode\ViewModels\PvfTreeViewModel.cs","29984","0x41ED0ED2 ^ _003CModule_003E_007Be69553f9_002Deb39_002D49cd_002D9d77_002Da4ee304d94f7_007D.m_7b86004a82fb42ee97ea7d5e58574563.m_ba7ada5c647b4fc094df6608a5b444bd","mess_PleaseSelectFile"
"PvfCode\ViewModels\PvfTreeViewModel.cs","30030","0x2013096 ^ _003CModule_003E_007Be69553f9_002Deb39_002D49cd_002D9d77_002Da4ee304d94f7_007D.m_7b86004a82fb42ee97ea7d5e58574563.m_582a7f02cd3044949cbbc8d81e970cdb","mess_ConfirmDeleteSelectedFile"
"PvfCode\ViewModels\PvfTreeViewModel.cs","30094","0x5FF29C2F ^ _003CModule_003E_007Be69553f9_002Deb39_002D49cd_002D9d77_002Da4ee304d94f7_007D.m_7b86004a82fb42ee97ea7d5e58574563.m_558c76f87bdc4d51a68101d12bccb609","PvfTreeViewModel.OnDeleteSelectedNodes"
"PvfCode\ViewModels\PvfTreeViewModel.cs","30174","0x768A8C58 ^ _003CModule_003E_007Be69553f9_002Deb39_002D49cd_002D9d77_002Da4ee304d94f7_007D.m_7b86004a82fb42ee97ea7d5e58574563.m_5f32481f68ae4c7eaeea7ec68a5ff47b","mess_ConfirmRemoveSelectedNode"
"PvfCode\ViewModels\PvfTreeViewModel.cs","30238","0x768A8F98 ^ _003CModule_003E_007Be69553f9_002Deb39_002D49cd_002D9d77_002Da4ee304d94f7_007D.m_7b86004a82fb42ee97ea7d5e58574563.m_5f32481f68ae4c7eaeea7ec68a5ff47b","PvfTreeViewModel.RemoveSelectedNodes"
"PvfCode\ViewModels\PvfTreeViewModel.cs","30314","0xB8B5BFB ^ _003CModule_003E_007Be69553f9_002Deb39_002D49cd_002D9d77_002Da4ee304d94f7_007D.m_7b86004a82fb42ee97ea7d5e58574563.m_e066a82cd08141c08d4817f20a7d29f3","mess_PleaseSelectFileToEditComment"
"PvfCode\ViewModels\PvfTreeViewModel.cs","30386","0x306560B8 ^ _003CModule_003E_007Be69553f9_002Deb39_002D49cd_002D9d77_002Da4ee304d94f7_007D.m_7b86004a82fb42ee97ea7d5e58574563.m_add69167a2c54fe0bb2e5f0af2545839","mess_PleaseSelectFileNotFolder"
"PvfCode\ViewModels\PvfTreeViewModel.cs","30450","0x51F1A33E ^ _003CModule_003E_007Be69553f9_002Deb39_002D49cd_002D9d77_002Da4ee304d94f7_007D.m_7b86004a82fb42ee97ea7d5e58574563.m_e9daf7d92d7e4446976bda811e90502a","PvfTreeViewModel.OnOpenDiffWindow"
"PvfCode\ViewModels\PvfTreeViewModel.cs","30520","0x1B5EE30E ^ _003CModule_003E_007Be69553f9_002Deb39_002D49cd_002D9d77_002Da4ee304d94f7_007D.m_7b86004a82fb42ee97ea7d5e58574563.m_995dc3f7a3024d82ba87d77f60d35fca","NewBookMarkFileName"
"PvfCode\ViewModels\PvfTreeViewModel.cs","30562","0x6C4C92C2 ^ _003CModule_003E_007Be69553f9_002Deb39_002D49cd_002D9d77_002Da4ee304d94f7_007D.m_7b86004a82fb42ee97ea7d5e58574563.m_c4ac9f35eb704455b489a780e86cf909","PvfTreeViewModel.OnAddBookMark"
"PvfCode\ViewModels\PvfTreeViewModel.cs","30626","352137165 ^ 0x2CA8401A ^ _003CModule_003E_007Be69553f9_002Deb39_002D49cd_002D9d77_002Da4ee304d94f7_007D.m_7b86004a82fb42ee97ea7d5e58574563.m_0273572c23d24952bbcc01600fea0084","PvfTreeViewModel.OnBatchOperation"
"PvfCode\ViewModels\PvfTreeViewModel.cs","30696","0x636C75E2 ^ _003CModule_003E_007Be69553f9_002Deb39_002D49cd_002D9d77_002Da4ee304d94f7_007D.m_7b86004a82fb42ee97ea7d5e58574563.m_972142dcef4a4cfba572768c2212069f","PvfTreeViewModel.OnOpenLstTools"
"PvfCode\ViewModels\PvfTreeViewModel.cs","30762","0x2187E184 ^ _003CModule_003E_007Be69553f9_002Deb39_002D49cd_002D9d77_002Da4ee304d94f7_007D.m_7b86004a82fb42ee97ea7d5e58574563.m_a6871abdbd314ec9bd2de23164bed82c","mess_CurrentNodeHasNoParent"
"PvfCode\ViewModels\PvfTreeViewModel.cs","30762","0x659E26B7 ^ _003CModule_003E_007Be69553f9_002Deb39_002D49cd_002D9d77_002Da4ee304d94f7_007D.m_7b86004a82fb42ee97ea7d5e58574563.m_0cdaa8b4a2df45ea8b368477e0c569ba","mess_CurrentNodeHasNoParent"
"PvfCode\ViewModels\PvfTreeViewModel.cs","30820","0x4C16EA70 ^ _003CModule_003E_007Be69553f9_002Deb39_002D49cd_002D9d77_002Da4ee304d94f7_007D.m_7b86004a82fb42ee97ea7d5e58574563.m_d7eae1243bb84fa8b3e43c67ebe44716","PvfTreeViewModel.PastFilese"
"PvfCode\ViewModels\PvfTreeViewModel.cs","30878","0x11B967B2 ^ _003CModule_003E_007Be69553f9_002Deb39_002D49cd_002D9d77_002Da4ee304d94f7_007D.m_7b86004a82fb42ee97ea7d5e58574563.m_39a59c8c3fda4dbdaaf2213c010b00a8","PvfTreeViewModel.GoToNode"
"PvfCode\ViewModels\PvfTreeViewModel.cs","30932","0xB8B5545 ^ _003CModule_003E_007Be69553f9_002Deb39_002D49cd_002D9d77_002Da4ee304d94f7_007D.m_7b86004a82fb42ee97ea7d5e58574563.m_e066a82cd08141c08d4817f20a7d29f3","TreeDiffScrollBarCustomRowAnnotationBrush"
"PvfCode\ViewModels\PvfTreeViewModel.cs","31018","0x51F1ACE6 ^ _003CModule_003E_007Be69553f9_002Deb39_002D49cd_002D9d77_002Da4ee304d94f7_007D.m_7b86004a82fb42ee97ea7d5e58574563.m_e9daf7d92d7e4446976bda811e90502a","#b9d7ac"
"PvfCode\ViewModels\PvfTreeViewModel.cs","31036","0x4BA0CBF8 ^ _003CModule_003E_007Be69553f9_002Deb39_002D49cd_002D9d77_002Da4ee304d94f7_007D.m_7b86004a82fb42ee97ea7d5e58574563.m_d6a39a5ddb584a4d998858fb4ceeb027","PvfTreeViewModel.DiffScrollBarCustomRowAnnotation"
"PvfCode\ViewModels\PvfTreeViewModel.cs","31138","0x25C06C35 ^ _003CModule_003E_007Be69553f9_002Deb39_002D49cd_002D9d77_002Da4ee304d94f7_007D.m_7b86004a82fb42ee97ea7d5e58574563.m_c8944dd9ca4b4079b8678bce0630ff7d","Trees"
"PvfCode\ViewModels\PvfTreeViewModel.cs","31152","0x25C06C27 ^ _003CModule_003E_007Be69553f9_002Deb39_002D49cd_002D9d77_002Da4ee304d94f7_007D.m_7b86004a82fb42ee97ea7d5e58574563.m_c8944dd9ca4b4079b8678bce0630ff7d","TreeListDropGroup：15427586-86B6-5410-5D88-7F139C0C1E9E"
"PvfCode\ViewModels\PvfTreeViewModel.cs","31152","0x704E429F ^ _003CModule_003E_007Be69553f9_002Deb39_002D49cd_002D9d77_002Da4ee304d94f7_007D.m_7b86004a82fb42ee97ea7d5e58574563.m_c4f70e4f04fd48b4b9edaf9a9b8fdeae","TreeListDropGroup：15427586-86B6-5410-5D88-7F139C0C1E9E"
"PvfCode\ViewModels\PvfTreeViewModel.cs","31264","0x3CA9C4F3 ^ _003CModule_003E_007Be69553f9_002Deb39_002D49cd_002D9d77_002Da4ee304d94f7_007D.m_7b86004a82fb42ee97ea7d5e58574563.m_c10a6115b19c4927ae8ffc79f8f16dfb","没有可以发送到游戏邮件的物品"
"PvfCode\ViewModels\PvfTreeViewModel.cs","31264","0x768A83A6 ^ _003CModule_003E_007Be69553f9_002Deb39_002D49cd_002D9d77_002Da4ee304d94f7_007D.m_7b86004a82fb42ee97ea7d5e58574563.m_5f32481f68ae4c7eaeea7ec68a5ff47b","没有可以发送到游戏邮件的物品"
"PvfCode\ViewModels\PvfTreeViewModel.cs","75352","0x42E7D044 ^ _003CModule_003E_007Be69553f9_002Deb39_002D49cd_002D9d77_002Da4ee304d94f7_007D.m_7b86004a82fb42ee97ea7d5e58574563.m_bbd6700d16934fad8cc9f8d19544f21f","mess_Copying"
"PvfCode\ViewModels\PvfTreeViewModel.cs","75380","0x11B83958 ^ _003CModule_003E_007Be69553f9_002Deb39_002D49cd_002D9d77_002Da4ee304d94f7_007D.m_7b86004a82fb42ee97ea7d5e58574563.m_39a59c8c3fda4dbdaaf2213c010b00a8","PvfTreeViewModel.CopyFiles"
"PvfCode\ViewModels\PvfTreeViewModel.cs","75436","0x7A7FDB10 ^ _003CModule_003E_007Be69553f9_002Deb39_002D49cd_002D9d77_002Da4ee304d94f7_007D.m_7b86004a82fb42ee97ea7d5e58574563.m_22c98bd810e84970b541501ace0b424a","mess_FileAlreadyExists_2"
"PvfCode\ViewModels\PvfTreeViewModel.cs","75488","0x527B8032 ^ _003CModule_003E_007Be69553f9_002Deb39_002D49cd_002D9d77_002Da4ee304d94f7_007D.m_7b86004a82fb42ee97ea7d5e58574563.m_cb81f441a98e4bd493b61df435bbdbdb","PvfTreeViewModel.OnAddNewPvfFile"
"PvfCode\ViewModels\PvfTreeViewModel.cs","75556","0xB8A0AB5 ^ _003CModule_003E_007Be69553f9_002Deb39_002D49cd_002D9d77_002Da4ee304d94f7_007D.m_7b86004a82fb42ee97ea7d5e58574563.m_e066a82cd08141c08d4817f20a7d29f3","mess_NoFileToExtract"
"PvfCode\ViewModels\PvfTreeViewModel.cs","75600","0x2D960051 ^ _003CModule_003E_007Be69553f9_002Deb39_002D49cd_002D9d77_002Da4ee304d94f7_007D.m_7b86004a82fb42ee97ea7d5e58574563.m_59a7418b35384ddea3432ed6abd3f702","PvfTreeViewModel.OnExtractSelectedsFiles"
"PvfCode\ViewModels\PvfTreeViewModel.cs","75600","0x4C17B544 ^ _003CModule_003E_007Be69553f9_002Deb39_002D49cd_002D9d77_002Da4ee304d94f7_007D.m_7b86004a82fb42ee97ea7d5e58574563.m_d7eae1243bb84fa8b3e43c67ebe44716","PvfTreeViewModel.OnExtractSelectedsFiles"
"PvfCode\ViewModels\PvfTreeViewModel.cs","75684","0x51F0F268 ^ _003CModule_003E_007Be69553f9_002Deb39_002D49cd_002D9d77_002Da4ee304d94f7_007D.m_7b86004a82fb42ee97ea7d5e58574563.m_e9daf7d92d7e4446976bda811e90502a","mess_NoFileToExtractToLst"
"PvfCode\ViewModels\PvfTreeViewModel.cs","75684","0x51F0F268 ^ _003CModule_003E_007Be69553f9_002Deb39_002D49cd_002D9d77_002Da4ee304d94f7_007D.m_7b86004a82fb42ee97ea7d5e58574563.m_e9daf7d92d7e4446976bda811e90502a","mess_NoFileToExtractToLst"
"PvfCode\ViewModels\PvfTreeViewModel.cs","75738","0x5DBAD7C3 ^ _003CModule_003E_007Be69553f9_002Deb39_002D49cd_002D9d77_002Da4ee304d94f7_007D.m_7b86004a82fb42ee97ea7d5e58574563.m_4dccf8dd3beb468396324e307ead22cc","mess_ExtractedLstCount"
"PvfCode\ViewModels\PvfTreeViewModel.cs","75786","0x622EAAA8 ^ _003CModule_003E_007Be69553f9_002Deb39_002D49cd_002D9d77_002Da4ee304d94f7_007D.m_7b86004a82fb42ee97ea7d5e58574563.m_41a03ba455a9468b9050278ae77448e1","mess_ViewDetails"
"PvfCode\ViewModels\PvfTreeViewModel.cs","75822","0x265D05EC ^ _003CModule_003E_007Be69553f9_002Deb39_002D49cd_002D9d77_002Da4ee304d94f7_007D.m_7b86004a82fb42ee97ea7d5e58574563.m_00f9435ae4b3435e95ad1d31b77e7a6f","mess_NoFileToGetCode"
"PvfCode\ViewModels\PvfTreeViewModel.cs","75822","0x19F84CEF ^ _003CModule_003E_007Be69553f9_002Deb39_002D49cd_002D9d77_002Da4ee304d94f7_007D.m_7b86004a82fb42ee97ea7d5e58574563.m_afceaa2a86c14a5c9cf1f8f0fdd0f590","mess_NoFileToGetCode"
"PvfCode\ViewModels\PvfTreeViewModel.cs","75822","0x51F61FEF ^ _003CModule_003E_007Be69553f9_002Deb39_002D49cd_002D9d77_002Da4ee304d94f7_007D.m_7b86004a82fb42ee97ea7d5e58574563.m_c14a170a5a60490084306350f271c7f1","mess_NoFileToGetCode"
"PvfCode\ViewModels\PvfTreeViewModel.cs","75866","0x2D960F5B ^ _003CModule_003E_007Be69553f9_002Deb39_002D49cd_002D9d77_002Da4ee304d94f7_007D.m_7b86004a82fb42ee97ea7d5e58574563.m_59a7418b35384ddea3432ed6abd3f702","mess_GetPathAndNameSuccess"
"PvfCode\ViewModels\PvfTreeViewModel.cs","75922","0x47B83577 ^ _003CModule_003E_007Be69553f9_002Deb39_002D49cd_002D9d77_002Da4ee304d94f7_007D.m_7b86004a82fb42ee97ea7d5e58574563.m_0bd286ac068745bfb29b92d10b515130","PvfTreeViewModel.OnGetSelectedFileFullPathndItemCode"
"PvfCode\ViewModels\PvfTreeViewModel.cs","76030","0x6C4DCD5E ^ _003CModule_003E_007Be69553f9_002Deb39_002D49cd_002D9d77_002Da4ee304d94f7_007D.m_7b86004a82fb42ee97ea7d5e58574563.m_c4ac9f35eb704455b489a780e86cf909","mess_GetCodeSuccess"
"PvfCode\ViewModels\PvfTreeViewModel.cs","76072","0x4C17BB3C ^ _003CModule_003E_007Be69553f9_002Deb39_002D49cd_002D9d77_002Da4ee304d94f7_007D.m_7b86004a82fb42ee97ea7d5e58574563.m_d7eae1243bb84fa8b3e43c67ebe44716","PvfTreeViewModel.OnGetSelectedFileItemCode"
"PvfCode\ViewModels\PvfTreeViewModel.cs","76160","0x4D22F43B ^ _003CModule_003E_007Be69553f9_002Deb39_002D49cd_002D9d77_002Da4ee304d94f7_007D.m_7b86004a82fb42ee97ea7d5e58574563.m_5924bd2461b7415baa9211b5f1cb71b2","mess_GetNameAndCodeSuccess"
"PvfCode\ViewModels\PvfTreeViewModel.cs","76216","0x25C13C2F ^ _003CModule_003E_007Be69553f9_002Deb39_002D49cd_002D9d77_002Da4ee304d94f7_007D.m_7b86004a82fb42ee97ea7d5e58574563.m_c8944dd9ca4b4079b8678bce0630ff7d","PvfTreeViewModel.OnGetSelectedFileItemNameAndItemCode"
"PvfCode\ViewModels\PvfTreeViewModel.cs","76326","0x636D282C ^ _003CModule_003E_007Be69553f9_002Deb39_002D49cd_002D9d77_002Da4ee304d94f7_007D.m_7b86004a82fb42ee97ea7d5e58574563.m_972142dcef4a4cfba572768c2212069f","mess_NoFileToImport"
"PvfCode\ViewModels\PvfTreeViewModel.cs","76368","0x5D5E6DEF ^ _003CModule_003E_007Be69553f9_002Deb39_002D49cd_002D9d77_002Da4ee304d94f7_007D.m_7b86004a82fb42ee97ea7d5e58574563.m_a471290541044d3bb697860b55cc6bc1","mess_ImportConfirm"
"PvfCode\ViewModels\PvfTreeViewModel.cs","76408","0x3CA894AB ^ _003CModule_003E_007Be69553f9_002Deb39_002D49cd_002D9d77_002Da4ee304d94f7_007D.m_7b86004a82fb42ee97ea7d5e58574563.m_c10a6115b19c4927ae8ffc79f8f16dfb","PvfTreeViewModel.OnImportFiles"
"PvfCode\ViewModels\PvfTreeViewModel.cs","76472","0x11B83594 ^ _003CModule_003E_007Be69553f9_002Deb39_002D49cd_002D9d77_002Da4ee304d94f7_007D.m_7b86004a82fb42ee97ea7d5e58574563.m_39a59c8c3fda4dbdaaf2213c010b00a8","PvfTreeViewModel.OnSelectedItemsAddToSearchResultPanel"
"PvfCode\ViewModels\PvfTreeViewModel.cs","76584","0x6C4DCE88 ^ _003CModule_003E_007Be69553f9_002Deb39_002D49cd_002D9d77_002Da4ee304d94f7_007D.m_7b86004a82fb42ee97ea7d5e58574563.m_c4ac9f35eb704455b489a780e86cf909","请先选中要发送的物品"
"PvfCode\ViewModels\PvfTreeViewModel.cs","76608","0x3D9AFB59 ^ _003CModule_003E_007Be69553f9_002Deb39_002D49cd_002D9d77_002Da4ee304d94f7_007D.m_7b86004a82fb42ee97ea7d5e58574563.m_825859c4ee504b91a6a1d6e7fabf4f01","mess_Cutting"
"PvfCode\ViewModels\PvfTreeViewModel.cs","76636","0x11B83470 ^ _003CModule_003E_007Be69553f9_002Deb39_002D49cd_002D9d77_002Da4ee304d94f7_007D.m_7b86004a82fb42ee97ea7d5e58574563.m_39a59c8c3fda4dbdaaf2213c010b00a8","PvfTreeViewModel.ShearFiles"
"PvfCode\ViewModels\PvfTreeViewModel.cs","76694","0x9322A21 ^ _003CModule_003E_007Be69553f9_002Deb39_002D49cd_002D9d77_002Da4ee304d94f7_007D.m_7b86004a82fb42ee97ea7d5e58574563.m_a47e9e4bf3624e7291689f8fb4b10989","mess_ImportListCannotBeEmpty"
"PvfCode\ViewModels\PvfTreeViewModel.cs","76754","0x47B83637 ^ _003CModule_003E_007Be69553f9_002Deb39_002D49cd_002D9d77_002Da4ee304d94f7_007D.m_7b86004a82fb42ee97ea7d5e58574563.m_0bd286ac068745bfb29b92d10b515130","mess_BatchImportError"
"PvfCode\ViewModels\PvfTreeViewModel.cs","85470","0x7A7FB062 ^ _003CModule_003E_007Be69553f9_002Deb39_002D49cd_002D9d77_002Da4ee304d94f7_007D.m_7b86004a82fb42ee97ea7d5e58574563.m_22c98bd810e84970b541501ace0b424a","没有在线角色无法发送"
"PvfCode\ViewModels\PvfTreeViewModel.cs","85470","0x7A7FB062 ^ _003CModule_003E_007Be69553f9_002Deb39_002D49cd_002D9d77_002Da4ee304d94f7_007D.m_7b86004a82fb42ee97ea7d5e58574563.m_22c98bd810e84970b541501ace0b424a","没有在线角色无法发送"
"PvfCode\ViewModels\PvfTreeViewModel.cs","85494","1503723328 ^ 0x3F8C7386 ^ _003CModule_003E_007Be69553f9_002Deb39_002D49cd_002D9d77_002Da4ee304d94f7_007D.m_7b86004a82fb42ee97ea7d5e58574563.m_1e27397300b24ef4ba98a645a53798c2","邮件发送回调："
"PvfCode\ViewModels\PvfTreeViewModel.cs","85494","1503723328 ^ 0x3F8C7386 ^ _003CModule_003E_007Be69553f9_002Deb39_002D49cd_002D9d77_002Da4ee304d94f7_007D.m_7b86004a82fb42ee97ea7d5e58574563.m_1e27397300b24ef4ba98a645a53798c2","邮件发送回调："
"PvfCode\ViewModels\SearchPvf\SearchName\ItemNameSearchResultBase.cs","24468","0x527AF946 ^ _003CModule_003E_007Be69553f9_002Deb39_002D49cd_002D9d77_002Da4ee304d94f7_007D.m_7b86004a82fb42ee97ea7d5e58574563.m_cb81f441a98e4bd493b61df435bbdbdb","equipment"
"PvfCode\ViewModels\SearchPvf\SearchName\ItemNameSearchResultBase.cs","24490","0x47B9424F ^ _003CModule_003E_007Be69553f9_002Deb39_002D49cd_002D9d77_002Da4ee304d94f7_007D.m_7b86004a82fb42ee97ea7d5e58574563.m_0bd286ac068745bfb29b92d10b515130","stackable"
"PvfCode\ViewModels\SearchPvf\SearchName\SearchNameViewModel.cs","3580","0x3CA9B32F ^ _003CModule_003E_007Be69553f9_002Deb39_002D49cd_002D9d77_002Da4ee304d94f7_007D.m_7b86004a82fb42ee97ea7d5e58574563.m_c10a6115b19c4927ae8ffc79f8f16dfb","	"
"PvfCode\ViewModels\SearchPvf\SearchName\SearchNameViewModel.cs","32208","0x5DBB8DC9 ^ _003CModule_003E_007Be69553f9_002Deb39_002D49cd_002D9d77_002Da4ee304d94f7_007D.m_7b86004a82fb42ee97ea7d5e58574563.m_4dccf8dd3beb468396324e307ead22cc","mainWin_bar_Main_subItem_Search_NameSearcher"
"PvfCode\ViewModels\SearchPvf\SearchName\SearchNameViewModel.cs","32300","0x2B2EC05A ^ _003CModule_003E_007Be69553f9_002Deb39_002D49cd_002D9d77_002Da4ee304d94f7_007D.m_7b86004a82fb42ee97ea7d5e58574563.m_5b1a4905efa74bdd971c79e2845c55df","Title_NewNameSearch"
"PvfCode\ViewModels\SearchPvf\SearchName\SearchNameViewModel.cs","32342","0x89AF67F ^ _003CModule_003E_007Be69553f9_002Deb39_002D49cd_002D9d77_002Da4ee304d94f7_007D.m_7b86004a82fb42ee97ea7d5e58574563.m_cf19654829b546c5ba704a307b4e0bfa","mess_PleaseSelectCodeOrAddToContainer"
"PvfCode\ViewModels\SearchPvf\SearchName\SearchNameViewModel.cs","32420","0x385566D1 ^ _003CModule_003E_007Be69553f9_002Deb39_002D49cd_002D9d77_002Da4ee304d94f7_007D.m_7b86004a82fb42ee97ea7d5e58574563.m_0273572c23d24952bbcc01600fea0084","mess_PleaseSelectCode"
"PvfCode\ViewModels\SearchPvf\SearchName\SearchNameViewModel.cs","32466","0x51F1AB1E ^ _003CModule_003E_007Be69553f9_002Deb39_002D49cd_002D9d77_002Da4ee304d94f7_007D.m_7b86004a82fb42ee97ea7d5e58574563.m_e9daf7d92d7e4446976bda811e90502a","GroupItemsCount"
"PvfCode\ViewModels\SearchPvf\SearchName\SearchNameViewModelBase.cs","3580","0x3CA9B32F ^ _003CModule_003E_007Be69553f9_002Deb39_002D49cd_002D9d77_002Da4ee304d94f7_007D.m_7b86004a82fb42ee97ea7d5e58574563.m_c10a6115b19c4927ae8ffc79f8f16dfb","	"
"PvfCode\ViewModels\SearchPvf\SearchName\SearchNameViewModelBase.cs","32500","0x662DBFC4 ^ _003CModule_003E_007Be69553f9_002Deb39_002D49cd_002D9d77_002Da4ee304d94f7_007D.m_7b86004a82fb42ee97ea7d5e58574563.m_1e27397300b24ef4ba98a645a53798c2","Count"
"PvfCode\ViewModels\SearchPvf\ViewSearchPvfViewModel.cs","27952","0x265C40F2 ^ _003CModule_003E_007Be69553f9_002Deb39_002D49cd_002D9d77_002Da4ee304d94f7_007D.m_7b86004a82fb42ee97ea7d5e58574563.m_00f9435ae4b3435e95ad1d31b77e7a6f","mess_PleaseStopRecordMacro"
"PvfCode\ViewModels\SearchPvf\ViewSearchPvfViewModel.cs","45664","0x7C0FAC82 ^ _003CModule_003E_007Be69553f9_002Deb39_002D49cd_002D9d77_002Da4ee304d94f7_007D.m_7b86004a82fb42ee97ea7d5e58574563.m_2bc1918cd21d40e9b73926d6c2cbc512","."
"PvfCode\ViewModels\SearchPvf\ViewSearchPvfViewModel.cs","74406","0x4C17B0B2 ^ _003CModule_003E_007Be69553f9_002Deb39_002D49cd_002D9d77_002Da4ee304d94f7_007D.m_7b86004a82fb42ee97ea7d5e58574563.m_d7eae1243bb84fa8b3e43c67ebe44716","mess_NewMacro"
"PvfCode\ViewModels\SearchPvf\ViewSearchPvfViewModel.cs","78338","0x3CA88CD1 ^ _003CModule_003E_007Be69553f9_002Deb39_002D49cd_002D9d77_002Da4ee304d94f7_007D.m_7b86004a82fb42ee97ea7d5e58574563.m_c10a6115b19c4927ae8ffc79f8f16dfb","mess_ExecuteSearchMacro"
"PvfCode\ViewModels\SearchPvf\ViewSearchPvfViewModel.cs","78388","0x659F6CA9 ^ _003CModule_003E_007Be69553f9_002Deb39_002D49cd_002D9d77_002Da4ee304d94f7_007D.m_7b86004a82fb42ee97ea7d5e58574563.m_0cdaa8b4a2df45ea8b368477e0c569ba","mess_PleaseSelectSearchResult"
"PvfCode\ViewModels\SearchPvf\ViewSearchPvfViewModel.cs","78450","0x6779BE7B ^ _003CModule_003E_007Be69553f9_002Deb39_002D49cd_002D9d77_002Da4ee304d94f7_007D.m_7b86004a82fb42ee97ea7d5e58574563.m_e0f0c9b53f5f4d0e88dcbb6df9cbe106","选中的搜索结果中没有可搜索的文件"
"PvfCode\ViewModels\SearchPvf\ViewSearchPvfViewModel.cs","78486","0x622EB034 ^ _003CModule_003E_007Be69553f9_002Deb39_002D49cd_002D9d77_002Da4ee304d94f7_007D.m_7b86004a82fb42ee97ea7d5e58574563.m_41a03ba455a9468b9050278ae77448e1","mess_PleaseInputStartFeature"
"PvfCode\ViewModels\SearchPvf\ViewSearchPvfViewModel.cs","78546","0x6D27001C ^ _003CModule_003E_007Be69553f9_002Deb39_002D49cd_002D9d77_002Da4ee304d94f7_007D.m_7b86004a82fb42ee97ea7d5e58574563.m_a1b83f1dd0754677898be265fae789c4","mess_PleaseInputEndFeature"
"PvfCode\ViewModels\SearchPvf\ViewSearchPvfViewModel.cs","78602","0x2E4A2671 ^ _003CModule_003E_007Be69553f9_002Deb39_002D49cd_002D9d77_002Da4ee304d94f7_007D.m_7b86004a82fb42ee97ea7d5e58574563.m_3f6f6322abdc4634a39525b5eb1c92fd","mess_PleaseInputSearchKey"
"PvfCode\ViewModels\SearchPvf\ViewSearchPvfViewModel.cs","78656","0x4C17A154 ^ _003CModule_003E_007Be69553f9_002Deb39_002D49cd_002D9d77_002Da4ee304d94f7_007D.m_7b86004a82fb42ee97ea7d5e58574563.m_d7eae1243bb84fa8b3e43c67ebe44716","mess_PleaseInputCorrectFloat"
"PvfCode\ViewModels\SearchPvf\ViewSearchPvfViewModel.cs","78716","0x527B95AE ^ _003CModule_003E_007Be69553f9_002Deb39_002D49cd_002D9d77_002Da4ee304d94f7_007D.m_7b86004a82fb42ee97ea7d5e58574563.m_cb81f441a98e4bd493b61df435bbdbdb","mess_PleaseInputCorrectInt"
"PvfCode\ViewModels\SearchPvf\ViewSearchPvfViewModel.cs","78772","0xB1C150C ^ _003CModule_003E_007Be69553f9_002Deb39_002D49cd_002D9d77_002Da4ee304d94f7_007D.m_7b86004a82fb42ee97ea7d5e58574563.m_df89dfc2a96347ad9471b517744dea02","mess_SearchError_OnStart"
"PvfCode\ViewModels\SearchPvf\WindowItemCodeSearchViewModel.cs","32180","0x265C5076 ^ _003CModule_003E_007Be69553f9_002Deb39_002D49cd_002D9d77_002Da4ee304d94f7_007D.m_7b86004a82fb42ee97ea7d5e58574563.m_00f9435ae4b3435e95ad1d31b77e7a6f","SearchResult"
"PvfCode\ViewModels\SearchPvf\WindowItemCodeSearchViewModel.cs","75738","0x768BDE5C ^ _003CModule_003E_007Be69553f9_002Deb39_002D49cd_002D9d77_002Da4ee304d94f7_007D.m_7b86004a82fb42ee97ea7d5e58574563.m_5f32481f68ae4c7eaeea7ec68a5ff47b","mess_ExtractedLstCount"
"PvfCode\ViewModels\SearchPvf\WindowItemCodeSearchViewModel.cs","75786","0x3D9AF813 ^ _003CModule_003E_007Be69553f9_002Deb39_002D49cd_002D9d77_002Da4ee304d94f7_007D.m_7b86004a82fb42ee97ea7d5e58574563.m_825859c4ee504b91a6a1d6e7fabf4f01","mess_ViewDetails"
"PvfCode\ViewModels\SearchPvf\WindowItemCodeSearchViewModel.cs","78824","0x38542B9D ^ _003CModule_003E_007Be69553f9_002Deb39_002D49cd_002D9d77_002Da4ee304d94f7_007D.m_7b86004a82fb42ee97ea7d5e58574563.m_0273572c23d24952bbcc01600fea0084","mess_NoFileCanBeExtractedToLst"
"PvfCode\ViewModels\SearchResultTreeViewModel.cs","3572","0x2B2EB382 ^ _003CModule_003E_007Be69553f9_002Deb39_002D49cd_002D9d77_002Da4ee304d94f7_007D.m_7b86004a82fb42ee97ea7d5e58574563.m_5b1a4905efa74bdd971c79e2845c55df","
"
"PvfCode\ViewModels\SearchResultTreeViewModel.cs","3572","0xF02A5E4 ^ _003CModule_003E_007Be69553f9_002Deb39_002D49cd_002D9d77_002Da4ee304d94f7_007D.m_7b86004a82fb42ee97ea7d5e58574563.m_e5d5198bec9744b280b22d7dede4d8ad","
"
"PvfCode\ViewModels\SearchResultTreeViewModel.cs","25332","0x201272C ^ _003CModule_003E_007Be69553f9_002Deb39_002D49cd_002D9d77_002Da4ee304d94f7_007D.m_7b86004a82fb42ee97ea7d5e58574563.m_582a7f02cd3044949cbbc8d81e970cdb","mess_SelectFileToImport"
"PvfCode\ViewModels\SearchResultTreeViewModel.cs","31296","0x662DBB70 ^ _003CModule_003E_007Be69553f9_002Deb39_002D49cd_002D9d77_002Da4ee304d94f7_007D.m_7b86004a82fb42ee97ea7d5e58574563.m_1e27397300b24ef4ba98a645a53798c2","未命名"
"PvfCode\ViewModels\SearchResultTreeViewModel.cs","31296","0x51F1AF8C ^ _003CModule_003E_007Be69553f9_002Deb39_002D49cd_002D9d77_002Da4ee304d94f7_007D.m_7b86004a82fb42ee97ea7d5e58574563.m_e9daf7d92d7e4446976bda811e90502a","未命名"
"PvfCode\ViewModels\SearchResultTreeViewModel.cs","31296","0x265C5782 ^ _003CModule_003E_007Be69553f9_002Deb39_002D49cd_002D9d77_002Da4ee304d94f7_007D.m_7b86004a82fb42ee97ea7d5e58574563.m_00f9435ae4b3435e95ad1d31b77e7a6f","未命名"
"PvfCode\ViewModels\SearchResultTreeViewModel.cs","31296","0xB8B57D1 ^ _003CModule_003E_007Be69553f9_002Deb39_002D49cd_002D9d77_002Da4ee304d94f7_007D.m_7b86004a82fb42ee97ea7d5e58574563.m_e066a82cd08141c08d4817f20a7d29f3","未命名"
"PvfCode\ViewModels\SearchResultTreeViewModel.cs","74558","0x25C136A9 ^ _003CModule_003E_007Be69553f9_002Deb39_002D49cd_002D9d77_002Da4ee304d94f7_007D.m_7b86004a82fb42ee97ea7d5e58574563.m_c8944dd9ca4b4079b8678bce0630ff7d"," (*.txt)|*.txt"
"PvfCode\ViewModels\SearchResultTreeViewModel.cs","76800","0x6C4DC9A0 ^ _003CModule_003E_007Be69553f9_002Deb39_002D49cd_002D9d77_002Da4ee304d94f7_007D.m_7b86004a82fb42ee97ea7d5e58574563.m_c4ac9f35eb704455b489a780e86cf909","mess_NoFileCanBeExportToTxt"
"PvfCode\ViewModels\SearchResultTreeViewModel.cs","76858","0x3CA892E9 ^ _003CModule_003E_007Be69553f9_002Deb39_002D49cd_002D9d77_002Da4ee304d94f7_007D.m_7b86004a82fb42ee97ea7d5e58574563.m_c10a6115b19c4927ae8ffc79f8f16dfb","mess_TextName"
"PvfCode\ViewModels\SearchResultTreeViewModel.cs","76858","0x662CED0A ^ _003CModule_003E_007Be69553f9_002Deb39_002D49cd_002D9d77_002Da4ee304d94f7_007D.m_7b86004a82fb42ee97ea7d5e58574563.m_1e27397300b24ef4ba98a645a53798c2","mess_TextName"
"PvfCode\ViewModels\SearchResultTreeViewModel.cs","76888","0x6C4DC9F8 ^ _003CModule_003E_007Be69553f9_002Deb39_002D49cd_002D9d77_002Da4ee304d94f7_007D.m_7b86004a82fb42ee97ea7d5e58574563.m_c4ac9f35eb704455b489a780e86cf909",".txt"
"PvfCode\ViewModels\SearchResultTreeViewModel.cs","76888","0x51F0F994 ^ _003CModule_003E_007Be69553f9_002Deb39_002D49cd_002D9d77_002Da4ee304d94f7_007D.m_7b86004a82fb42ee97ea7d5e58574563.m_e9daf7d92d7e4446976bda811e90502a",".txt"
"PvfCode\ViewModels\SearchResultTreeViewModel.cs","76900","0x768BD5E2 ^ _003CModule_003E_007Be69553f9_002Deb39_002D49cd_002D9d77_002Da4ee304d94f7_007D.m_7b86004a82fb42ee97ea7d5e58574563.m_5f32481f68ae4c7eaeea7ec68a5ff47b","mess_ExportToTxtError"
"PvfCode\ViewModels\SearchResultTreeViewModel.cs","76946","0x3CA89241 ^ _003CModule_003E_007Be69553f9_002Deb39_002D49cd_002D9d77_002Da4ee304d94f7_007D.m_7b86004a82fb42ee97ea7d5e58574563.m_c10a6115b19c4927ae8ffc79f8f16dfb","mess_TxtContentIsEmpty"
"PvfCode\ViewModels\SearchResultTreeViewModel.cs","76994","0x622EAE60 ^ _003CModule_003E_007Be69553f9_002Deb39_002D49cd_002D9d77_002Da4ee304d94f7_007D.m_7b86004a82fb42ee97ea7d5e58574563.m_41a03ba455a9468b9050278ae77448e1","mess_ImportFromTxtError"
"PvfCode\ViewModels\ShopManager\WinShopManagerVm.cs","3572","0x2187945A ^ _003CModule_003E_007Be69553f9_002Deb39_002D49cd_002D9d77_002Da4ee304d94f7_007D.m_7b86004a82fb42ee97ea7d5e58574563.m_a6871abdbd314ec9bd2de23164bed82c","
"
"PvfCode\ViewModels\ShopManager\WinShopManagerVm.cs","3580","0x1018FEAF ^ _003CModule_003E_007Be69553f9_002Deb39_002D49cd_002D9d77_002Da4ee304d94f7_007D.m_7b86004a82fb42ee97ea7d5e58574563.m_80f251012e8548e0baf3267defb3d706","	"
"PvfCode\ViewModels\ShopManager\WinShopManagerVm.cs","3580","0x4C169FE8 ^ _003CModule_003E_007Be69553f9_002Deb39_002D49cd_002D9d77_002Da4ee304d94f7_007D.m_7b86004a82fb42ee97ea7d5e58574563.m_d7eae1243bb84fa8b3e43c67ebe44716","	"
"PvfCode\ViewModels\ShopManager\WinShopManagerVm.cs","19436","0x13FC0C86 ^ _003CModule_003E_007Be69553f9_002Deb39_002D49cd_002D9d77_002Da4ee304d94f7_007D.m_7b86004a82fb42ee97ea7d5e58574563.m_a7cc82b779404332a260d01290ecb801","etc/newcashshop.etc"
"PvfCode\ViewModels\ShopManager\WinShopManagerVm.cs","19436","0x7A7EB650 ^ _003CModule_003E_007Be69553f9_002Deb39_002D49cd_002D9d77_002Da4ee304d94f7_007D.m_7b86004a82fb42ee97ea7d5e58574563.m_22c98bd810e84970b541501ace0b424a","etc/newcashshop.etc"
"PvfCode\ViewModels\ShopManager\WinShopManagerVm.cs","19436","0x768AB26A ^ _003CModule_003E_007Be69553f9_002Deb39_002D49cd_002D9d77_002Da4ee304d94f7_007D.m_7b86004a82fb42ee97ea7d5e58574563.m_5f32481f68ae4c7eaeea7ec68a5ff47b","etc/newcashshop.etc"
"PvfCode\ViewModels\ShopManager\WinShopManagerVm.cs","19478","0xD25E9 ^ _003CModule_003E_007Be69553f9_002Deb39_002D49cd_002D9d77_002Da4ee304d94f7_007D.m_7b86004a82fb42ee97ea7d5e58574563.m_ffc261d25c834aebbee1da6f61154719","["
"PvfCode\ViewModels\ShopManager\WinShopManagerVm.cs","19484","0x1018BF4F ^ _003CModule_003E_007Be69553f9_002Deb39_002D49cd_002D9d77_002Da4ee304d94f7_007D.m_7b86004a82fb42ee97ea7d5e58574563.m_80f251012e8548e0baf3267defb3d706","]"
"PvfCode\ViewModels\ShopManager\WinShopManagerVm.cs","19484","0x4E196685 ^ _003CModule_003E_007Be69553f9_002Deb39_002D49cd_002D9d77_002Da4ee304d94f7_007D.m_7b86004a82fb42ee97ea7d5e58574563.m_24a7cb1bd49e4021b5d8fa5493d816ca","]"
"PvfCode\ViewModels\ShopManager\WinShopManagerVm.cs","19490","0x1018BF71 ^ _003CModule_003E_007Be69553f9_002Deb39_002D49cd_002D9d77_002Da4ee304d94f7_007D.m_7b86004a82fb42ee97ea7d5e58574563.m_80f251012e8548e0baf3267defb3d706","未能获取到节点：["
"PvfCode\ViewModels\ShopManager\WinShopManagerVm.cs","31992","0x70CC0104 ^ _003CModule_003E_007Be69553f9_002Deb39_002D49cd_002D9d77_002Da4ee304d94f7_007D.m_7b86004a82fb42ee97ea7d5e58574563.m_ee8424bd48bb442e9a823a15df5a62b4","[package]"
"PvfCode\ViewModels\ShopManager\WinShopManagerVm.cs","31992","-1904881294 ^ -1106199680 ^ _003CModule_003E_007Be69553f9_002Deb39_002D49cd_002D9d77_002Da4ee304d94f7_007D.m_7b86004a82fb42ee97ea7d5e58574563.m_add69167a2c54fe0bb2e5f0af2545839","[package]"
"PvfCode\ViewModels\ShopManager\WinShopManagerVm.cs","31992","0x659E2265 ^ _003CModule_003E_007Be69553f9_002Deb39_002D49cd_002D9d77_002Da4ee304d94f7_007D.m_7b86004a82fb42ee97ea7d5e58574563.m_0cdaa8b4a2df45ea8b368477e0c569ba","[package]"
"PvfCode\ViewModels\ShopManager\WinShopManagerVm.cs","32014","0xF02D51E ^ _003CModule_003E_007Be69553f9_002Deb39_002D49cd_002D9d77_002Da4ee304d94f7_007D.m_7b86004a82fb42ee97ea7d5e58574563.m_e5d5198bec9744b280b22d7dede4d8ad","商城中不存在礼包：[package]节点"
"PvfCode\ViewModels\ShopManager\WinShopManagerVm.cs","32058","0x3855654F ^ _003CModule_003E_007Be69553f9_002Deb39_002D49cd_002D9d77_002Da4ee304d94f7_007D.m_7b86004a82fb42ee97ea7d5e58574563.m_0273572c23d24952bbcc01600fea0084","[/package]"
"PvfCode\ViewModels\ShopManager\WinShopManagerVm.cs","32058","0x9337C8D ^ _003CModule_003E_007Be69553f9_002Deb39_002D49cd_002D9d77_002Da4ee304d94f7_007D.m_7b86004a82fb42ee97ea7d5e58574563.m_a47e9e4bf3624e7291689f8fb4b10989","[/package]"
"PvfCode\ViewModels\ShopManager\WinShopManagerVm.cs","32082","0x30656B58 ^ _003CModule_003E_007Be69553f9_002Deb39_002D49cd_002D9d77_002Da4ee304d94f7_007D.m_7b86004a82fb42ee97ea7d5e58574563.m_add69167a2c54fe0bb2e5f0af2545839","没有可排序的内容"
"PvfCode\ViewModels\ShopManager\WinShopManagerVm.cs","32102","0x3509747F ^ _003CModule_003E_007Be69553f9_002Deb39_002D49cd_002D9d77_002Da4ee304d94f7_007D.m_7b86004a82fb42ee97ea7d5e58574563.m_c3720eb655124e6e81b317ef170605cd","[package]
"
"PvfCode\ViewModels\ShopManager\WinShopManagerVm.cs","32128","0x527ADB52 ^ _003CModule_003E_007Be69553f9_002Deb39_002D49cd_002D9d77_002Da4ee304d94f7_007D.m_7b86004a82fb42ee97ea7d5e58574563.m_cb81f441a98e4bd493b61df435bbdbdb","
[/package]"
"PvfCode\ViewModels\ShopManager\WinShopManagerVm.cs","32156","0x47B96079 ^ _003CModule_003E_007Be69553f9_002Deb39_002D49cd_002D9d77_002Da4ee304d94f7_007D.m_7b86004a82fb42ee97ea7d5e58574563.m_0bd286ac068745bfb29b92d10b515130","替换内容失败"
"PvfCode\ViewModels\ShopManager\WinShopManagerVm.cs","32172","0x2187E402 ^ _003CModule_003E_007Be69553f9_002Deb39_002D49cd_002D9d77_002Da4ee304d94f7_007D.m_7b86004a82fb42ee97ea7d5e58574563.m_a6871abdbd314ec9bd2de23164bed82c","OK"
"PvfCode\ViewModels\Store\Preview\PreviewItemCodeHoverViewViewModel.cs","31306","0xD13B5 ^ _003CModule_003E_007Be69553f9_002Deb39_002D49cd_002D9d77_002Da4ee304d94f7_007D.m_7b86004a82fb42ee97ea7d5e58574563.m_ffc261d25c834aebbee1da6f61154719","XML"
"PvfCode\ViewModels\Store\Preview\PreviewTabCommentViewViewModel.cs","31968","0x704E47CF ^ _003CModule_003E_007Be69553f9_002Deb39_002D49cd_002D9d77_002Da4ee304d94f7_007D.m_7b86004a82fb42ee97ea7d5e58574563.m_c4f70e4f04fd48b4b9edaf9a9b8fdeae","mess_Total"
"PvfCode\ViewModels\Store\StoreListViewModel.cs","31910","0x5FF29507 ^ _003CModule_003E_007Be69553f9_002Deb39_002D49cd_002D9d77_002Da4ee304d94f7_007D.m_7b86004a82fb42ee97ea7d5e58574563.m_558c76f87bdc4d51a68101d12bccb609","DocumentName_ExtensionStore"
"PvfCode\ViewModels\Store\StoreListViewModel.cs","77836","0x2D96170D ^ _003CModule_003E_007Be69553f9_002Deb39_002D49cd_002D9d77_002Da4ee304d94f7_007D.m_7b86004a82fb42ee97ea7d5e58574563.m_59a7418b35384ddea3432ed6abd3f702","mess_DownloadSuccess"
"PvfCode\ViewModels\Store\StoreListViewModel.cs","77836","0x7C0E2EEE ^ _003CModule_003E_007Be69553f9_002Deb39_002D49cd_002D9d77_002Da4ee304d94f7_007D.m_7b86004a82fb42ee97ea7d5e58574563.m_2bc1918cd21d40e9b73926d6c2cbc512","mess_DownloadSuccess"
"PvfCode\ViewModels\Store\StoreListViewModel.cs","77836","0x35083915 ^ _003CModule_003E_007Be69553f9_002Deb39_002D49cd_002D9d77_002Da4ee304d94f7_007D.m_7b86004a82fb42ee97ea7d5e58574563.m_c3720eb655124e6e81b317ef170605cd","mess_DownloadSuccess"
"PvfCode\ViewModels\Store\StoreListViewModel.cs","77836","0x93231BB ^ _003CModule_003E_007Be69553f9_002Deb39_002D49cd_002D9d77_002Da4ee304d94f7_007D.m_7b86004a82fb42ee97ea7d5e58574563.m_a47e9e4bf3624e7291689f8fb4b10989","mess_DownloadSuccess"
"PvfCode\ViewModels\Store\StoreListViewModel.cs","77880","0x4E181AA1 ^ _003CModule_003E_007Be69553f9_002Deb39_002D49cd_002D9d77_002Da4ee304d94f7_007D.m_7b86004a82fb42ee97ea7d5e58574563.m_24a7cb1bd49e4021b5d8fa5493d816ca","mess_MergeConfigComment"
"PvfCode\ViewModels\Store\StoreListViewModel.cs","77880","0xF039828 ^ _003CModule_003E_007Be69553f9_002Deb39_002D49cd_002D9d77_002Da4ee304d94f7_007D.m_7b86004a82fb42ee97ea7d5e58574563.m_e5d5198bec9744b280b22d7dede4d8ad","mess_MergeConfigComment"
"PvfCode\ViewModels\Store\StoreListViewModel.cs","77930","0x7C0E2E88 ^ _003CModule_003E_007Be69553f9_002Deb39_002D49cd_002D9d77_002Da4ee304d94f7_007D.m_7b86004a82fb42ee97ea7d5e58574563.m_2bc1918cd21d40e9b73926d6c2cbc512","mess_OverrideConfigComment"
"PvfCode\ViewModels\Store\StoreListViewModel.cs","77930","0x768BC9EC ^ _003CModule_003E_007Be69553f9_002Deb39_002D49cd_002D9d77_002Da4ee304d94f7_007D.m_7b86004a82fb42ee97ea7d5e58574563.m_5f32481f68ae4c7eaeea7ec68a5ff47b","mess_OverrideConfigComment"
"PvfCode\ViewModels\Store\StoreListViewModel.cs","77986","0x4E181A3B ^ _003CModule_003E_007Be69553f9_002Deb39_002D49cd_002D9d77_002Da4ee304d94f7_007D.m_7b86004a82fb42ee97ea7d5e58574563.m_24a7cb1bd49e4021b5d8fa5493d816ca","mess_MergeConfig"
"PvfCode\ViewModels\Store\StoreListViewModel.cs","78022","0x89BB8EF ^ _003CModule_003E_007Be69553f9_002Deb39_002D49cd_002D9d77_002Da4ee304d94f7_007D.m_7b86004a82fb42ee97ea7d5e58574563.m_cf19654829b546c5ba704a307b4e0bfa","mess_OverrideConfig"
"PvfCode\ViewModels\Store\StoreListViewModel.cs","78064","0x70D0ED54 ^ _003CModule_003E_007Be69553f9_002Deb39_002D49cd_002D9d77_002Da4ee304d94f7_007D.m_7b86004a82fb42ee97ea7d5e58574563.m_541fbf15174a41ce952b7916fd6276fe","1.0"
"PvfCode\ViewModels\Store\StoreListViewModel.cs","78074","0x306426F0 ^ _003CModule_003E_007Be69553f9_002Deb39_002D49cd_002D9d77_002Da4ee304d94f7_007D.m_7b86004a82fb42ee97ea7d5e58574563.m_add69167a2c54fe0bb2e5f0af2545839","UTF-8"
"PvfCode\ViewModels\Store\StoreListViewModel.cs","78088","0x5DBAC111 ^ _003CModule_003E_007Be69553f9_002Deb39_002D49cd_002D9d77_002Da4ee304d94f7_007D.m_7b86004a82fb42ee97ea7d5e58574563.m_4dccf8dd3beb468396324e307ead22cc","root"
"PvfCode\ViewModels\Store\StoreListViewModel.cs","78100","0x4D22ECAF ^ _003CModule_003E_007Be69553f9_002Deb39_002D49cd_002D9d77_002Da4ee304d94f7_007D.m_7b86004a82fb42ee97ea7d5e58574563.m_5924bd2461b7415baa9211b5f1cb71b2","File"
"PvfCode\ViewModels\Store\StoreListViewModel.cs","78112","0x5DBAC139 ^ _003CModule_003E_007Be69553f9_002Deb39_002D49cd_002D9d77_002Da4ee304d94f7_007D.m_7b86004a82fb42ee97ea7d5e58574563.m_4dccf8dd3beb468396324e307ead22cc","mess_PleaseSelectDownloadData"
"PvfCode\ViewModels\Store\StoreListViewModel.cs","78174","0x5FF3D8FF ^ _003CModule_003E_007Be69553f9_002Deb39_002D49cd_002D9d77_002Da4ee304d94f7_007D.m_7b86004a82fb42ee97ea7d5e58574563.m_558c76f87bdc4d51a68101d12bccb609","mess_Downloading"
"PvfCode\ViewModels\Store\StoreListViewModel.cs","78210","0x30642788 ^ _003CModule_003E_007Be69553f9_002Deb39_002D49cd_002D9d77_002Da4ee304d94f7_007D.m_7b86004a82fb42ee97ea7d5e58574563.m_add69167a2c54fe0bb2e5f0af2545839","mess_PleaseSelectPreviewData"
"PvfCode\ViewModels\Store\StoreListViewModel.cs","78270","0x5D5E7601 ^ _003CModule_003E_007Be69553f9_002Deb39_002D49cd_002D9d77_002Da4ee304d94f7_007D.m_7b86004a82fb42ee97ea7d5e58574563.m_a471290541044d3bb697860b55cc6bc1","mess_Loading"
"PvfCode\ViewModels\Store\StoreListViewModel.cs","78298","0x6D270314 ^ _003CModule_003E_007Be69553f9_002Deb39_002D49cd_002D9d77_002Da4ee304d94f7_007D.m_7b86004a82fb42ee97ea7d5e58574563.m_a1b83f1dd0754677898be265fae789c4","mess_PreviewFailed"
"PvfCode\ViewModels\TreeFolder\Drop\DropDocumentModelBase.cs","3572","0xB1D2B4C ^ _003CModule_003E_007Be69553f9_002Deb39_002D49cd_002D9d77_002Da4ee304d94f7_007D.m_7b86004a82fb42ee97ea7d5e58574563.m_df89dfc2a96347ad9471b517744dea02","
"
"PvfCode\ViewModels\TreeFolder\Drop\DropDocumentModelBase.cs","3572","0x41ED7606 ^ _003CModule_003E_007Be69553f9_002Deb39_002D49cd_002D9d77_002Da4ee304d94f7_007D.m_7b86004a82fb42ee97ea7d5e58574563.m_ba7ada5c647b4fc094df6608a5b444bd","
"
"PvfCode\ViewModels\TreeFolder\Drop\ItemCodeDropHandler.cs","3522","0x3D9BDDDB ^ _003CModule_003E_007Be69553f9_002Deb39_002D49cd_002D9d77_002Da4ee304d94f7_007D.m_7b86004a82fb42ee97ea7d5e58574563.m_825859c4ee504b91a6a1d6e7fabf4f01","mess_DeliverFail_NoFile"
"PvfCode\ViewModels\TreeFolder\Drop\ItemCodeDropHandler.cs","3522","0x4C169FD6 ^ _003CModule_003E_007Be69553f9_002Deb39_002D49cd_002D9d77_002Da4ee304d94f7_007D.m_7b86004a82fb42ee97ea7d5e58574563.m_d7eae1243bb84fa8b3e43c67ebe44716","mess_DeliverFail_NoFile"
"PvfCode\ViewModels\TreeFolder\Drop\ItemCodeDropHandler.cs","3572","0x19F96935 ^ _003CModule_003E_007Be69553f9_002Deb39_002D49cd_002D9d77_002Da4ee304d94f7_007D.m_7b86004a82fb42ee97ea7d5e58574563.m_afceaa2a86c14a5c9cf1f8f0fdd0f590","
"
"PvfCode\ViewModels\TreeFolder\Drop\ItemCodeDropHandler.cs","3580","0x19F9693D ^ _003CModule_003E_007Be69553f9_002Deb39_002D49cd_002D9d77_002Da4ee304d94f7_007D.m_7b86004a82fb42ee97ea7d5e58574563.m_afceaa2a86c14a5c9cf1f8f0fdd0f590","	"
"PvfCode\ViewModels\TreeFolder\Drop\LstFileDropHandler.cs","3522","0x11B912EE ^ _003CModule_003E_007Be69553f9_002Deb39_002D49cd_002D9d77_002Da4ee304d94f7_007D.m_7b86004a82fb42ee97ea7d5e58574563.m_39a59c8c3fda4dbdaaf2213c010b00a8","mess_DeliverFail_NoFile"
"PvfCode\ViewModels\TreeFolder\Drop\LstFileDropHandler.cs","3522","0x13FC4AA8 ^ _003CModule_003E_007Be69553f9_002Deb39_002D49cd_002D9d77_002Da4ee304d94f7_007D.m_7b86004a82fb42ee97ea7d5e58574563.m_a7cc82b779404332a260d01290ecb801","mess_DeliverFail_NoFile"
"PvfCode\ViewModels\TreeFolder\Drop\LstFileDropHandler.cs","3572","1427621874 ^ 0x3089949B ^ _003CModule_003E_007Be69553f9_002Deb39_002D49cd_002D9d77_002Da4ee304d94f7_007D.m_7b86004a82fb42ee97ea7d5e58574563.m_0cdaa8b4a2df45ea8b368477e0c569ba","
"
"PvfCode\ViewModels\TreeFolder\Drop\LstFileDropHandler.cs","3572","0x201482C ^ _003CModule_003E_007Be69553f9_002Deb39_002D49cd_002D9d77_002Da4ee304d94f7_007D.m_7b86004a82fb42ee97ea7d5e58574563.m_582a7f02cd3044949cbbc8d81e970cdb","
"
"PvfCode\ViewModels\TreeFolder\Drop\LstFileDropHandler.cs","3572","0xD640B ^ _003CModule_003E_007Be69553f9_002Deb39_002D49cd_002D9d77_002Da4ee304d94f7_007D.m_7b86004a82fb42ee97ea7d5e58574563.m_ffc261d25c834aebbee1da6f61154719","
"
"PvfCode\ViewModels\TreeFolder\Drop\LstFileDropHandler.cs","3580","0x21879452 ^ _003CModule_003E_007Be69553f9_002Deb39_002D49cd_002D9d77_002Da4ee304d94f7_007D.m_7b86004a82fb42ee97ea7d5e58574563.m_a6871abdbd314ec9bd2de23164bed82c","	"
"PvfCode\ViewModels\TreeFolder\Drop\LstFileDropHandler.cs","3586","0x2B2EB074 ^ _003CModule_003E_007Be69553f9_002Deb39_002D49cd_002D9d77_002Da4ee304d94f7_007D.m_7b86004a82fb42ee97ea7d5e58574563.m_5b1a4905efa74bdd971c79e2845c55df","mess_RegisterSuccess"
"PvfCode\ViewModels\TreeFolder\Drop\LstFileDropHandler.cs","3630","0x65E6F04D ^ _003CModule_003E_007Be69553f9_002Deb39_002D49cd_002D9d77_002Da4ee304d94f7_007D.m_7b86004a82fb42ee97ea7d5e58574563.m_0a3e5af7839d43a19884f927a9769d0e","mess_FileTypeNotMatch"
"PvfCode\ViewModels\TreeFolder\Drop\LstFileDropHandler.cs","3676","0x218797F2 ^ _003CModule_003E_007Be69553f9_002Deb39_002D49cd_002D9d77_002Da4ee304d94f7_007D.m_7b86004a82fb42ee97ea7d5e58574563.m_a6871abdbd314ec9bd2de23164bed82c","mess_HaveAlreadyRegistered"
"PvfCode\ViewModels\TreeFolder\Drop\LstFileDropHandler.cs","3732","0x51F73955 ^ _003CModule_003E_007Be69553f9_002Deb39_002D49cd_002D9d77_002Da4ee304d94f7_007D.m_7b86004a82fb42ee97ea7d5e58574563.m_c14a170a5a60490084306350f271c7f1","mess_DeliverResult"
"PvfCode\ViewModels\TreeFolder\Drop\LstFileDropHandler.cs","3732","0x3D9BDE8D ^ _003CModule_003E_007Be69553f9_002Deb39_002D49cd_002D9d77_002Da4ee304d94f7_007D.m_7b86004a82fb42ee97ea7d5e58574563.m_825859c4ee504b91a6a1d6e7fabf4f01","mess_DeliverResult"
"PvfCode\ViewModels\TreeFolder\Drop\LstFileDropHandler.cs","3902","0x662DCE0E ^ _003CModule_003E_007Be69553f9_002Deb39_002D49cd_002D9d77_002Da4ee304d94f7_007D.m_7b86004a82fb42ee97ea7d5e58574563.m_1e27397300b24ef4ba98a645a53798c2","`"
"PvfCode\ViewModels\TreeFolder\Drop\LstFileDropHandler.cs","3902","0x4D23D285 ^ _003CModule_003E_007Be69553f9_002Deb39_002D49cd_002D9d77_002Da4ee304d94f7_007D.m_7b86004a82fb42ee97ea7d5e58574563.m_5924bd2461b7415baa9211b5f1cb71b2","`"
"PvfCode\ViewModels\TreeFolder\Drop\LstFileDropHandler.cs","9836","0x41777C0 ^ _003CModule_003E_007Be69553f9_002Deb39_002D49cd_002D9d77_002Da4ee304d94f7_007D.m_7b86004a82fb42ee97ea7d5e58574563.m_8fd2865c456d4936bd87c4a63c3e7ba1","/"
"PvfCode\ViewModels\TreeFolder\Drop\LstFileDropHandler.cs","67846","-1904881294 ^ -226769258 ^ _003CModule_003E_007Be69553f9_002Deb39_002D49cd_002D9d77_002Da4ee304d94f7_007D.m_7b86004a82fb42ee97ea7d5e58574563.m_2bc1918cd21d40e9b73926d6c2cbc512","mess_DeliverFail_NotSupport"
"PvfCode\ViewModels\TreeFolder\Drop\LstFileDropHandler.cs","67904","0x5FF3E0E1 ^ _003CModule_003E_007Be69553f9_002Deb39_002D49cd_002D9d77_002Da4ee304d94f7_007D.m_7b86004a82fb42ee97ea7d5e58574563.m_558c76f87bdc4d51a68101d12bccb609","	`"
"PvfCode\ViewModels\TreeFolder\Drop\LstFileDropHandler.cs","67912","0x67798541 ^ _003CModule_003E_007Be69553f9_002Deb39_002D49cd_002D9d77_002Da4ee304d94f7_007D.m_7b86004a82fb42ee97ea7d5e58574563.m_e0f0c9b53f5f4d0e88dcbb6df9cbe106","mess_SuccessCount"
"PvfCode\ViewModels\TreeFolder\Drop\LstFileDropHandler.cs","67950","0x7A7FF4D2 ^ _003CModule_003E_007Be69553f9_002Deb39_002D49cd_002D9d77_002Da4ee304d94f7_007D.m_7b86004a82fb42ee97ea7d5e58574563.m_22c98bd810e84970b541501ace0b424a","mess_DuplicateCount"
"PvfCode\ViewModels\TreeFolder\Drop\LstFileDropHandler.cs","67992","0x1019FACB ^ _003CModule_003E_007Be69553f9_002Deb39_002D49cd_002D9d77_002Da4ee304d94f7_007D.m_7b86004a82fb42ee97ea7d5e58574563.m_80f251012e8548e0baf3267defb3d706","mess_NotMatchCount"
"PvfCode\ViewModels\TreeFolder\Drop\LstFileDropHandler.cs","68032","0x265D2402 ^ _003CModule_003E_007Be69553f9_002Deb39_002D49cd_002D9d77_002Da4ee304d94f7_007D.m_7b86004a82fb42ee97ea7d5e58574563.m_00f9435ae4b3435e95ad1d31b77e7a6f","mess_Detail"
"PvfCode\ViewModels\TreeFolder\PvfFileTreeColumnSelectorDataTemplate.cs","29930","0xD1D15 ^ _003CModule_003E_007Be69553f9_002Deb39_002D49cd_002D9d77_002Da4ee304d94f7_007D.m_7b86004a82fb42ee97ea7d5e58574563.m_ffc261d25c834aebbee1da6f61154719","PvfFileTreeColumnTemplate"
"PvfCode\ViewModels\TreeFolder\PvfTreeFileFileListDescription.cs","9750","0x2B2E9860 ^ _003CModule_003E_007Be69553f9_002Deb39_002D49cd_002D9d77_002Da4ee304d94f7_007D.m_7b86004a82fb42ee97ea7d5e58574563.m_5b1a4905efa74bdd971c79e2845c55df","("
"PvfCode\ViewModels\TreeFolder\PvfTreeFileFileListDescription.cs","9756","0x527A80CE ^ _003CModule_003E_007Be69553f9_002Deb39_002D49cd_002D9d77_002Da4ee304d94f7_007D.m_7b86004a82fb42ee97ea7d5e58574563.m_cb81f441a98e4bd493b61df435bbdbdb",")"
"PvfCode\ViewModels\TreeFolder\TreeFileClipboardManager.cs","3572","0x25C01863 ^ _003CModule_003E_007Be69553f9_002Deb39_002D49cd_002D9d77_002Da4ee304d94f7_007D.m_7b86004a82fb42ee97ea7d5e58574563.m_c8944dd9ca4b4079b8678bce0630ff7d","
"
"PvfCode\ViewModels\TreeFolder\TreeFileClipboardManager.cs","31632","0x7A7E862C ^ _003CModule_003E_007Be69553f9_002Deb39_002D49cd_002D9d77_002Da4ee304d94f7_007D.m_7b86004a82fb42ee97ea7d5e58574563.m_22c98bd810e84970b541501ace0b424a","PasedIsEnabled"
"PvfCode\ViewModels\TreeFolder\TreeFileClipboardManager.cs","31632","0x25C06E07 ^ _003CModule_003E_007Be69553f9_002Deb39_002D49cd_002D9d77_002Da4ee304d94f7_007D.m_7b86004a82fb42ee97ea7d5e58574563.m_c8944dd9ca4b4079b8678bce0630ff7d","PasedIsEnabled"
"PvfCode\ViewModels\TreeFolder\TreeFileClipboardManager.cs","77746","0x527B8960 ^ _003CModule_003E_007Be69553f9_002Deb39_002D49cd_002D9d77_002Da4ee304d94f7_007D.m_7b86004a82fb42ee97ea7d5e58574563.m_cb81f441a98e4bd493b61df435bbdbdb","mess_Pasting"
"PvfCode\ViewModels\TreeFolder\TreeGroup.cs","9836","0xB8B0BFD ^ _003CModule_003E_007Be69553f9_002Deb39_002D49cd_002D9d77_002Da4ee304d94f7_007D.m_7b86004a82fb42ee97ea7d5e58574563.m_e066a82cd08141c08d4817f20a7d29f3","/"
"PvfCode\ViewModels\TreeFolder\TreeGroup.cs","9836","-1863606693 ^ -1951060991 ^ _003CModule_003E_007Be69553f9_002Deb39_002D49cd_002D9d77_002Da4ee304d94f7_007D.m_7b86004a82fb42ee97ea7d5e58574563.m_995dc3f7a3024d82ba87d77f60d35fca","/"
"PvfCode\ViewModels\TreeFolder\TreeGroup.cs","9836","0x1B5EB25A ^ _003CModule_003E_007Be69553f9_002Deb39_002D49cd_002D9d77_002Da4ee304d94f7_007D.m_7b86004a82fb42ee97ea7d5e58574563.m_995dc3f7a3024d82ba87d77f60d35fca","/"
"PvfCode\ViewModels\TreeFolder\TreeGroup.cs","9836","0x5D5F61D3 ^ _003CModule_003E_007Be69553f9_002Deb39_002D49cd_002D9d77_002Da4ee304d94f7_007D.m_7b86004a82fb42ee97ea7d5e58574563.m_a471290541044d3bb697860b55cc6bc1","/"
"PvfCode\ViewModels\TreeFolder\TreeGroup.cs","9836","0xB8B0BFD ^ _003CModule_003E_007Be69553f9_002Deb39_002D49cd_002D9d77_002Da4ee304d94f7_007D.m_7b86004a82fb42ee97ea7d5e58574563.m_e066a82cd08141c08d4817f20a7d29f3","/"
"PvfCode\ViewModels\TreeFolder\TreeGroup.cs","9836","0x2B2E981A ^ _003CModule_003E_007Be69553f9_002Deb39_002D49cd_002D9d77_002Da4ee304d94f7_007D.m_7b86004a82fb42ee97ea7d5e58574563.m_5b1a4905efa74bdd971c79e2845c55df","/"
"PvfCode\ViewModels\TreeFolder\TreeGroup.cs","9836","0x690EC74E ^ _003CModule_003E_007Be69553f9_002Deb39_002D49cd_002D9d77_002Da4ee304d94f7_007D.m_7b86004a82fb42ee97ea7d5e58574563.m_864fc4c2b93e4f099c2c07aa23d782f6","/"
"PvfCode\ViewModels\TreeFolder\TreeGroup.cs","9836","-1904881294 ^ -1473652004 ^ _003CModule_003E_007Be69553f9_002Deb39_002D49cd_002D9d77_002Da4ee304d94f7_007D.m_7b86004a82fb42ee97ea7d5e58574563.m_00f9435ae4b3435e95ad1d31b77e7a6f","/"
"PvfCode\ViewModels\TreeFolder\TreeGroup.cs","9836","0xB8B0BFD ^ _003CModule_003E_007Be69553f9_002Deb39_002D49cd_002D9d77_002Da4ee304d94f7_007D.m_7b86004a82fb42ee97ea7d5e58574563.m_e066a82cd08141c08d4817f20a7d29f3","/"
"PvfCode\ViewModels\TreeFolder\TreeGroup.cs","9836","-1863606693 ^ -1951060991 ^ _003CModule_003E_007Be69553f9_002Deb39_002D49cd_002D9d77_002Da4ee304d94f7_007D.m_7b86004a82fb42ee97ea7d5e58574563.m_995dc3f7a3024d82ba87d77f60d35fca","/"
"PvfCode\ViewModels\TreeFolder\TreeGroup.cs","9836","0x5D5F61D3 ^ _003CModule_003E_007Be69553f9_002Deb39_002D49cd_002D9d77_002Da4ee304d94f7_007D.m_7b86004a82fb42ee97ea7d5e58574563.m_a471290541044d3bb697860b55cc6bc1","/"
"PvfCode\ViewModels\TreeFolder\TreeGroup.cs","9836","0x2B2E981A ^ _003CModule_003E_007Be69553f9_002Deb39_002D49cd_002D9d77_002Da4ee304d94f7_007D.m_7b86004a82fb42ee97ea7d5e58574563.m_5b1a4905efa74bdd971c79e2845c55df","/"
"PvfCode\ViewModels\TreeFolder\TreeGroup.cs","9836","0x690EC74E ^ _003CModule_003E_007Be69553f9_002Deb39_002D49cd_002D9d77_002Da4ee304d94f7_007D.m_7b86004a82fb42ee97ea7d5e58574563.m_864fc4c2b93e4f099c2c07aa23d782f6","/"
"PvfCode\ViewModels\TreeFolder\TreeGroup.cs","9836","0xB8B0BFD ^ _003CModule_003E_007Be69553f9_002Deb39_002D49cd_002D9d77_002Da4ee304d94f7_007D.m_7b86004a82fb42ee97ea7d5e58574563.m_e066a82cd08141c08d4817f20a7d29f3","/"
"PvfCode\ViewModels\TreeFolder\TreeGroup.cs","9836","0x41ED5D9E ^ _003CModule_003E_007Be69553f9_002Deb39_002D49cd_002D9d77_002Da4ee304d94f7_007D.m_7b86004a82fb42ee97ea7d5e58574563.m_ba7ada5c647b4fc094df6608a5b444bd","/"
"PvfCode\ViewModels\TreeFolder\TreeGroup.cs","9836","-1904881294 ^ -1473652004 ^ _003CModule_003E_007Be69553f9_002Deb39_002D49cd_002D9d77_002Da4ee304d94f7_007D.m_7b86004a82fb42ee97ea7d5e58574563.m_00f9435ae4b3435e95ad1d31b77e7a6f","/"
"PvfCode\ViewModels\TreeFolder\TreeGroup.cs","23334","0x622FD984 ^ _003CModule_003E_007Be69553f9_002Deb39_002D49cd_002D9d77_002Da4ee304d94f7_007D.m_7b86004a82fb42ee97ea7d5e58574563.m_41a03ba455a9468b9050278ae77448e1","ChildNodesSelector"
"PvfCode\ViewModels\TreeFolder\TreeGroup.cs","31138","0x89AF18B ^ _003CModule_003E_007Be69553f9_002Deb39_002D49cd_002D9d77_002Da4ee304d94f7_007D.m_7b86004a82fb42ee97ea7d5e58574563.m_cf19654829b546c5ba704a307b4e0bfa","Trees"
"PvfCode\ViewModels\TreeFolder\TreeGroup.cs","31138","0x25C06C35 ^ _003CModule_003E_007Be69553f9_002Deb39_002D49cd_002D9d77_002Da4ee304d94f7_007D.m_7b86004a82fb42ee97ea7d5e58574563.m_c8944dd9ca4b4079b8678bce0630ff7d","Trees"
"PvfCode\ViewModels\TreeFolder\TreeGroup.cs","31138","352137165 ^ 0x1FE070D7 ^ _003CModule_003E_007Be69553f9_002Deb39_002D49cd_002D9d77_002Da4ee304d94f7_007D.m_7b86004a82fb42ee97ea7d5e58574563.m_df89dfc2a96347ad9471b517744dea02","Trees"
"PvfCode\ViewModels\TreeFolder\TreeGroup.cs","31138","0x7A7E841E ^ _003CModule_003E_007Be69553f9_002Deb39_002D49cd_002D9d77_002Da4ee304d94f7_007D.m_7b86004a82fb42ee97ea7d5e58574563.m_22c98bd810e84970b541501ace0b424a","Trees"
"PvfCode\ViewModels\TreeFolder\TreeGroup.cs","31138","0x25C06C35 ^ _003CModule_003E_007Be69553f9_002Deb39_002D49cd_002D9d77_002Da4ee304d94f7_007D.m_7b86004a82fb42ee97ea7d5e58574563.m_c8944dd9ca4b4079b8678bce0630ff7d","Trees"
"PvfCode\ViewModels\TreeFolder\TreeGroup.cs","31664","0x9337A07 ^ _003CModule_003E_007Be69553f9_002Deb39_002D49cd_002D9d77_002Da4ee304d94f7_007D.m_7b86004a82fb42ee97ea7d5e58574563.m_a47e9e4bf3624e7291689f8fb4b10989","mess_Searching"
"PvfCode\ViewModels\TreeFolder\TreeGroup.cs","31696","0x25C06E47 ^ _003CModule_003E_007Be69553f9_002Deb39_002D49cd_002D9d77_002Da4ee304d94f7_007D.m_7b86004a82fb42ee97ea7d5e58574563.m_c8944dd9ca4b4079b8678bce0630ff7d","Loading..."
"PvfCode\ViewModels\TreeFolder\TreeGroup.cs","31720","0x65E6858B ^ _003CModule_003E_007Be69553f9_002Deb39_002D49cd_002D9d77_002Da4ee304d94f7_007D.m_7b86004a82fb42ee97ea7d5e58574563.m_0a3e5af7839d43a19884f927a9769d0e","Loading"
"PvfCode\ViewModels\TreeFolder\TreeGroup.cs","31738","0x636C79F0 ^ _003CModule_003E_007Be69553f9_002Deb39_002D49cd_002D9d77_002Da4ee304d94f7_007D.m_7b86004a82fb42ee97ea7d5e58574563.m_972142dcef4a4cfba572768c2212069f","FileCount"
"PvfCode\ViewModels\TreeFolder\ViewEditTreeCommentViewModel.cs","77774","0x662CEEFE ^ _003CModule_003E_007Be69553f9_002Deb39_002D49cd_002D9d77_002Da4ee304d94f7_007D.m_7b86004a82fb42ee97ea7d5e58574563.m_1e27397300b24ef4ba98a645a53798c2","mess_SaveTreeListCommentError"
"PvfCode\ViewModels\TreeFolder\ViewReNmaeNodesViewMode.cs","9836","0x7C0F388E ^ _003CModule_003E_007Be69553f9_002Deb39_002D49cd_002D9d77_002Da4ee304d94f7_007D.m_7b86004a82fb42ee97ea7d5e58574563.m_2bc1918cd21d40e9b73926d6c2cbc512","/"
"PvfCode\ViewModels\TreeFolder\ViewReNmaeNodesViewMode.cs","9836","0x4E190CF5 ^ _003CModule_003E_007Be69553f9_002Deb39_002D49cd_002D9d77_002Da4ee304d94f7_007D.m_7b86004a82fb42ee97ea7d5e58574563.m_24a7cb1bd49e4021b5d8fa5493d816ca","/"
"PvfCode\ViewModels\TreeFolder\ViewReNmaeNodesViewMode.cs","9836","0x636C2466 ^ _003CModule_003E_007Be69553f9_002Deb39_002D49cd_002D9d77_002Da4ee304d94f7_007D.m_7b86004a82fb42ee97ea7d5e58574563.m_972142dcef4a4cfba572768c2212069f","/"
"PvfCode\ViewModels\TreeFolder\ViewReNmaeNodesViewMode.cs","9836","0x636C2466 ^ _003CModule_003E_007Be69553f9_002Deb39_002D49cd_002D9d77_002Da4ee304d94f7_007D.m_7b86004a82fb42ee97ea7d5e58574563.m_972142dcef4a4cfba572768c2212069f","/"
"PvfCode\ViewModels\TreeFolder\ViewReNmaeNodesViewMode.cs","9836","0x4E190CF5 ^ _003CModule_003E_007Be69553f9_002Deb39_002D49cd_002D9d77_002Da4ee304d94f7_007D.m_7b86004a82fb42ee97ea7d5e58574563.m_24a7cb1bd49e4021b5d8fa5493d816ca","/"
"PvfCode\ViewModels\TreeFolder\ViewReNmaeNodesViewMode.cs","9836","0x7C0F388E ^ _003CModule_003E_007Be69553f9_002Deb39_002D49cd_002D9d77_002Da4ee304d94f7_007D.m_7b86004a82fb42ee97ea7d5e58574563.m_2bc1918cd21d40e9b73926d6c2cbc512","/"
"PvfCode\ViewModels\TreeFolder\ViewReNmaeNodesViewMode.cs","31760","0x6778F019 ^ _003CModule_003E_007Be69553f9_002Deb39_002D49cd_002D9d77_002Da4ee304d94f7_007D.m_7b86004a82fb42ee97ea7d5e58574563.m_e0f0c9b53f5f4d0e88dcbb6df9cbe106","mess_FileNameDuplicate"
"PvfCode\ViewModels\TreeFolder\ViewReNmaeNodesViewMode.cs","31808","0x5D5F3BFF ^ _003CModule_003E_007Be69553f9_002Deb39_002D49cd_002D9d77_002Da4ee304d94f7_007D.m_7b86004a82fb42ee97ea7d5e58574563.m_a471290541044d3bb697860b55cc6bc1","mess_ValueTooBig"
"PvfCode\ViewModels\TreeFolder\ViewReNmaeNodesViewMode.cs","31808","0x7A7E81FC ^ _003CModule_003E_007Be69553f9_002Deb39_002D49cd_002D9d77_002Da4ee304d94f7_007D.m_7b86004a82fb42ee97ea7d5e58574563.m_22c98bd810e84970b541501ace0b424a","mess_ValueTooBig"
"PvfCode\ViewModels\TreeFolder\ViewReNmaeNodesViewMode.cs","31844","0x527ADAB6 ^ _003CModule_003E_007Be69553f9_002Deb39_002D49cd_002D9d77_002Da4ee304d94f7_007D.m_7b86004a82fb42ee97ea7d5e58574563.m_cb81f441a98e4bd493b61df435bbdbdb","mess_End"
"PvfCode\ViewModels\TreeFolder\ViewReNmaeNodesViewMode.cs","31844","0x6778F06D ^ _003CModule_003E_007Be69553f9_002Deb39_002D49cd_002D9d77_002Da4ee304d94f7_007D.m_7b86004a82fb42ee97ea7d5e58574563.m_e0f0c9b53f5f4d0e88dcbb6df9cbe106","mess_End"
"PvfCode\ViewModels\TreeFolder\ViewReNmaeNodesViewMode.cs","31864","0x690E9D5A ^ _003CModule_003E_007Be69553f9_002Deb39_002D49cd_002D9d77_002Da4ee304d94f7_007D.m_7b86004a82fb42ee97ea7d5e58574563.m_864fc4c2b93e4f099c2c07aa23d782f6","mess_NotSupportFolder"
"PvfCode\ViewModels\TreeFolder\ViewReNmaeNodesViewMode.cs","31864","0x70CC0184 ^ _003CModule_003E_007Be69553f9_002Deb39_002D49cd_002D9d77_002Da4ee304d94f7_007D.m_7b86004a82fb42ee97ea7d5e58574563.m_ee8424bd48bb442e9a823a15df5a62b4","mess_NotSupportFolder"
"PvfCode\ViewModels\User\WinCloudBackupViewModel.cs","77546","0x6D271C24 ^ _003CModule_003E_007Be69553f9_002Deb39_002D49cd_002D9d77_002Da4ee304d94f7_007D.m_7b86004a82fb42ee97ea7d5e58574563.m_a1b83f1dd0754677898be265fae789c4","mess_UploadSuccess"
"PvfCode\ViewModels\User\WinCloudBackupViewModel.cs","77546","0x6D271C24 ^ _003CModule_003E_007Be69553f9_002Deb39_002D49cd_002D9d77_002Da4ee304d94f7_007D.m_7b86004a82fb42ee97ea7d5e58574563.m_a1b83f1dd0754677898be265fae789c4","mess_UploadSuccess"
"PvfCode\ViewModels\User\WinCloudBackupViewModel.cs","77586","0x1B5FBB24 ^ _003CModule_003E_007Be69553f9_002Deb39_002D49cd_002D9d77_002Da4ee304d94f7_007D.m_7b86004a82fb42ee97ea7d5e58574563.m_995dc3f7a3024d82ba87d77f60d35fca","mess_NoFoundTabCommentFile"
"PvfCode\ViewModels\User\WinCloudBackupViewModel.cs","77642","0x13FD6820 ^ _003CModule_003E_007Be69553f9_002Deb39_002D49cd_002D9d77_002Da4ee304d94f7_007D.m_7b86004a82fb42ee97ea7d5e58574563.m_a7cc82b779404332a260d01290ecb801","mess_BackupTabCommentFail"
"PvfCode\ViewModels\User\WinCloudBackupViewModel.cs","77696","1503723328 ^ 0x4A5D97AA ^ _003CModule_003E_007Be69553f9_002Deb39_002D49cd_002D9d77_002Da4ee304d94f7_007D.m_7b86004a82fb42ee97ea7d5e58574563.m_a7cc82b779404332a260d01290ecb801","mess_NoFoundCodeTipFile"
"PvfCode\ViewModels\WindowPublicSettingViewModel.cs","11874","0x662DEF52 ^ _003CModule_003E_007Be69553f9_002Deb39_002D49cd_002D9d77_002Da4ee304d94f7_007D.m_7b86004a82fb42ee97ea7d5e58574563.m_1e27397300b24ef4ba98a645a53798c2","Title_SelectFolder"
"PvfCode\ViewModels\WindowPublicSettingViewModel.cs","12800","0x41763AC ^ _003CModule_003E_007Be69553f9_002Deb39_002D49cd_002D9d77_002Da4ee304d94f7_007D.m_7b86004a82fb42ee97ea7d5e58574563.m_8fd2865c456d4936bd87c4a63c3e7ba1","ViewGlobalOptions_TreeMenu_Common"
"PvfCode\ViewModels\WindowPublicSettingViewModel.cs","16082","0x3CA98001 ^ _003CModule_003E_007Be69553f9_002Deb39_002D49cd_002D9d77_002Da4ee304d94f7_007D.m_7b86004a82fb42ee97ea7d5e58574563.m_c10a6115b19c4927ae8ffc79f8f16dfb","dnf.exe"
"PvfCode\ViewModels\WindowPublicSettingViewModel.cs","19830","0x2D976A77 ^ _003CModule_003E_007Be69553f9_002Deb39_002D49cd_002D9d77_002Da4ee304d94f7_007D.m_7b86004a82fb42ee97ea7d5e58574563.m_59a7418b35384ddea3432ed6abd3f702","mess_FileNotExist"
"PvfCode\ViewModels\WindowPublicSettingViewModel.cs","19830","0x25C058E1 ^ _003CModule_003E_007Be69553f9_002Deb39_002D49cd_002D9d77_002Da4ee304d94f7_007D.m_7b86004a82fb42ee97ea7d5e58574563.m_c8944dd9ca4b4079b8678bce0630ff7d","mess_FileNotExist"
"PvfCode\ViewModels\WindowPublicSettingViewModel.cs","19830","0x65E6B315 ^ _003CModule_003E_007Be69553f9_002Deb39_002D49cd_002D9d77_002Da4ee304d94f7_007D.m_7b86004a82fb42ee97ea7d5e58574563.m_0a3e5af7839d43a19884f927a9769d0e","mess_FileNotExist"
"PvfCode\ViewModels\WindowPublicSettingViewModel.cs","31306","0x4D23A7F1 ^ _003CModule_003E_007Be69553f9_002Deb39_002D49cd_002D9d77_002Da4ee304d94f7_007D.m_7b86004a82fb42ee97ea7d5e58574563.m_5924bd2461b7415baa9211b5f1cb71b2","XML"
"PvfCode\ViewModels\WindowPublicSettingViewModel.cs","31316","1503723328 ^ 0x4A5CC27E ^ _003CModule_003E_007Be69553f9_002Deb39_002D49cd_002D9d77_002Da4ee304d94f7_007D.m_7b86004a82fb42ee97ea7d5e58574563.m_a7cc82b779404332a260d01290ecb801","代码智能提示"
"PvfCode\ViewModels\WindowPublicSettingViewModel.cs","31332","0x527ADCB6 ^ _003CModule_003E_007Be69553f9_002Deb39_002D49cd_002D9d77_002Da4ee304d94f7_007D.m_7b86004a82fb42ee97ea7d5e58574563.m_cb81f441a98e4bd493b61df435bbdbdb","文本编辑器"
"PvfCode\ViewModels\WindowPublicSettingViewModel.cs","31332","0x47B96781 ^ _003CModule_003E_007Be69553f9_002Deb39_002D49cd_002D9d77_002Da4ee304d94f7_007D.m_7b86004a82fb42ee97ea7d5e58574563.m_0bd286ac068745bfb29b92d10b515130","文本编辑器"
"PvfCode\ViewModels\WindowPublicSettingViewModel.cs","31346","0x768A83F4 ^ _003CModule_003E_007Be69553f9_002Deb39_002D49cd_002D9d77_002Da4ee304d94f7_007D.m_7b86004a82fb42ee97ea7d5e58574563.m_5f32481f68ae4c7eaeea7ec68a5ff47b","脚本文件格式化"
"PvfCode\ViewModels\WindowPublicSettingViewModel.cs","31364","0x265C5746 ^ _003CModule_003E_007Be69553f9_002Deb39_002D49cd_002D9d77_002Da4ee304d94f7_007D.m_7b86004a82fb42ee97ea7d5e58574563.m_00f9435ae4b3435e95ad1d31b77e7a6f","mess_PleaseSelectPvfPath"
"PvfCode\ViewModels\WindowPublicSettingViewModel.cs","31416","0x42E68CA4 ^ _003CModule_003E_007Be69553f9_002Deb39_002D49cd_002D9d77_002Da4ee304d94f7_007D.m_7b86004a82fb42ee97ea7d5e58574563.m_bbd6700d16934fad8cc9f8d19544f21f","mess_ReloadSuccess"
"PvfCode\ViewModels\WindowPublicSettingViewModel.cs","31416","0x3CA9C46B ^ _003CModule_003E_007Be69553f9_002Deb39_002D49cd_002D9d77_002Da4ee304d94f7_007D.m_7b86004a82fb42ee97ea7d5e58574563.m_c10a6115b19c4927ae8ffc79f8f16dfb","mess_ReloadSuccess"
"PvfCode\ViewModels\WindowPublicSettingViewModel.cs","31456","0x9337B57 ^ _003CModule_003E_007Be69553f9_002Deb39_002D49cd_002D9d77_002Da4ee304d94f7_007D.m_7b86004a82fb42ee97ea7d5e58574563.m_a47e9e4bf3624e7291689f8fb4b10989","<!-- 文件不存在："
"PvfCode\ViewModels\WindowPublicSettingViewModel.cs","31482","0x51F74D3B ^ _003CModule_003E_007Be69553f9_002Deb39_002D49cd_002D9d77_002Da4ee304d94f7_007D.m_7b86004a82fb42ee97ea7d5e58574563.m_c14a170a5a60490084306350f271c7f1"," -->"
"PvfCode\ViewModels\WindowPublicSettingViewModel.cs","31494","-1904881294 ^ -1520757758 ^ _003CModule_003E_007Be69553f9_002Deb39_002D49cd_002D9d77_002Da4ee304d94f7_007D.m_7b86004a82fb42ee97ea7d5e58574563.m_5b1a4905efa74bdd971c79e2845c55df","mess_ReadCodeIntelliSenseConfigError"
"PvfCode\ViewModels\WindowPublicSettingViewModel.cs","31570","0x5FF292F3 ^ _003CModule_003E_007Be69553f9_002Deb39_002D49cd_002D9d77_002Da4ee304d94f7_007D.m_7b86004a82fb42ee97ea7d5e58574563.m_558c76f87bdc4d51a68101d12bccb609","mess_DnfExeNotExist"
"PvfCode\ViewModels\WindowPublicSettingViewModel.cs","77044","1503723328 ^ 0x5BA0966C ^ _003CModule_003E_007Be69553f9_002Deb39_002D49cd_002D9d77_002Da4ee304d94f7_007D.m_7b86004a82fb42ee97ea7d5e58574563.m_582a7f02cd3044949cbbc8d81e970cdb","切换语言后建议重新启动：pvfUtility
언어 전환 후 재시작 권장: pvfUtility
A restart is recommended after switching languages: pvfUtility"
"PvfCode\ViewModels\WindowPublicSettingViewModel.cs","77276","0x51F0F810 ^ _003CModule_003E_007Be69553f9_002Deb39_002D49cd_002D9d77_002Da4ee304d94f7_007D.m_7b86004a82fb42ee97ea7d5e58574563.m_e9daf7d92d7e4446976bda811e90502a","pemKey\publickey.pem"
"PvfCode\ViewModels\WindowPublicSettingViewModel.cs","77320","0x30643802 ^ _003CModule_003E_007Be69553f9_002Deb39_002D49cd_002D9d77_002Da4ee304d94f7_007D.m_7b86004a82fb42ee97ea7d5e58574563.m_add69167a2c54fe0bb2e5f0af2545839","mess_ServicePublicKeyGenerateSuccess"
"PvfCode\ViewModels\WindowPublicSettingViewModel.cs","77396","0x19F84A95 ^ _003CModule_003E_007Be69553f9_002Deb39_002D49cd_002D9d77_002Da4ee304d94f7_007D.m_7b86004a82fb42ee97ea7d5e58574563.m_afceaa2a86c14a5c9cf1f8f0fdd0f590","mess_ConfigFileCannotBeEmpty"
"PvfCode\ViewModels\WindowPublicSettingViewModel.cs","77396","0x3CA89087 ^ _003CModule_003E_007Be69553f9_002Deb39_002D49cd_002D9d77_002Da4ee304d94f7_007D.m_7b86004a82fb42ee97ea7d5e58574563.m_c10a6115b19c4927ae8ffc79f8f16dfb","mess_ConfigFileCannotBeEmpty"
"PvfCode\ViewModels\WindowPublicSettingViewModel.cs","77456","0x6D271C5E ^ _003CModule_003E_007Be69553f9_002Deb39_002D49cd_002D9d77_002Da4ee304d94f7_007D.m_7b86004a82fb42ee97ea7d5e58574563.m_a1b83f1dd0754677898be265fae789c4","mess_SaveSuccess"
"PvfCode\ViewModels\WindowPublicSettingViewModel.cs","77456","0x5D5E692F ^ _003CModule_003E_007Be69553f9_002Deb39_002D49cd_002D9d77_002Da4ee304d94f7_007D.m_7b86004a82fb42ee97ea7d5e58574563.m_a471290541044d3bb697860b55cc6bc1","mess_SaveSuccess"
"PvfCode\ViewModels\WindowPublicSettingViewModel.cs","77492","-1904881294 ^ -411427100 ^ _003CModule_003E_007Be69553f9_002Deb39_002D49cd_002D9d77_002Da4ee304d94f7_007D.m_7b86004a82fb42ee97ea7d5e58574563.m_864fc4c2b93e4f099c2c07aa23d782f6","mess_LoginToSubmitToCloud"
"PvfCode\Views\Admin\WinAdvertisingTool.cs","28954","0x70CC0CE6 ^ _003CModule_003E_007Be69553f9_002Deb39_002D49cd_002D9d77_002Da4ee304d94f7_007D.m_7b86004a82fb42ee97ea7d5e58574563.m_ee8424bd48bb442e9a823a15df5a62b4","/pvfUtility;V2026.1.22.2;component/views/admin/winadvertisingtool.xaml"
"PvfCode\Views\AniDesigner\WindowAniDesigner.cs","28492","0x11B97060 ^ _003CModule_003E_007Be69553f9_002Deb39_002D49cd_002D9d77_002Da4ee304d94f7_007D.m_7b86004a82fb42ee97ea7d5e58574563.m_39a59c8c3fda4dbdaaf2213c010b00a8","/pvfUtility;V2026.1.22.2;component/views/anidesigner/windowanidesigner.xaml"
"PvfCode\Views\AniDesigner\WinOpenAniFileDialog.cs","28646","0x65E69185 ^ _003CModule_003E_007Be69553f9_002Deb39_002D49cd_002D9d77_002Da4ee304d94f7_007D.m_7b86004a82fb42ee97ea7d5e58574563.m_0a3e5af7839d43a19884f927a9769d0e","/pvfUtility;V2026.1.22.2;component/views/anidesigner/winopenanifiledialog.xaml"
"PvfCode\Views\AniDesigner\WinOpenAniFileDialogViewModel.cs","28806","0x622FF224 ^ _003CModule_003E_007Be69553f9_002Deb39_002D49cd_002D9d77_002Da4ee304d94f7_007D.m_7b86004a82fb42ee97ea7d5e58574563.m_41a03ba455a9468b9050278ae77448e1","monster/characterstatue/fighteranimation/attack1.ani"
"PvfCode\Views\AniDesigner\WinOpenAniFileDialogViewModel.cs","28914","0x306566F8 ^ _003CModule_003E_007Be69553f9_002Deb39_002D49cd_002D9d77_002Da4ee304d94f7_007D.m_7b86004a82fb42ee97ea7d5e58574563.m_add69167a2c54fe0bb2e5f0af2545839","请输入ani文件路径"
"PvfCode\Views\AniDesigner\WinOpenAniFileDialogViewModel.cs","28938","0x7C0F6FE8 ^ _003CModule_003E_007Be69553f9_002Deb39_002D49cd_002D9d77_002Da4ee304d94f7_007D.m_7b86004a82fb42ee97ea7d5e58574563.m_2bc1918cd21d40e9b73926d6c2cbc512","文件不存在："
"PvfCode\Views\BatchOperation\BatchOperationView.cs","27952","0x20128E8 ^ _003CModule_003E_007Be69553f9_002Deb39_002D49cd_002D9d77_002Da4ee304d94f7_007D.m_7b86004a82fb42ee97ea7d5e58574563.m_582a7f02cd3044949cbbc8d81e970cdb","mess_PleaseStopRecordMacro"
"PvfCode\Views\BatchOperation\BatchOperationView.cs","28008","0x2D974A69 ^ _003CModule_003E_007Be69553f9_002Deb39_002D49cd_002D9d77_002Da4ee304d94f7_007D.m_7b86004a82fb42ee97ea7d5e58574563.m_59a7418b35384ddea3432ed6abd3f702","/pvfUtility;V2026.1.22.2;component/views/batchoperation/batchoperationview.xaml"
"PvfCode\Views\BatchOperation\BatchOperationViewModel.cs","28170","0x25C07B9D ^ _003CModule_003E_007Be69553f9_002Deb39_002D49cd_002D9d77_002Da4ee304d94f7_007D.m_7b86004a82fb42ee97ea7d5e58574563.m_c8944dd9ca4b4079b8678bce0630ff7d","mess_PleaseAddFileToBatchProcess"
"PvfCode\Views\BatchOperation\BatchOperationViewModel.cs","28170","0x4D23B3B1 ^ _003CModule_003E_007Be69553f9_002Deb39_002D49cd_002D9d77_002Da4ee304d94f7_007D.m_7b86004a82fb42ee97ea7d5e58574563.m_5924bd2461b7415baa9211b5f1cb71b2","mess_PleaseAddFileToBatchProcess"
"PvfCode\Views\BatchOperation\BatchOperationViewModel.cs","28238","0x46DA7F47 ^ _003CModule_003E_007Be69553f9_002Deb39_002D49cd_002D9d77_002Da4ee304d94f7_007D.m_7b86004a82fb42ee97ea7d5e58574563.m_34a93bd635aa4a0cb45ae24212f58e0f","mess_PleaseSelectFileToBatchProcess"
"PvfCode\Views\BatchOperation\BatchOperationViewModel.cs","74180","0x636D23CE ^ _003CModule_003E_007Be69553f9_002Deb39_002D49cd_002D9d77_002Da4ee304d94f7_007D.m_7b86004a82fb42ee97ea7d5e58574563.m_972142dcef4a4cfba572768c2212069f","mess_PleaseInputSearchContent"
"PvfCode\Views\BatchOperation\BatchOperationViewModel.cs","74180","0x5D5E667B ^ _003CModule_003E_007Be69553f9_002Deb39_002D49cd_002D9d77_002Da4ee304d94f7_007D.m_7b86004a82fb42ee97ea7d5e58574563.m_a471290541044d3bb697860b55cc6bc1","mess_PleaseInputSearchContent"
"PvfCode\Views\BatchOperation\BatchOperationViewModel.cs","74242","0x30643408 ^ _003CModule_003E_007Be69553f9_002Deb39_002D49cd_002D9d77_002Da4ee304d94f7_007D.m_7b86004a82fb42ee97ea7d5e58574563.m_add69167a2c54fe0bb2e5f0af2545839","mess_PleaseInputAppendContent"
"PvfCode\Views\BatchOperation\BatchOperationViewModel.cs","74304","0xF038A50 ^ _003CModule_003E_007Be69553f9_002Deb39_002D49cd_002D9d77_002Da4ee304d94f7_007D.m_7b86004a82fb42ee97ea7d5e58574563.m_e5d5198bec9744b280b22d7dede4d8ad","mess_PleaseInputTag"
"PvfCode\Views\BatchOperation\BatchOperationViewModel.cs","74346","0x5FF3CBCB ^ _003CModule_003E_007Be69553f9_002Deb39_002D49cd_002D9d77_002Da4ee304d94f7_007D.m_7b86004a82fb42ee97ea7d5e58574563.m_558c76f87bdc4d51a68101d12bccb609","mess_ExecuteMacroForWaitFile"
"PvfCode\Views\BatchOperation\BatchOperationViewModel.cs","74406","0x70D0FF02 ^ _003CModule_003E_007Be69553f9_002Deb39_002D49cd_002D9d77_002Da4ee304d94f7_007D.m_7b86004a82fb42ee97ea7d5e58574563.m_541fbf15174a41ce952b7916fd6276fe","mess_NewMacro"
"PvfCode\Views\BatchOperation\WindowBatchOperationDetails.cs","28312","0x2B2ED0EE ^ _003CModule_003E_007Be69553f9_002Deb39_002D49cd_002D9d77_002Da4ee304d94f7_007D.m_7b86004a82fb42ee97ea7d5e58574563.m_5b1a4905efa74bdd971c79e2845c55df","/pvfUtility;V2026.1.22.2;component/views/batchoperation/windowbatchoperationdetails.xaml"
"PvfCode\Views\BatchOperation\WindowBatchOperationDetailsViewModel.cs","3572","0xB1D2B4C ^ _003CModule_003E_007Be69553f9_002Deb39_002D49cd_002D9d77_002Da4ee304d94f7_007D.m_7b86004a82fb42ee97ea7d5e58574563.m_df89dfc2a96347ad9471b517744dea02","
"
"PvfCode\Views\BatchOperation\WindowBatchOperationDetailsViewModel.cs","74436","0x636D20CE ^ _003CModule_003E_007Be69553f9_002Deb39_002D49cd_002D9d77_002Da4ee304d94f7_007D.m_7b86004a82fb42ee97ea7d5e58574563.m_972142dcef4a4cfba572768c2212069f","ErrorList_"
"PvfCode\Views\BatchOperation\WindowBatchOperationDetailsViewModel.cs","74460","0x4BA19018 ^ _003CModule_003E_007Be69553f9_002Deb39_002D49cd_002D9d77_002Da4ee304d94f7_007D.m_7b86004a82fb42ee97ea7d5e58574563.m_d6a39a5ddb584a4d998858fb4ceeb027","SuccessList_"
"PvfCode\Views\BatchOperation\WindowBatchOperationDetailsViewModel.cs","74488","0x5FF3CB59 ^ _003CModule_003E_007Be69553f9_002Deb39_002D49cd_002D9d77_002Da4ee304d94f7_007D.m_7b86004a82fb42ee97ea7d5e58574563.m_558c76f87bdc4d51a68101d12bccb609","WindowBatchOperationDetails_Title"
"PvfCode\Views\BatchOperation\WindowBatchOperationDetailsViewModel.cs","74558","1437138932 ^ 0x7BE2C9B1 ^ _003CModule_003E_007Be69553f9_002Deb39_002D49cd_002D9d77_002Da4ee304d94f7_007D.m_7b86004a82fb42ee97ea7d5e58574563.m_3f6f6322abdc4634a39525b5eb1c92fd"," (*.txt)|*.txt"
"PvfCode\Views\BookMark\BookMarkEditView.cs","27190","0x2B2ED440 ^ _003CModule_003E_007Be69553f9_002Deb39_002D49cd_002D9d77_002Da4ee304d94f7_007D.m_7b86004a82fb42ee97ea7d5e58574563.m_5b1a4905efa74bdd971c79e2845c55df","当前修改的书签尚未保存，您确定要放弃修改并退出吗？"
"PvfCode\Views\BookMark\BookMarkEditView.cs","27244","0x11B97540 ^ _003CModule_003E_007Be69553f9_002Deb39_002D49cd_002D9d77_002Da4ee304d94f7_007D.m_7b86004a82fb42ee97ea7d5e58574563.m_39a59c8c3fda4dbdaaf2213c010b00a8","/pvfUtility;V2026.1.22.2;component/views/bookmark/bookmarkeditview.xaml"
"PvfCode\Views\BookMark\BookMarkTreeView.cs","27390","0xB1D4C46 ^ _003CModule_003E_007Be69553f9_002Deb39_002D49cd_002D9d77_002Da4ee304d94f7_007D.m_7b86004a82fb42ee97ea7d5e58574563.m_df89dfc2a96347ad9471b517744dea02","/pvfUtility;V2026.1.22.2;component/views/bookmark/bookmarktreeview.xaml"
"PvfCode\Views\BookMark\EditBookmarkView.cs","27536","0x6D26595E ^ _003CModule_003E_007Be69553f9_002Deb39_002D49cd_002D9d77_002Da4ee304d94f7_007D.m_7b86004a82fb42ee97ea7d5e58574563.m_a1b83f1dd0754677898be265fae789c4","目录名称："
"PvfCode\Views\BookMark\EditBookmarkView.cs","27550","0x2E4B7EE5 ^ _003CModule_003E_007Be69553f9_002Deb39_002D49cd_002D9d77_002Da4ee304d94f7_007D.m_7b86004a82fb42ee97ea7d5e58574563.m_3f6f6322abdc4634a39525b5eb1c92fd","书签名称："
"PvfCode\Views\BookMark\EditBookmarkView.cs","27564","0x11B97480 ^ _003CModule_003E_007Be69553f9_002Deb39_002D49cd_002D9d77_002Da4ee304d94f7_007D.m_7b86004a82fb42ee97ea7d5e58574563.m_39a59c8c3fda4dbdaaf2213c010b00a8","修改书签 "
"PvfCode\Views\BookMark\EditBookmarkView.cs","27578","0xD0245 ^ _003CModule_003E_007Be69553f9_002Deb39_002D49cd_002D9d77_002Da4ee304d94f7_007D.m_7b86004a82fb42ee97ea7d5e58574563.m_ffc261d25c834aebbee1da6f61154719","新建目录"
"PvfCode\Views\BookMark\EditBookmarkView.cs","27590","0x3CA9D515 ^ _003CModule_003E_007Be69553f9_002Deb39_002D49cd_002D9d77_002Da4ee304d94f7_007D.m_7b86004a82fb42ee97ea7d5e58574563.m_c10a6115b19c4927ae8ffc79f8f16dfb","新建书签"
"PvfCode\Views\BookMark\EditBookmarkView.cs","27602","0x2187F27C ^ _003CModule_003E_007Be69553f9_002Deb39_002D49cd_002D9d77_002Da4ee304d94f7_007D.m_7b86004a82fb42ee97ea7d5e58574563.m_a6871abdbd314ec9bd2de23164bed82c","请先载入PVF封包"
"PvfCode\Views\BookMark\EditBookmarkView.cs","27624","0x89AE3C1 ^ _003CModule_003E_007Be69553f9_002Deb39_002D49cd_002D9d77_002Da4ee304d94f7_007D.m_7b86004a82fb42ee97ea7d5e58574563.m_cf19654829b546c5ba704a307b4e0bfa","选择书签路径"
"PvfCode\Views\BookMark\EditBookmarkView.cs","27640","0x13FC2C92 ^ _003CModule_003E_007Be69553f9_002Deb39_002D49cd_002D9d77_002Da4ee304d94f7_007D.m_7b86004a82fb42ee97ea7d5e58574563.m_a7cc82b779404332a260d01290ecb801","/pvfUtility;V2026.1.22.2;component/views/bookmark/editbookmarkview.xaml"
"PvfCode\Views\BookMark\WinDownLoadBookMarkOptions.cs","27786","0x3CA9D259 ^ _003CModule_003E_007Be69553f9_002Deb39_002D49cd_002D9d77_002Da4ee304d94f7_007D.m_7b86004a82fb42ee97ea7d5e58574563.m_c10a6115b19c4927ae8ffc79f8f16dfb","/pvfUtility;V2026.1.22.2;component/views/bookmark/windownloadbookmarkoptions.xaml"
"PvfCode\Views\ChatGPT\ChatGPTMessDocument.cs","27040","0xB1D4F18 ^ _003CModule_003E_007Be69553f9_002Deb39_002D49cd_002D9d77_002Da4ee304d94f7_007D.m_7b86004a82fb42ee97ea7d5e58574563.m_df89dfc2a96347ad9471b517744dea02","/pvfUtility;V2026.1.22.2;component/views/chatgpt/chatgptmessdocument.xaml"
"PvfCode\Views\CloudBackup\WinCloudBackup.cs","26892","0x527ACFDE ^ _003CModule_003E_007Be69553f9_002Deb39_002D49cd_002D9d77_002Da4ee304d94f7_007D.m_7b86004a82fb42ee97ea7d5e58574563.m_cb81f441a98e4bd493b61df435bbdbdb","/pvfUtility;V2026.1.22.2;component/views/cloudbackup/wincloudbackup.xaml"
"PvfCode\Views\DescriptionViews\ViewFileListDescription.cs","26558","0x51F7507F ^ _003CModule_003E_007Be69553f9_002Deb39_002D49cd_002D9d77_002Da4ee304d94f7_007D.m_7b86004a82fb42ee97ea7d5e58574563.m_c14a170a5a60490084306350f271c7f1","/pvfUtility;V2026.1.22.2;component/views/descriptionviews/viewfilelistdescription.xaml"
"PvfCode\Views\DescriptionViews\ViewTabComment.cs","26734","0x51F1BDA2 ^ _003CModule_003E_007Be69553f9_002Deb39_002D49cd_002D9d77_002Da4ee304d94f7_007D.m_7b86004a82fb42ee97ea7d5e58574563.m_e9daf7d92d7e4446976bda811e90502a","/pvfUtility;V2026.1.22.2;component/views/descriptionviews/viewtabcomment.xaml"
"PvfCode\Views\Dialogs\DialogPvfPackSaveOptions.cs","26254","0x527AC05C ^ _003CModule_003E_007Be69553f9_002Deb39_002D49cd_002D9d77_002Da4ee304d94f7_007D.m_7b86004a82fb42ee97ea7d5e58574563.m_cb81f441a98e4bd493b61df435bbdbdb","/pvfUtility;V2026.1.22.2;component/views/dialogs/dialogpvfpacksaveoptions.xaml"
"PvfCode\Views\Dialogs\DialogStringList.cs","26414","0x41ED1CDC ^ _003CModule_003E_007Be69553f9_002Deb39_002D49cd_002D9d77_002Da4ee304d94f7_007D.m_7b86004a82fb42ee97ea7d5e58574563.m_ba7ada5c647b4fc094df6608a5b444bd","/pvfUtility;V2026.1.22.2;component/views/dialogs/dialogstringlist.xaml"
"PvfCode\Views\Diff\WinNewDiffEditor.cs","26116","0x768A9F82 ^ _003CModule_003E_007Be69553f9_002Deb39_002D49cd_002D9d77_002Da4ee304d94f7_007D.m_7b86004a82fb42ee97ea7d5e58574563.m_5f32481f68ae4c7eaeea7ec68a5ff47b","/pvfUtility;V2026.1.22.2;component/views/diff/winnewdiffeditor.xaml"
"PvfCode\Views\Documents\DocumentIndex.cs","25974","0x662DA446 ^ _003CModule_003E_007Be69553f9_002Deb39_002D49cd_002D9d77_002Da4ee304d94f7_007D.m_7b86004a82fb42ee97ea7d5e58574563.m_1e27397300b24ef4ba98a645a53798c2","/pvfUtility;V2026.1.22.2;component/views/documents/documentindex.xaml"
"PvfCode\Views\ErrorListView.cs","11356","0x636C2E56 ^ _003CModule_003E_007Be69553f9_002Deb39_002D49cd_002D9d77_002Da4ee304d94f7_007D.m_7b86004a82fb42ee97ea7d5e58574563.m_972142dcef4a4cfba572768c2212069f","/pvfUtility;V2026.1.22.2;component/views/errorlistview.xaml"
"PvfCode\Views\GameImagesExtract\WindowGameImageExtract.cs","25798","0xB1D427E ^ _003CModule_003E_007Be69553f9_002Deb39_002D49cd_002D9d77_002Da4ee304d94f7_007D.m_7b86004a82fb42ee97ea7d5e58574563.m_df89dfc2a96347ad9471b517744dea02","/pvfUtility;V2026.1.22.2;component/views/gameimagesextract/windowgameimageextract.xaml"
"PvfCode\Views\GMTool\GMToolMain.cs","25520","0x622FE112 ^ _003CModule_003E_007Be69553f9_002Deb39_002D49cd_002D9d77_002Da4ee304d94f7_007D.m_7b86004a82fb42ee97ea7d5e58574563.m_41a03ba455a9468b9050278ae77448e1","/pvfUtility;V2026.1.22.2;component/views/gmtool/gmtoolmain.xaml"
"PvfCode\Views\GMTool\GMToolOutPutControl.cs","25650","0x51F753F3 ^ _003CModule_003E_007Be69553f9_002Deb39_002D49cd_002D9d77_002Da4ee304d94f7_007D.m_7b86004a82fb42ee97ea7d5e58574563.m_c14a170a5a60490084306350f271c7f1","/pvfUtility;V2026.1.22.2;component/views/gmtool/gmtooloutputcontrol.xaml"
"PvfCode\Views\ImportViews\ImportFilesOptionsDialog.cs","24992","0x659E3F3D ^ _003CModule_003E_007Be69553f9_002Deb39_002D49cd_002D9d77_002Da4ee304d94f7_007D.m_7b86004a82fb42ee97ea7d5e58574563.m_0cdaa8b4a2df45ea8b368477e0c569ba","/pvfUtility;V2026.1.22.2;component/views/importviews/importfilesoptionsdialog.xaml"
"PvfCode\Views\ImportViews\ViewImportFilesPanel.cs","25160","0x690E836A ^ _003CModule_003E_007Be69553f9_002Deb39_002D49cd_002D9d77_002Da4ee304d94f7_007D.m_7b86004a82fb42ee97ea7d5e58574563.m_864fc4c2b93e4f099c2c07aa23d782f6","/pvfUtility;V2026.1.22.2;component/views/importviews/viewimportfilespanel.xaml"
"PvfCode\Views\ImportViews\ViewImportFilesViewModel.cs","4566","-1499773451 ^ -1084083998 ^ _003CModule_003E_007Be69553f9_002Deb39_002D49cd_002D9d77_002Da4ee304d94f7_007D.m_7b86004a82fb42ee97ea7d5e58574563.m_afceaa2a86c14a5c9cf1f8f0fdd0f590","7z64.dll"
"PvfCode\Views\ImportViews\ViewImportFilesViewModel.cs","4566","0x5DBBE1CF ^ _003CModule_003E_007Be69553f9_002Deb39_002D49cd_002D9d77_002Da4ee304d94f7_007D.m_7b86004a82fb42ee97ea7d5e58574563.m_4dccf8dd3beb468396324e307ead22cc","7z64.dll"
"PvfCode\Views\ImportViews\ViewImportFilesViewModel.cs","11762","0x13FC6A98 ^ _003CModule_003E_007Be69553f9_002Deb39_002D49cd_002D9d77_002Da4ee304d94f7_007D.m_7b86004a82fb42ee97ea7d5e58574563.m_a7cc82b779404332a260d01290ecb801","mess_Select7zFileSavePath"
"PvfCode\Views\ImportViews\ViewImportFilesViewModel.cs","11816","0x4E1904B1 ^ _003CModule_003E_007Be69553f9_002Deb39_002D49cd_002D9d77_002Da4ee304d94f7_007D.m_7b86004a82fb42ee97ea7d5e58574563.m_24a7cb1bd49e4021b5d8fa5493d816ca","mess_7zFile"
"PvfCode\Views\ImportViews\ViewImportFilesViewModel.cs","11816","0x2016BF0 ^ _003CModule_003E_007Be69553f9_002Deb39_002D49cd_002D9d77_002Da4ee304d94f7_007D.m_7b86004a82fb42ee97ea7d5e58574563.m_582a7f02cd3044949cbbc8d81e970cdb","mess_7zFile"
"PvfCode\Views\ImportViews\ViewImportFilesViewModel.cs","11842","0xB1D08FA ^ _003CModule_003E_007Be69553f9_002Deb39_002D49cd_002D9d77_002Da4ee304d94f7_007D.m_7b86004a82fb42ee97ea7d5e58574563.m_df89dfc2a96347ad9471b517744dea02",".7z"
"PvfCode\Views\ImportViews\ViewImportFilesViewModel.cs","11842","0x659E70DF ^ _003CModule_003E_007Be69553f9_002Deb39_002D49cd_002D9d77_002Da4ee304d94f7_007D.m_7b86004a82fb42ee97ea7d5e58574563.m_0cdaa8b4a2df45ea8b368477e0c569ba",".7z"
"PvfCode\Views\ImportViews\ViewImportFilesViewModel.cs","11842","0x4D23F3F9 ^ _003CModule_003E_007Be69553f9_002Deb39_002D49cd_002D9d77_002Da4ee304d94f7_007D.m_7b86004a82fb42ee97ea7d5e58574563.m_5924bd2461b7415baa9211b5f1cb71b2",".7z"
"PvfCode\Views\ImportViews\ViewImportFilesViewModel.cs","25320","0x7C0F7C0A ^ _003CModule_003E_007Be69553f9_002Deb39_002D49cd_002D9d77_002Da4ee304d94f7_007D.m_7b86004a82fb42ee97ea7d5e58574563.m_2bc1918cd21d40e9b73926d6c2cbc512","导入文件"
"PvfCode\Views\ImportViews\ViewImportFilesViewModel.cs","25332","0xD0B0B ^ _003CModule_003E_007Be69553f9_002Deb39_002D49cd_002D9d77_002Da4ee304d94f7_007D.m_7b86004a82fb42ee97ea7d5e58574563.m_ffc261d25c834aebbee1da6f61154719","mess_SelectFileToImport"
"PvfCode\Views\ImportViews\ViewImportFilesViewModel.cs","25382","0x35096A3F ^ _003CModule_003E_007Be69553f9_002Deb39_002D49cd_002D9d77_002Da4ee304d94f7_007D.m_7b86004a82fb42ee97ea7d5e58574563.m_c3720eb655124e6e81b317ef170605cd","mess_NoFileCanBeImported"
"PvfCode\Views\ImportViews\ViewImportFilesViewModel.cs","25434","0x4BA0D19E ^ _003CModule_003E_007Be69553f9_002Deb39_002D49cd_002D9d77_002Da4ee304d94f7_007D.m_7b86004a82fb42ee97ea7d5e58574563.m_d6a39a5ddb584a4d998858fb4ceeb027","mess_ImportFileCountMoreThan10000"
"PvfCode\Views\ImportViews\ViewImportFilesViewModel.cs","25504","0x527AC572 ^ _003CModule_003E_007Be69553f9_002Deb39_002D49cd_002D9d77_002Da4ee304d94f7_007D.m_7b86004a82fb42ee97ea7d5e58574563.m_cb81f441a98e4bd493b61df435bbdbdb","7z.dll"
"PvfCode\Views\ImportViews\ViewImportFilesViewModel.cs","25504","0x2E4B76DB ^ _003CModule_003E_007Be69553f9_002Deb39_002D49cd_002D9d77_002Da4ee304d94f7_007D.m_7b86004a82fb42ee97ea7d5e58574563.m_3f6f6322abdc4634a39525b5eb1c92fd","7z.dll"
"PvfCode\Views\ImportViews\ViewImportFilesViewModel.cs","74134","0x768BD810 ^ _003CModule_003E_007Be69553f9_002Deb39_002D49cd_002D9d77_002Da4ee304d94f7_007D.m_7b86004a82fb42ee97ea7d5e58574563.m_5f32481f68ae4c7eaeea7ec68a5ff47b","mess_PleaseDrag7zFile"
"PvfCode\Views\ImportViews\ViewImportFilesViewModel.cs","85460","0x25C15843 ^ _003CModule_003E_007Be69553f9_002Deb39_002D49cd_002D9d77_002Da4ee304d94f7_007D.m_7b86004a82fb42ee97ea7d5e58574563.m_c8944dd9ca4b4079b8678bce0630ff7d","*.*"
"PvfCode\Views\ImportViews\ViewImportFilesViewModel.cs","85460","0x25C15843 ^ _003CModule_003E_007Be69553f9_002Deb39_002D49cd_002D9d77_002Da4ee304d94f7_007D.m_7b86004a82fb42ee97ea7d5e58574563.m_c8944dd9ca4b4079b8678bce0630ff7d","*.*"
"PvfCode\Views\independent_drop\ViewAddItemCodeArray.cs","24196","0x690EBFA6 ^ _003CModule_003E_007Be69553f9_002Deb39_002D49cd_002D9d77_002Da4ee304d94f7_007D.m_7b86004a82fb42ee97ea7d5e58574563.m_864fc4c2b93e4f099c2c07aa23d782f6","/pvfUtility;V2026.1.22.2;component/views/independent_drop/viewadditemcodearray.xaml"
"PvfCode\Views\independent_drop\ViewAddItemCodeArrayViewModel.cs","3580","0x4D23D047 ^ _003CModule_003E_007Be69553f9_002Deb39_002D49cd_002D9d77_002Da4ee304d94f7_007D.m_7b86004a82fb42ee97ea7d5e58574563.m_5924bd2461b7415baa9211b5f1cb71b2","	"
"PvfCode\Views\independent_drop\ViewAddItemCodeArrayViewModel.cs","24366","0xB8B72BF ^ _003CModule_003E_007Be69553f9_002Deb39_002D49cd_002D9d77_002Da4ee304d94f7_007D.m_7b86004a82fb42ee97ea7d5e58574563.m_e066a82cd08141c08d4817f20a7d29f3","100300011	100300012	100300013	100300014	100300015"
"PvfCode\Views\independent_drop\ViewAddItemCodeArrayViewModel.cs","24468","0x622FDD36 ^ _003CModule_003E_007Be69553f9_002Deb39_002D49cd_002D9d77_002Da4ee304d94f7_007D.m_7b86004a82fb42ee97ea7d5e58574563.m_41a03ba455a9468b9050278ae77448e1","equipment"
"PvfCode\Views\independent_drop\ViewAddItemCodeArrayViewModel.cs","24490","0x25C04A3D ^ _003CModule_003E_007Be69553f9_002Deb39_002D49cd_002D9d77_002Da4ee304d94f7_007D.m_7b86004a82fb42ee97ea7d5e58574563.m_c8944dd9ca4b4079b8678bce0630ff7d","stackable"
"PvfCode\Views\independent_drop\ViewAddItemCodeArrayViewModel.cs","24512","0xB8B7251 ^ _003CModule_003E_007Be69553f9_002Deb39_002D49cd_002D9d77_002Da4ee304d94f7_007D.m_7b86004a82fb42ee97ea7d5e58574563.m_e066a82cd08141c08d4817f20a7d29f3","错误："
"PvfCode\Views\independent_drop\ViewAddItemCodeArrayViewModel.cs","24512","1503723328 ^ 0x4FFE73F ^ _003CModule_003E_007Be69553f9_002Deb39_002D49cd_002D9d77_002Da4ee304d94f7_007D.m_7b86004a82fb42ee97ea7d5e58574563.m_a471290541044d3bb697860b55cc6bc1","错误："
"PvfCode\Views\independent_drop\ViewAddItemCodeArrayViewModel.cs","24522","0x2B2EE1BC ^ _003CModule_003E_007Be69553f9_002Deb39_002D49cd_002D9d77_002Da4ee304d94f7_007D.m_7b86004a82fb42ee97ea7d5e58574563.m_5b1a4905efa74bdd971c79e2845c55df","非数字"
"PvfCode\Views\independent_drop\ViewAddItemCodeArrayViewModel.cs","24532","0x70D18270 ^ _003CModule_003E_007Be69553f9_002Deb39_002D49cd_002D9d77_002Da4ee304d94f7_007D.m_7b86004a82fb42ee97ea7d5e58574563.m_541fbf15174a41ce952b7916fd6276fe"," 在装备和道具中找不到该代码"
"PvfCode\Views\independent_drop\ViewAddItemCodeArrayViewModel.cs","24564","0x7A7EA248 ^ _003CModule_003E_007Be69553f9_002Deb39_002D49cd_002D9d77_002Da4ee304d94f7_007D.m_7b86004a82fb42ee97ea7d5e58574563.m_22c98bd810e84970b541501ace0b424a","批量添加独立掉落时有一些错误您应当阅读"
"PvfCode\Views\independent_drop\ViewAddItemCodeArrayViewModel.cs","24606","0x5FF289BF ^ _003CModule_003E_007Be69553f9_002Deb39_002D49cd_002D9d77_002Da4ee304d94f7_007D.m_7b86004a82fb42ee97ea7d5e58574563.m_558c76f87bdc4d51a68101d12bccb609","详情"
"PvfCode\Views\independent_drop\ViewAddItemCodeArrayViewModel.cs","24614","0x6778EC2F ^ _003CModule_003E_007Be69553f9_002Deb39_002D49cd_002D9d77_002Da4ee304d94f7_007D.m_7b86004a82fb42ee97ea7d5e58574563.m_e0f0c9b53f5f4d0e88dcbb6df9cbe106","批量添加独立掉落代码错误信息"
"PvfCode\Views\independent_drop\ViewDropSelectItemCodes.cs","24646","0x3509695F ^ _003CModule_003E_007Be69553f9_002Deb39_002D49cd_002D9d77_002Da4ee304d94f7_007D.m_7b86004a82fb42ee97ea7d5e58574563.m_c3720eb655124e6e81b317ef170605cd","/pvfUtility;V2026.1.22.2;component/views/independent_drop/viewdropselectitemcodes.xaml"
"PvfCode\Views\independent_drop\ViewIndependent_drop.cs","24822","0x6778ECFF ^ _003CModule_003E_007Be69553f9_002Deb39_002D49cd_002D9d77_002Da4ee304d94f7_007D.m_7b86004a82fb42ee97ea7d5e58574563.m_e0f0c9b53f5f4d0e88dcbb6df9cbe106","/pvfUtility;V2026.1.22.2;component/views/independent_drop/viewindependent_drop.xaml"
"PvfCode\Views\LstTools\WinLstTools.cs","24060","0x5DBBADE5 ^ _003CModule_003E_007Be69553f9_002Deb39_002D49cd_002D9d77_002Da4ee304d94f7_007D.m_7b86004a82fb42ee97ea7d5e58574563.m_4dccf8dd3beb468396324e307ead22cc","/pvfUtility;V2026.1.22.2;component/views/lsttools/winlsttools.xaml"
"PvfCode\Views\Macro\MacroTreeView.cs","22722","0x42E6AEDE ^ _003CModule_003E_007Be69553f9_002Deb39_002D49cd_002D9d77_002Da4ee304d94f7_007D.m_7b86004a82fb42ee97ea7d5e58574563.m_bbd6700d16934fad8cc9f8d19544f21f","/pvfUtility;V2026.1.22.2;component/views/macro/macrotreeview.xaml"
"PvfCode\Views\Macro\WindowEditMarcoName.cs","22856","0x93358FF ^ _003CModule_003E_007Be69553f9_002Deb39_002D49cd_002D9d77_002Da4ee304d94f7_007D.m_7b86004a82fb42ee97ea7d5e58574563.m_a47e9e4bf3624e7291689f8fb4b10989","mess_PleaseInputFolderName"
"PvfCode\Views\Macro\WindowEditMarcoName.cs","22912","0x659E071D ^ _003CModule_003E_007Be69553f9_002Deb39_002D49cd_002D9d77_002Da4ee304d94f7_007D.m_7b86004a82fb42ee97ea7d5e58574563.m_0cdaa8b4a2df45ea8b368477e0c569ba","/pvfUtility;V2026.1.22.2;component/views/macro/windoweditmarconame.xaml"
"PvfCode\Views\Macro\WindowMacroTool.cs","23058","0x704E613D ^ _003CModule_003E_007Be69553f9_002Deb39_002D49cd_002D9d77_002Da4ee304d94f7_007D.m_7b86004a82fb42ee97ea7d5e58574563.m_c4f70e4f04fd48b4b9edaf9a9b8fdeae","mess_MacroNotSaved"
"PvfCode\Views\Macro\WindowMacroTool.cs","23098","0x704E6115 ^ _003CModule_003E_007Be69553f9_002Deb39_002D49cd_002D9d77_002Da4ee304d94f7_007D.m_7b86004a82fb42ee97ea7d5e58574563.m_c4f70e4f04fd48b4b9edaf9a9b8fdeae","/pvfUtility;V2026.1.22.2;component/views/macro/windowmacrotool.xaml"
"PvfCode\Views\Macro\WindowMacroToolViewModel.cs","9836","0xF028E7C ^ _003CModule_003E_007Be69553f9_002Deb39_002D49cd_002D9d77_002Da4ee304d94f7_007D.m_7b86004a82fb42ee97ea7d5e58574563.m_e5d5198bec9744b280b22d7dede4d8ad","/"
"PvfCode\Views\Macro\WindowMacroToolViewModel.cs","23236","0x2B2EE4B2 ^ _003CModule_003E_007Be69553f9_002Deb39_002D49cd_002D9d77_002Da4ee304d94f7_007D.m_7b86004a82fb42ee97ea7d5e58574563.m_5b1a4905efa74bdd971c79e2845c55df","mess_SelectMacroSavePath"
"PvfCode\Views\Macro\WindowMacroToolViewModel.cs","23288","0x350953E1 ^ _003CModule_003E_007Be69553f9_002Deb39_002D49cd_002D9d77_002Da4ee304d94f7_007D.m_7b86004a82fb42ee97ea7d5e58574563.m_c3720eb655124e6e81b317ef170605cd","WindowMacroTool_Title"
"PvfCode\Views\Macro\WindowMacroToolViewModel.cs","23334","-1863606693 ^ -843808062 ^ _003CModule_003E_007Be69553f9_002Deb39_002D49cd_002D9d77_002Da4ee304d94f7_007D.m_7b86004a82fb42ee97ea7d5e58574563.m_a471290541044d3bb697860b55cc6bc1","ChildNodesSelector"
"PvfCode\Views\Macro\WindowMacroToolViewModel.cs","23374","0x25C04ED9 ^ _003CModule_003E_007Be69553f9_002Deb39_002D49cd_002D9d77_002Da4ee304d94f7_007D.m_7b86004a82fb42ee97ea7d5e58574563.m_c8944dd9ca4b4079b8678bce0630ff7d","WindowMacroTool_DefaultDirectoryName"
"PvfCode\Views\Macro\WindowMacroToolViewModel.cs","23450","0x2B2EE5EC ^ _003CModule_003E_007Be69553f9_002Deb39_002D49cd_002D9d77_002Da4ee304d94f7_007D.m_7b86004a82fb42ee97ea7d5e58574563.m_5b1a4905efa74bdd971c79e2845c55df","WindowMacroTool_Button_NewDirectory"
"PvfCode\Views\Macro\WindowMacroToolViewModel.cs","23524","0x13FC1C8E ^ _003CModule_003E_007Be69553f9_002Deb39_002D49cd_002D9d77_002Da4ee304d94f7_007D.m_7b86004a82fb42ee97ea7d5e58574563.m_a7cc82b779404332a260d01290ecb801","mess_RootFolderCannotEdit"
"PvfCode\Views\Macro\WindowMacroToolViewModel.cs","23578","0x5DBBAC03 ^ _003CModule_003E_007Be69553f9_002Deb39_002D49cd_002D9d77_002Da4ee304d94f7_007D.m_7b86004a82fb42ee97ea7d5e58574563.m_4dccf8dd3beb468396324e307ead22cc","WindowMacroTool_EditName"
"PvfCode\Views\Macro\WindowMacroToolViewModel.cs","23630","0x46DA4D47 ^ _003CModule_003E_007Be69553f9_002Deb39_002D49cd_002D9d77_002Da4ee304d94f7_007D.m_7b86004a82fb42ee97ea7d5e58574563.m_34a93bd635aa4a0cb45ae24212f58e0f","mess_ConfirmDeleteSelectedNode"
"PvfCode\Views\Macro\WindowMacroToolViewModel.cs","23694","0x2D977B8F ^ _003CModule_003E_007Be69553f9_002Deb39_002D49cd_002D9d77_002Da4ee304d94f7_007D.m_7b86004a82fb42ee97ea7d5e58574563.m_59a7418b35384ddea3432ed6abd3f702","mess_RootFolderCannotDelete"
"PvfCode\Views\Macro\WindowMacroToolViewModel.cs","73952","0x1B5FB4D6 ^ _003CModule_003E_007Be69553f9_002Deb39_002D49cd_002D9d77_002Da4ee304d94f7_007D.m_7b86004a82fb42ee97ea7d5e58574563.m_995dc3f7a3024d82ba87d77f60d35fca","mess_PleaseSelectPath"
"PvfCode\Views\Macro\WindowMacroToolViewModel.cs","73998","0x2B2F9F78 ^ _003CModule_003E_007Be69553f9_002Deb39_002D49cd_002D9d77_002Da4ee304d94f7_007D.m_7b86004a82fb42ee97ea7d5e58574563.m_5b1a4905efa74bdd971c79e2845c55df","mess_Saving"
"PvfCode\Views\Macro\WIndowSaveMacroData.cs","23752","1503723328 ^ 0xBDA055A ^ _003CModule_003E_007Be69553f9_002Deb39_002D49cd_002D9d77_002Da4ee304d94f7_007D.m_7b86004a82fb42ee97ea7d5e58574563.m_cb81f441a98e4bd493b61df435bbdbdb","共享宏"
"PvfCode\Views\Macro\WIndowSaveMacroData.cs","23762","0xF02F4C2 ^ _003CModule_003E_007Be69553f9_002Deb39_002D49cd_002D9d77_002Da4ee304d94f7_007D.m_7b86004a82fb42ee97ea7d5e58574563.m_e5d5198bec9744b280b22d7dede4d8ad","/pvfUtility;V2026.1.22.2;component/views/macro/windowsavemacrodata.xaml"
"PvfCode\Views\Macro\WIndowSaveMacroData.cs","74024","0x7C0E3FCA ^ _003CModule_003E_007Be69553f9_002Deb39_002D49cd_002D9d77_002Da4ee304d94f7_007D.m_7b86004a82fb42ee97ea7d5e58574563.m_2bc1918cd21d40e9b73926d6c2cbc512","请输入简易描述"
"PvfCode\Views\Macro\WIndowSaveMacroData.cs","74024","0x7C0E3FCA ^ _003CModule_003E_007Be69553f9_002Deb39_002D49cd_002D9d77_002Da4ee304d94f7_007D.m_7b86004a82fb42ee97ea7d5e58574563.m_2bc1918cd21d40e9b73926d6c2cbc512","请输入简易描述"
"PvfCode\Views\Macro\WIndowSaveMacroData.cs","74024","0x7C0E3FCA ^ _003CModule_003E_007Be69553f9_002Deb39_002D49cd_002D9d77_002Da4ee304d94f7_007D.m_7b86004a82fb42ee97ea7d5e58574563.m_2bc1918cd21d40e9b73926d6c2cbc512","请输入简易描述"
"PvfCode\Views\Macro\WIndowSaveMacroData.cs","74042","0x13FD6650 ^ _003CModule_003E_007Be69553f9_002Deb39_002D49cd_002D9d77_002Da4ee304d94f7_007D.m_7b86004a82fb42ee97ea7d5e58574563.m_a7cc82b779404332a260d01290ecb801","请输入详细说明"
"PvfCode\Views\Macro\WIndowSaveMacroData.cs","74042","0x13FD6650 ^ _003CModule_003E_007Be69553f9_002Deb39_002D49cd_002D9d77_002Da4ee304d94f7_007D.m_7b86004a82fb42ee97ea7d5e58574563.m_a7cc82b779404332a260d01290ecb801","请输入详细说明"
"PvfCode\Views\Macro\WIndowSaveMacroData.cs","74042","0x13FD6650 ^ _003CModule_003E_007Be69553f9_002Deb39_002D49cd_002D9d77_002Da4ee304d94f7_007D.m_7b86004a82fb42ee97ea7d5e58574563.m_a7cc82b779404332a260d01290ecb801","请输入详细说明"
"PvfCode\Views\Macro\WIndowSaveMacroData.cs","74060","0x527B879E ^ _003CModule_003E_007Be69553f9_002Deb39_002D49cd_002D9d77_002Da4ee304d94f7_007D.m_7b86004a82fb42ee97ea7d5e58574563.m_cb81f441a98e4bd493b61df435bbdbdb","共享失败仅保存在本地

Er:"
"PvfCode\Views\Macro\WIndowSaveMacroData.cs","74060","0x527B879E ^ _003CModule_003E_007Be69553f9_002Deb39_002D49cd_002D9d77_002Da4ee304d94f7_007D.m_7b86004a82fb42ee97ea7d5e58574563.m_cb81f441a98e4bd493b61df435bbdbdb","共享失败仅保存在本地

Er:"
"PvfCode\Views\Macro\WIndowSaveMacroData.cs","74060","0x527B879E ^ _003CModule_003E_007Be69553f9_002Deb39_002D49cd_002D9d77_002Da4ee304d94f7_007D.m_7b86004a82fb42ee97ea7d5e58574563.m_cb81f441a98e4bd493b61df435bbdbdb","共享失败仅保存在本地

Er:"
"PvfCode\Views\Macro\WIndowSaveMacroData.cs","74098","0x7C0E3F90 ^ _003CModule_003E_007Be69553f9_002Deb39_002D49cd_002D9d77_002Da4ee304d94f7_007D.m_7b86004a82fb42ee97ea7d5e58574563.m_2bc1918cd21d40e9b73926d6c2cbc512","请先输入名称"
"PvfCode\Views\Macro\WIndowSaveMacroData.cs","74114","0x5D5E663D ^ _003CModule_003E_007Be69553f9_002Deb39_002D49cd_002D9d77_002Da4ee304d94f7_007D.m_7b86004a82fb42ee97ea7d5e58574563.m_a471290541044d3bb697860b55cc6bc1","请先选择保存路径"
"PvfCode\Views\Macro\WIndowSaveMacroDataViewModel.cs","23908","352137165 ^ 0x561B84B5 ^ _003CModule_003E_007Be69553f9_002Deb39_002D49cd_002D9d77_002Da4ee304d94f7_007D.m_7b86004a82fb42ee97ea7d5e58574563.m_bbd6700d16934fad8cc9f8d19544f21f","DetailedInstructionsDocument"
"PvfCode\Views\Macro\WIndowSaveMacroDataViewModel.cs","23968","0xB1D7B18 ^ _003CModule_003E_007Be69553f9_002Deb39_002D49cd_002D9d77_002Da4ee304d94f7_007D.m_7b86004a82fb42ee97ea7d5e58574563.m_df89dfc2a96347ad9471b517744dea02","WindowSaveMacroData_Label_DetailDescription2"
"PvfCode\Views\NpcShopEditor\NpcShopItemListControlEx.cs","22340","0x636C554E ^ _003CModule_003E_007Be69553f9_002Deb39_002D49cd_002D9d77_002Da4ee304d94f7_007D.m_7b86004a82fb42ee97ea7d5e58574563.m_972142dcef4a4cfba572768c2212069f","/pvfUtility;V2026.1.22.2;component/views/npcshopeditor/npcshopitemlistcontrolex.xaml"
"PvfCode\Views\NpcShopEditor\NpcShopItemListControlEx.cs","22512","1427621874 ^ 0x12AE8DE7 ^ _003CModule_003E_007Be69553f9_002Deb39_002D49cd_002D9d77_002Da4ee304d94f7_007D.m_7b86004a82fb42ee97ea7d5e58574563.m_0bd286ac068745bfb29b92d10b515130","Type"
"PvfCode\Views\NpcShopEditor\NpcShopItemListControlEx.cs","22524","0x659E0961 ^ _003CModule_003E_007Be69553f9_002Deb39_002D49cd_002D9d77_002Da4ee304d94f7_007D.m_7b86004a82fb42ee97ea7d5e58574563.m_0cdaa8b4a2df45ea8b368477e0c569ba","ShowSearchPanelMode"
"PvfCode\Views\NpcShopEditor\WinNpcShopEditor.cs","22566","0x25C04DB1 ^ _003CModule_003E_007Be69553f9_002Deb39_002D49cd_002D9d77_002Da4ee304d94f7_007D.m_7b86004a82fb42ee97ea7d5e58574563.m_c8944dd9ca4b4079b8678bce0630ff7d","/pvfUtility;V2026.1.22.2;component/views/npcshopeditor/winnpcshopeditor.xaml"
"PvfCode\Views\Preview\Controls\NpcShopGridControlEx.cs","21962","0x6D266704 ^ _003CModule_003E_007Be69553f9_002Deb39_002D49cd_002D9d77_002Da4ee304d94f7_007D.m_7b86004a82fb42ee97ea7d5e58574563.m_a1b83f1dd0754677898be265fae789c4","/pvfUtility;V2026.1.22.2;component/views/preview/controls/npcshopgridcontrolex.xaml"
"PvfCode\Views\Preview\Controls\PvfItemAvatarListBoxGroupControl.cs","22132","1437138932 ^ 0x4654EEEA ^ _003CModule_003E_007Be69553f9_002Deb39_002D49cd_002D9d77_002Da4ee304d94f7_007D.m_7b86004a82fb42ee97ea7d5e58574563.m_a7cc82b779404332a260d01290ecb801","/pvfUtility;V2026.1.22.2;component/views/preview/controls/pvfitemavatarlistboxgroupcontrol.xaml"
"PvfCode\Views\Preview\Controls\PvfItemAvatarListBoxGroupControl.cs","22326","0x3065413C ^ _003CModule_003E_007Be69553f9_002Deb39_002D49cd_002D9d77_002Da4ee304d94f7_007D.m_7b86004a82fb42ee97ea7d5e58574563.m_add69167a2c54fe0bb2e5f0af2545839","Items"
"PvfCode\Views\Preview\PreviewPvfItem_EQU_Control.cs","21798","0x47B948C3 ^ _003CModule_003E_007Be69553f9_002Deb39_002D49cd_002D9d77_002Da4ee304d94f7_007D.m_7b86004a82fb42ee97ea7d5e58574563.m_0bd286ac068745bfb29b92d10b515130","/pvfUtility;V2026.1.22.2;component/views/preview/previewpvfitem_equ_control.xaml"
"PvfCode\Views\Preview\PreviewPvfItemControl.cs","21622","0x5D5F13C9 ^ _003CModule_003E_007Be69553f9_002Deb39_002D49cd_002D9d77_002Da4ee304d94f7_007D.m_7b86004a82fb42ee97ea7d5e58574563.m_a471290541044d3bb697860b55cc6bc1","/pvfUtility;V2026.1.22.2;component/views/preview/previewpvfitemcontrol.xaml"
"PvfCode\Views\Preview\PreviewPvfItemControl.cs","21776","0x7A7EA8AC ^ _003CModule_003E_007Be69553f9_002Deb39_002D49cd_002D9d77_002Da4ee304d94f7_007D.m_7b86004a82fb42ee97ea7d5e58574563.m_22c98bd810e84970b541501ace0b424a","ContentEx"
"PvfCode\Views\PvfDiffTools\PvfDiffControl.cs","21472","0x7A7EAE5C ^ _003CModule_003E_007Be69553f9_002Deb39_002D49cd_002D9d77_002Da4ee304d94f7_007D.m_7b86004a82fb42ee97ea7d5e58574563.m_22c98bd810e84970b541501ace0b424a","/pvfUtility;V2026.1.22.2;component/views/pvfdifftools/pvfdiffcontrol.xaml"
"PvfCode\Views\PvfTreeFolder\CreateShopItem.cs","19242","0x2E4B5E51 ^ _003CModule_003E_007Be69553f9_002Deb39_002D49cd_002D9d77_002Da4ee304d94f7_007D.m_7b86004a82fb42ee97ea7d5e58574563.m_3f6f6322abdc4634a39525b5eb1c92fd","/pvfUtility;V2026.1.22.2;component/views/pvftreefolder/createshopitem.xaml"
"PvfCode\Views\PvfTreeFolder\CreateShopItemViewModel.cs","3580","0x65E6F39F ^ _003CModule_003E_007Be69553f9_002Deb39_002D49cd_002D9d77_002Da4ee304d94f7_007D.m_7b86004a82fb42ee97ea7d5e58574563.m_0a3e5af7839d43a19884f927a9769d0e","	"
"PvfCode\Views\PvfTreeFolder\CreateShopItemViewModel.cs","3580","0x5D5F4A43 ^ _003CModule_003E_007Be69553f9_002Deb39_002D49cd_002D9d77_002Da4ee304d94f7_007D.m_7b86004a82fb42ee97ea7d5e58574563.m_a471290541044d3bb697860b55cc6bc1","	"
"PvfCode\Views\PvfTreeFolder\CreateShopItemViewModel.cs","3580","0x42E6FBE0 ^ _003CModule_003E_007Be69553f9_002Deb39_002D49cd_002D9d77_002Da4ee304d94f7_007D.m_7b86004a82fb42ee97ea7d5e58574563.m_bbd6700d16934fad8cc9f8d19544f21f","	"
"PvfCode\Views\PvfTreeFolder\CreateShopItemViewModel.cs","19394","0x9334A75 ^ _003CModule_003E_007Be69553f9_002Deb39_002D49cd_002D9d77_002Da4ee304d94f7_007D.m_7b86004a82fb42ee97ea7d5e58574563.m_a47e9e4bf3624e7291689f8fb4b10989","ItemCountVisibility"
"PvfCode\Views\PvfTreeFolder\CreateShopItemViewModel.cs","19436","0x70CC3610 ^ _003CModule_003E_007Be69553f9_002Deb39_002D49cd_002D9d77_002Da4ee304d94f7_007D.m_7b86004a82fb42ee97ea7d5e58574563.m_ee8424bd48bb442e9a823a15df5a62b4","etc/newcashshop.etc"
"PvfCode\Views\PvfTreeFolder\CreateShopItemViewModel.cs","19436","0x5DBBBBF5 ^ _003CModule_003E_007Be69553f9_002Deb39_002D49cd_002D9d77_002Da4ee304d94f7_007D.m_7b86004a82fb42ee97ea7d5e58574563.m_4dccf8dd3beb468396324e307ead22cc","etc/newcashshop.etc"
"PvfCode\Views\PvfTreeFolder\CreateShopItemViewModel.cs","19436","0x6C4CAE4C ^ _003CModule_003E_007Be69553f9_002Deb39_002D49cd_002D9d77_002Da4ee304d94f7_007D.m_7b86004a82fb42ee97ea7d5e58574563.m_c4ac9f35eb704455b489a780e86cf909","etc/newcashshop.etc"
"PvfCode\Views\PvfTreeFolder\CreateShopItemViewModel.cs","19478","0x4171DBA ^ _003CModule_003E_007Be69553f9_002Deb39_002D49cd_002D9d77_002Da4ee304d94f7_007D.m_7b86004a82fb42ee97ea7d5e58574563.m_8fd2865c456d4936bd87c4a63c3e7ba1","["
"PvfCode\Views\PvfTreeFolder\CreateShopItemViewModel.cs","19484","0x4D2391A7 ^ _003CModule_003E_007Be69553f9_002Deb39_002D49cd_002D9d77_002Da4ee304d94f7_007D.m_7b86004a82fb42ee97ea7d5e58574563.m_5924bd2461b7415baa9211b5f1cb71b2","]"
"PvfCode\Views\PvfTreeFolder\CreateShopItemViewModel.cs","19484","0x38555469 ^ _003CModule_003E_007Be69553f9_002Deb39_002D49cd_002D9d77_002Da4ee304d94f7_007D.m_7b86004a82fb42ee97ea7d5e58574563.m_0273572c23d24952bbcc01600fea0084","]"
"PvfCode\Views\PvfTreeFolder\CreateShopItemViewModel.cs","19484","0x4D2391A7 ^ _003CModule_003E_007Be69553f9_002Deb39_002D49cd_002D9d77_002Da4ee304d94f7_007D.m_7b86004a82fb42ee97ea7d5e58574563.m_5924bd2461b7415baa9211b5f1cb71b2","]"
"PvfCode\Views\PvfTreeFolder\CreateShopItemViewModel.cs","19490","0x1018BF71 ^ _003CModule_003E_007Be69553f9_002Deb39_002D49cd_002D9d77_002Da4ee304d94f7_007D.m_7b86004a82fb42ee97ea7d5e58574563.m_80f251012e8548e0baf3267defb3d706","未能获取到节点：["
"PvfCode\Views\PvfTreeFolder\CreateShopItemViewModel.cs","73524","0x3CA8A1E7 ^ _003CModule_003E_007Be69553f9_002Deb39_002D49cd_002D9d77_002Da4ee304d94f7_007D.m_7b86004a82fb42ee97ea7d5e58574563.m_c10a6115b19c4927ae8ffc79f8f16dfb","	0	0	"
"PvfCode\Views\PvfTreeFolder\CreateShopItemViewModel.cs","73524","0x1B5F8B02 ^ _003CModule_003E_007Be69553f9_002Deb39_002D49cd_002D9d77_002Da4ee304d94f7_007D.m_7b86004a82fb42ee97ea7d5e58574563.m_995dc3f7a3024d82ba87d77f60d35fca","	0	0	"
"PvfCode\Views\PvfTreeFolder\CreateShopItemViewModel.cs","73538","0x6D272D8C ^ _003CModule_003E_007Be69553f9_002Deb39_002D49cd_002D9d77_002Da4ee304d94f7_007D.m_7b86004a82fb42ee97ea7d5e58574563.m_a1b83f1dd0754677898be265fae789c4","	``	4	0	-1	-1"
"PvfCode\Views\PvfTreeFolder\CreateShopItemViewModel.cs","73568","0x768BE6E6 ^ _003CModule_003E_007Be69553f9_002Deb39_002D49cd_002D9d77_002Da4ee304d94f7_007D.m_7b86004a82fb42ee97ea7d5e58574563.m_5f32481f68ae4c7eaeea7ec68a5ff47b","	``	0	0"
"PvfCode\Views\PvfTreeFolder\CreateShopItemViewModel.cs","73586","0x6C4DFAD2 ^ _003CModule_003E_007Be69553f9_002Deb39_002D49cd_002D9d77_002Da4ee304d94f7_007D.m_7b86004a82fb42ee97ea7d5e58574563.m_c4ac9f35eb704455b489a780e86cf909","[/"
"PvfCode\Views\PvfTreeFolder\CreateShopItemViewModel.cs","73594","0x46DB0E73 ^ _003CModule_003E_007Be69553f9_002Deb39_002D49cd_002D9d77_002Da4ee304d94f7_007D.m_7b86004a82fb42ee97ea7d5e58574563.m_34a93bd635aa4a0cb45ae24212f58e0f","未能找到结束标签："
"PvfCode\Views\PvfTreeFolder\CreateShopItemViewModel.cs","73616","0x7A7FE22C ^ _003CModule_003E_007Be69553f9_002Deb39_002D49cd_002D9d77_002Da4ee304d94f7_007D.m_7b86004a82fb42ee97ea7d5e58574563.m_22c98bd810e84970b541501ace0b424a","已生成："
"PvfCode\Views\PvfTreeFolder\CreateShopItemViewModel.cs","73628","0x47B80279 ^ _003CModule_003E_007Be69553f9_002Deb39_002D49cd_002D9d77_002Da4ee304d94f7_007D.m_7b86004a82fb42ee97ea7d5e58574563.m_0bd286ac068745bfb29b92d10b515130","行。"
"PvfCode\Views\PvfTreeFolder\ViewAddNewFolder.cs","19512","-1499773451 ^ -517860312 ^ _003CModule_003E_007Be69553f9_002Deb39_002D49cd_002D9d77_002Da4ee304d94f7_007D.m_7b86004a82fb42ee97ea7d5e58574563.m_0bd286ac068745bfb29b92d10b515130","/pvfUtility;V2026.1.22.2;component/views/pvftreefolder/viewaddnewfolder.xaml"
"PvfCode\Views\PvfTreeFolder\ViewAddNewFolderViewModel.cs","9836","0x70CC5B90 ^ _003CModule_003E_007Be69553f9_002Deb39_002D49cd_002D9d77_002Da4ee304d94f7_007D.m_7b86004a82fb42ee97ea7d5e58574563.m_ee8424bd48bb442e9a823a15df5a62b4","/"
"PvfCode\Views\PvfTreeFolder\ViewAddNewFolderViewModel.cs","73636","0x659F4139 ^ _003CModule_003E_007Be69553f9_002Deb39_002D49cd_002D9d77_002Da4ee304d94f7_007D.m_7b86004a82fb42ee97ea7d5e58574563.m_0cdaa8b4a2df45ea8b368477e0c569ba","mess_FolderCannotContainExtension"
"PvfCode\Views\PvfTreeFolder\ViewAddNewFolderViewModel.cs","73706","0x51F6282B ^ _003CModule_003E_007Be69553f9_002Deb39_002D49cd_002D9d77_002Da4ee304d94f7_007D.m_7b86004a82fb42ee97ea7d5e58574563.m_c14a170a5a60490084306350f271c7f1","mess_FolderAlreadyExists"
"PvfCode\Views\PvfTreeFolder\ViewEditTreeComment.cs","19668","0x9334D63 ^ _003CModule_003E_007Be69553f9_002Deb39_002D49cd_002D9d77_002Da4ee304d94f7_007D.m_7b86004a82fb42ee97ea7d5e58574563.m_a47e9e4bf3624e7291689f8fb4b10989","/pvfUtility;V2026.1.22.2;component/views/pvftreefolder/viewedittreecomment.xaml"
"PvfCode\Views\PvfTreeFolder\ViewOpenPvfFileDocument.cs","19830","0x5FF2A4D7 ^ _003CModule_003E_007Be69553f9_002Deb39_002D49cd_002D9d77_002Da4ee304d94f7_007D.m_7b86004a82fb42ee97ea7d5e58574563.m_558c76f87bdc4d51a68101d12bccb609","mess_FileNotExist"
"PvfCode\Views\PvfTreeFolder\ViewOpenPvfFileDocument.cs","19868","0x636C4F96 ^ _003CModule_003E_007Be69553f9_002Deb39_002D49cd_002D9d77_002Da4ee304d94f7_007D.m_7b86004a82fb42ee97ea7d5e58574563.m_972142dcef4a4cfba572768c2212069f","/pvfUtility;V2026.1.22.2;component/views/pvftreefolder/viewopenpvffiledocument.xaml"
"PvfCode\Views\PvfTreeFolder\ViewRenameNode.cs","20038","0xB1D68FE ^ _003CModule_003E_007Be69553f9_002Deb39_002D49cd_002D9d77_002Da4ee304d94f7_007D.m_7b86004a82fb42ee97ea7d5e58574563.m_df89dfc2a96347ad9471b517744dea02","/pvfUtility;V2026.1.22.2;component/views/pvftreefolder/viewrenamenode.xaml"
"PvfCode\Views\PvfTreeFolder\ViewRenameNodeViewModel.cs","9830","0x47B93B83 ^ _003CModule_003E_007Be69553f9_002Deb39_002D49cd_002D9d77_002Da4ee304d94f7_007D.m_7b86004a82fb42ee97ea7d5e58574563.m_0bd286ac068745bfb29b92d10b515130","\"
"PvfCode\Views\PvfTreeFolder\ViewRenameNodeViewModel.cs","9836","0x4BA094A8 ^ _003CModule_003E_007Be69553f9_002Deb39_002D49cd_002D9d77_002Da4ee304d94f7_007D.m_7b86004a82fb42ee97ea7d5e58574563.m_d6a39a5ddb584a4d998858fb4ceeb027","/"
"PvfCode\Views\PvfTreeFolder\ViewRenameNodeViewModel.cs","20190","0x7C0F503C ^ _003CModule_003E_007Be69553f9_002Deb39_002D49cd_002D9d77_002Da4ee304d94f7_007D.m_7b86004a82fb42ee97ea7d5e58574563.m_2bc1918cd21d40e9b73926d6c2cbc512","ViewRenameNode_Label_FolderName"
"PvfCode\Views\PvfTreeFolder\ViewRenameNodeViewModel.cs","20256","0x7A7EB29C ^ _003CModule_003E_007Be69553f9_002Deb39_002D49cd_002D9d77_002Da4ee304d94f7_007D.m_7b86004a82fb42ee97ea7d5e58574563.m_22c98bd810e84970b541501ace0b424a","ViewRenameNode_Label_FileName"
"PvfCode\Views\PvfTreeFolder\ViewRenameNodeViewModel.cs","20944","0x2D9776D1 ^ _003CModule_003E_007Be69553f9_002Deb39_002D49cd_002D9d77_002Da4ee304d94f7_007D.m_7b86004a82fb42ee97ea7d5e58574563.m_59a7418b35384ddea3432ed6abd3f702","mess_FileNameMustHaveExtension"
"PvfCode\Views\PvfTreeFolder\ViewRenameNodeViewModel.cs","73758","0x4C17B20A ^ _003CModule_003E_007Be69553f9_002Deb39_002D49cd_002D9d77_002Da4ee304d94f7_007D.m_7b86004a82fb42ee97ea7d5e58574563.m_d7eae1243bb84fa8b3e43c67ebe44716","ViewRenameNode_Label_PleaseInputNew"
"PvfCode\Views\PvfTreeFolder\ViewRenameNodeViewModel.cs","73832","0x768BD9EE ^ _003CModule_003E_007Be69553f9_002Deb39_002D49cd_002D9d77_002Da4ee304d94f7_007D.m_7b86004a82fb42ee97ea7d5e58574563.m_5f32481f68ae4c7eaeea7ec68a5ff47b","mess_FileAlreadyExists"
"PvfCode\Views\PvfTreeFolder\ViewRenameNodeViewModel.cs","73880","0x7C0E3E7A ^ _003CModule_003E_007Be69553f9_002Deb39_002D49cd_002D9d77_002Da4ee304d94f7_007D.m_7b86004a82fb42ee97ea7d5e58574563.m_2bc1918cd21d40e9b73926d6c2cbc512","mess_FolderNameCannotHaveExtension"
"PvfCode\Views\PvfTreeFolder\ViewReNmaeNodes.cs","20318","0xB1D69E6 ^ _003CModule_003E_007Be69553f9_002Deb39_002D49cd_002D9d77_002Da4ee304d94f7_007D.m_7b86004a82fb42ee97ea7d5e58574563.m_df89dfc2a96347ad9471b517744dea02","/pvfUtility;V2026.1.22.2;component/views/pvftreefolder/viewrenmaenodes.xaml"
"PvfCode\Views\PvfTreeFolder\ViewSelectFolder.cs","20472","0x47B9521D ^ _003CModule_003E_007Be69553f9_002Deb39_002D49cd_002D9d77_002Da4ee304d94f7_007D.m_7b86004a82fb42ee97ea7d5e58574563.m_0bd286ac068745bfb29b92d10b515130","/pvfUtility;V2026.1.22.2;component/views/pvftreefolder/viewselectfolder.xaml"
"PvfCode\Views\PvfTreeFolder\ViewSelectFolderViewModel.cs","10408","0x70CC5554 ^ _003CModule_003E_007Be69553f9_002Deb39_002D49cd_002D9d77_002Da4ee304d94f7_007D.m_7b86004a82fb42ee97ea7d5e58574563.m_ee8424bd48bb442e9a823a15df5a62b4","mess_PleaseLoadPvfPackFirst"
"PvfCode\Views\PvfTreeFolder\ViewSelectFolderViewModel.cs","20628","0x636C529E ^ _003CModule_003E_007Be69553f9_002Deb39_002D49cd_002D9d77_002Da4ee304d94f7_007D.m_7b86004a82fb42ee97ea7d5e58574563.m_972142dcef4a4cfba572768c2212069f","mess_PleaseSelectFolderFirst"
"PvfCode\Views\PvfTreeFolder\ViewSelectTreeFiles.cs","20688","0x622FD272 ^ _003CModule_003E_007Be69553f9_002Deb39_002D49cd_002D9d77_002Da4ee304d94f7_007D.m_7b86004a82fb42ee97ea7d5e58574563.m_41a03ba455a9468b9050278ae77448e1","/pvfUtility;V2026.1.22.2;component/views/pvftreefolder/viewselecttreefiles.xaml"
"PvfCode\Views\PvfTreeFolder\ViewSelectTreeFilesViewModel.cs","20850","0x659E0FEF ^ _003CModule_003E_007Be69553f9_002Deb39_002D49cd_002D9d77_002Da4ee304d94f7_007D.m_7b86004a82fb42ee97ea7d5e58574563.m_0cdaa8b4a2df45ea8b368477e0c569ba","mess_PleaseSelectFile_2"
"PvfCode\Views\PvfTreeFolder\WinAddNewPvfFile.cs","9830","0x527A80B4 ^ _003CModule_003E_007Be69553f9_002Deb39_002D49cd_002D9d77_002Da4ee304d94f7_007D.m_7b86004a82fb42ee97ea7d5e58574563.m_cb81f441a98e4bd493b61df435bbdbdb","\"
"PvfCode\Views\PvfTreeFolder\WinAddNewPvfFile.cs","9836","0x65E6D80F ^ _003CModule_003E_007Be69553f9_002Deb39_002D49cd_002D9d77_002Da4ee304d94f7_007D.m_7b86004a82fb42ee97ea7d5e58574563.m_0a3e5af7839d43a19884f927a9769d0e","/"
"PvfCode\Views\PvfTreeFolder\WinAddNewPvfFile.cs","9836","1427621874 ^ 0x551A8861 ^ _003CModule_003E_007Be69553f9_002Deb39_002D49cd_002D9d77_002Da4ee304d94f7_007D.m_7b86004a82fb42ee97ea7d5e58574563.m_ffc261d25c834aebbee1da6f61154719","/"
"PvfCode\Views\PvfTreeFolder\WinAddNewPvfFile.cs","9836","0x4C16B478 ^ _003CModule_003E_007Be69553f9_002Deb39_002D49cd_002D9d77_002Da4ee304d94f7_007D.m_7b86004a82fb42ee97ea7d5e58574563.m_d7eae1243bb84fa8b3e43c67ebe44716","/"
"PvfCode\Views\PvfTreeFolder\WinAddNewPvfFile.cs","20900","0x265C7C66 ^ _003CModule_003E_007Be69553f9_002Deb39_002D49cd_002D9d77_002Da4ee304d94f7_007D.m_7b86004a82fb42ee97ea7d5e58574563.m_00f9435ae4b3435e95ad1d31b77e7a6f","mess_InvalidFileName"
"PvfCode\Views\PvfTreeFolder\WinAddNewPvfFile.cs","20944","0x659E0F4D ^ _003CModule_003E_007Be69553f9_002Deb39_002D49cd_002D9d77_002Da4ee304d94f7_007D.m_7b86004a82fb42ee97ea7d5e58574563.m_0cdaa8b4a2df45ea8b368477e0c569ba","mess_FileNameMustHaveExtension"
"PvfCode\Views\PvfTreeFolder\WinAddNewPvfFile.cs","21008","0x89ADA39 ^ _003CModule_003E_007Be69553f9_002Deb39_002D49cd_002D9d77_002Da4ee304d94f7_007D.m_7b86004a82fb42ee97ea7d5e58574563.m_cf19654829b546c5ba704a307b4e0bfa","mess_FileAlreadyExists_3"
"PvfCode\Views\PvfTreeFolder\WinAddNewPvfFile.cs","21060","352137165 ^ 0x396A5A88 ^ _003CModule_003E_007Be69553f9_002Deb39_002D49cd_002D9d77_002Da4ee304d94f7_007D.m_7b86004a82fb42ee97ea7d5e58574563.m_59a7418b35384ddea3432ed6abd3f702","/pvfUtility;V2026.1.22.2;component/views/pvftreefolder/winaddnewpvffile.xaml"
"PvfCode\Views\PvfTreeFolder\WinPvfFileAttributes.cs","21216","0x9335357 ^ _003CModule_003E_007Be69553f9_002Deb39_002D49cd_002D9d77_002Da4ee304d94f7_007D.m_7b86004a82fb42ee97ea7d5e58574563.m_a47e9e4bf3624e7291689f8fb4b10989","/pvfUtility;V2026.1.22.2;component/views/pvftreefolder/winpvffileattributes.cs.xaml"
"PvfCode\Views\PvfTreeFolder\WinPvfFileAttributesViewModel.cs","21386","0x690EB2A8 ^ _003CModule_003E_007Be69553f9_002Deb39_002D49cd_002D9d77_002Da4ee304d94f7_007D.m_7b86004a82fb42ee97ea7d5e58574563.m_864fc4c2b93e4f099c2c07aa23d782f6","mess_Folder"
"PvfCode\Views\PvfTreeFolder\WinPvfFileAttributesViewModel.cs","21412","0x25C04633 ^ _003CModule_003E_007Be69553f9_002Deb39_002D49cd_002D9d77_002Da4ee304d94f7_007D.m_7b86004a82fb42ee97ea7d5e58574563.m_c8944dd9ca4b4079b8678bce0630ff7d","mess_FileCountAndFolderCount"
"PvfCode\Views\SearchPvf\SearchName\ViewSearchNameControl.cs","18884","0x636C4BCE ^ _003CModule_003E_007Be69553f9_002Deb39_002D49cd_002D9d77_002Da4ee304d94f7_007D.m_7b86004a82fb42ee97ea7d5e58574563.m_972142dcef4a4cfba572768c2212069f","/pvfUtility;V2026.1.22.2;component/views/searchpvf/searchname/viewsearchnamecontrol.xaml"
"PvfCode\Views\SearchPvf\SearchName\WindowSearchItemName.cs","19064","0x2D976D79 ^ _003CModule_003E_007Be69553f9_002Deb39_002D49cd_002D9d77_002Da4ee304d94f7_007D.m_7b86004a82fb42ee97ea7d5e58574563.m_59a7418b35384ddea3432ed6abd3f702","/pvfUtility;V2026.1.22.2;component/views/searchpvf/searchname/windowsearchitemname.xaml"
"PvfCode\Views\SearchPvf\VeiwSearchPvf.cs","3572","0x25C01863 ^ _003CModule_003E_007Be69553f9_002Deb39_002D49cd_002D9d77_002Da4ee304d94f7_007D.m_7b86004a82fb42ee97ea7d5e58574563.m_c8944dd9ca4b4079b8678bce0630ff7d","
"
"PvfCode\Views\SearchPvf\VeiwSearchPvf.cs","18578","0x7C0F5670 ^ _003CModule_003E_007Be69553f9_002Deb39_002D49cd_002D9d77_002Da4ee304d94f7_007D.m_7b86004a82fb42ee97ea7d5e58574563.m_2bc1918cd21d40e9b73926d6c2cbc512","/pvfUtility;V2026.1.22.2;component/views/searchpvf/veiwsearchpvf.xaml"
"PvfCode\Views\SearchPvf\WindowAddNewSearchResult.cs","18720","0x636C4B2A ^ _003CModule_003E_007Be69553f9_002Deb39_002D49cd_002D9d77_002Da4ee304d94f7_007D.m_7b86004a82fb42ee97ea7d5e58574563.m_972142dcef4a4cfba572768c2212069f","/pvfUtility;V2026.1.22.2;component/views/searchpvf/windowaddnewsearchresult.xaml"
"PvfCode\Views\Store\Preview\PreviewFileListComment.cs","18072","0x7C0F587A ^ _003CModule_003E_007Be69553f9_002Deb39_002D49cd_002D9d77_002Da4ee304d94f7_007D.m_7b86004a82fb42ee97ea7d5e58574563.m_2bc1918cd21d40e9b73926d6c2cbc512","/pvfUtility;V2026.1.22.2;component/views/store/preview/previewfilelistcomment.xaml"
"PvfCode\Views\Store\Preview\PreviewItemCodeHoverView.cs","18240","0x19F92381 ^ _003CModule_003E_007Be69553f9_002Deb39_002D49cd_002D9d77_002Da4ee304d94f7_007D.m_7b86004a82fb42ee97ea7d5e58574563.m_afceaa2a86c14a5c9cf1f8f0fdd0f590","/pvfUtility;V2026.1.22.2;component/views/store/preview/previewitemcodehoverview.xaml"
"PvfCode\Views\Store\Preview\PreviewTabCommentView.cs","18412","1503723328 ^ 0x1F7AA9A5 ^ _003CModule_003E_007Be69553f9_002Deb39_002D49cd_002D9d77_002Da4ee304d94f7_007D.m_7b86004a82fb42ee97ea7d5e58574563.m_34a93bd635aa4a0cb45ae24212f58e0f","/pvfUtility;V2026.1.22.2;component/views/store/preview/previewtabcommentview.xaml"
"PvfCode\Views\Store\StoreDownLoadOptions.cs","17924","0x41717A8 ^ _003CModule_003E_007Be69553f9_002Deb39_002D49cd_002D9d77_002Da4ee304d94f7_007D.m_7b86004a82fb42ee97ea7d5e58574563.m_8fd2865c456d4936bd87c4a63c3e7ba1","/pvfUtility;V2026.1.22.2;component/views/store/storedownloadoptions.xaml"
"PvfCode\Views\Tools\ShopManager\WinShopManager.cs","17764","0xF02ED74 ^ _003CModule_003E_007Be69553f9_002Deb39_002D49cd_002D9d77_002Da4ee304d94f7_007D.m_7b86004a82fb42ee97ea7d5e58574563.m_e5d5198bec9744b280b22d7dede4d8ad","/pvfUtility;V2026.1.22.2;component/views/tools/shopmanager/winshopmanager.xaml"
"PvfCode\Views\Tools\WorlddropTool.cs","17260","0x46DA5265 ^ _003CModule_003E_007Be69553f9_002Deb39_002D49cd_002D9d77_002Da4ee304d94f7_007D.m_7b86004a82fb42ee97ea7d5e58574563.m_34a93bd635aa4a0cb45ae24212f58e0f","/pvfUtility;V2026.1.22.2;component/views/tools/worlddroptool.xaml"
"PvfCode\Views\Tools\WorldDropToolViewModel.cs","3572","0x636C0FFE ^ _003CModule_003E_007Be69553f9_002Deb39_002D49cd_002D9d77_002Da4ee304d94f7_007D.m_7b86004a82fb42ee97ea7d5e58574563.m_972142dcef4a4cfba572768c2212069f","
"
"PvfCode\Views\Tools\WorldDropToolViewModel.cs","3580","0x677881F5 ^ _003CModule_003E_007Be69553f9_002Deb39_002D49cd_002D9d77_002Da4ee304d94f7_007D.m_7b86004a82fb42ee97ea7d5e58574563.m_e0f0c9b53f5f4d0e88dcbb6df9cbe106","	"
"PvfCode\Views\Tools\WorldDropToolViewModel.cs","3580","0x4D23D047 ^ _003CModule_003E_007Be69553f9_002Deb39_002D49cd_002D9d77_002Da4ee304d94f7_007D.m_7b86004a82fb42ee97ea7d5e58574563.m_5924bd2461b7415baa9211b5f1cb71b2","	"
"PvfCode\Views\Tools\WorldDropToolViewModel.cs","17394","0x265C6E30 ^ _003CModule_003E_007Be69553f9_002Deb39_002D49cd_002D9d77_002Da4ee304d94f7_007D.m_7b86004a82fb42ee97ea7d5e58574563.m_00f9435ae4b3435e95ad1d31b77e7a6f","请先输入要删除的代码"
"PvfCode\Views\Tools\WorldDropToolViewModel.cs","17418","0x51F773CB ^ _003CModule_003E_007Be69553f9_002Deb39_002D49cd_002D9d77_002Da4ee304d94f7_007D.m_7b86004a82fb42ee97ea7d5e58574563.m_c14a170a5a60490084306350f271c7f1","没有符合条件的代码！"
"PvfCode\Views\Tools\WorldDropToolViewModel.cs","17442","0xF02EC32 ^ _003CModule_003E_007Be69553f9_002Deb39_002D49cd_002D9d77_002Da4ee304d94f7_007D.m_7b86004a82fb42ee97ea7d5e58574563.m_e5d5198bec9744b280b22d7dede4d8ad","etc/worlddrop.etc"
"PvfCode\Views\Tools\WorldDropToolViewModel.cs","17442","0x7C0F5AC0 ^ _003CModule_003E_007Be69553f9_002Deb39_002D49cd_002D9d77_002Da4ee304d94f7_007D.m_7b86004a82fb42ee97ea7d5e58574563.m_2bc1918cd21d40e9b73926d6c2cbc512","etc/worlddrop.etc"
"PvfCode\Views\Tools\WorldDropToolViewModel.cs","17442","0x659E1ABF ^ _003CModule_003E_007Be69553f9_002Deb39_002D49cd_002D9d77_002Da4ee304d94f7_007D.m_7b86004a82fb42ee97ea7d5e58574563.m_0cdaa8b4a2df45ea8b368477e0c569ba","etc/worlddrop.etc"
"PvfCode\Views\Tools\WorldDropToolViewModel.cs","17480","0x1B5ED07E ^ _003CModule_003E_007Be69553f9_002Deb39_002D49cd_002D9d77_002Da4ee304d94f7_007D.m_7b86004a82fb42ee97ea7d5e58574563.m_995dc3f7a3024d82ba87d77f60d35fca","全局掉落文件不存在！"
"PvfCode\Views\Tools\WorldDropToolViewModel.cs","17504","0x3CA9FAB3 ^ _003CModule_003E_007Be69553f9_002Deb39_002D49cd_002D9d77_002Da4ee304d94f7_007D.m_7b86004a82fb42ee97ea7d5e58574563.m_c10a6115b19c4927ae8ffc79f8f16dfb","[world drop]"
"PvfCode\Views\Tools\WorldDropToolViewModel.cs","17532","0x2B2EFA0A ^ _003CModule_003E_007Be69553f9_002Deb39_002D49cd_002D9d77_002Da4ee304d94f7_007D.m_7b86004a82fb42ee97ea7d5e58574563.m_5b1a4905efa74bdd971c79e2845c55df","全局掉落文件不存在:[world drop]节点"
"PvfCode\Views\Tools\WorldDropToolViewModel.cs","17584","0x70CC394C ^ _003CModule_003E_007Be69553f9_002Deb39_002D49cd_002D9d77_002Da4ee304d94f7_007D.m_7b86004a82fb42ee97ea7d5e58574563.m_ee8424bd48bb442e9a823a15df5a62b4","等级："
"PvfCode\Views\Tools\WorldDropToolViewModel.cs","17594","0x527AE268 ^ _003CModule_003E_007Be69553f9_002Deb39_002D49cd_002D9d77_002Da4ee304d94f7_007D.m_7b86004a82fb42ee97ea7d5e58574563.m_cb81f441a98e4bd493b61df435bbdbdb","的代码数量异常无法分配为2个一组。请检查源数据！"
"PvfCode\Views\Tools\WorldDropToolViewModel.cs","17646","0x3D9B94F7 ^ _003CModule_003E_007Be69553f9_002Deb39_002D49cd_002D9d77_002Da4ee304d94f7_007D.m_7b86004a82fb42ee97ea7d5e58574563.m_825859c4ee504b91a6a1d6e7fabf4f01","#PVF_File
[world drop]
"
"PvfCode\Views\Tools\WorldDropToolViewModel.cs","17700","0x19F921E5 ^ _003CModule_003E_007Be69553f9_002Deb39_002D49cd_002D9d77_002Da4ee304d94f7_007D.m_7b86004a82fb42ee97ea7d5e58574563.m_afceaa2a86c14a5c9cf1f8f0fdd0f590","	0"
"PvfCode\Views\Tools\WorldDropToolViewModel.cs","17708","0x11B95A00 ^ _003CModule_003E_007Be69553f9_002Deb39_002D49cd_002D9d77_002Da4ee304d94f7_007D.m_7b86004a82fb42ee97ea7d5e58574563.m_39a59c8c3fda4dbdaaf2213c010b00a8","-1"
"PvfCode\Views\Tools\WorldDropToolViewModel.cs","17716","0x89ACD1D ^ _003CModule_003E_007Be69553f9_002Deb39_002D49cd_002D9d77_002Da4ee304d94f7_007D.m_7b86004a82fb42ee97ea7d5e58574563.m_cf19654829b546c5ba704a307b4e0bfa","删除成功 总数："
"PvfCode\Views\Tools\WorldDropToolViewModel.cs","17736","0x13FC0222 ^ _003CModule_003E_007Be69553f9_002Deb39_002D49cd_002D9d77_002Da4ee304d94f7_007D.m_7b86004a82fb42ee97ea7d5e58574563.m_a7cc82b779404332a260d01290ecb801"," "
"PvfCode\Views\Tools\WorldDropToolViewModel.cs","17742","1437138932 ^ 0x174E4CA6 ^ _003CModule_003E_007Be69553f9_002Deb39_002D49cd_002D9d77_002Da4ee304d94f7_007D.m_7b86004a82fb42ee97ea7d5e58574563.m_bbd6700d16934fad8cc9f8d19544f21f","不是数字，请检查！"
"PvfCode\Views\UserViews\WindowEditUserInfo.cs","16970","0x265C6F88 ^ _003CModule_003E_007Be69553f9_002Deb39_002D49cd_002D9d77_002Da4ee304d94f7_007D.m_7b86004a82fb42ee97ea7d5e58574563.m_00f9435ae4b3435e95ad1d31b77e7a6f","/pvfUtility;V2026.1.22.2;component/views/userviews/windowedituserinfo.xaml"
"PvfCode\Views\UserViews\WindowLogin.cs","17122","0x51F77523 ^ _003CModule_003E_007Be69553f9_002Deb39_002D49cd_002D9d77_002Da4ee304d94f7_007D.m_7b86004a82fb42ee97ea7d5e58574563.m_c14a170a5a60490084306350f271c7f1","/pvfUtility;V2026.1.22.2;component/views/userviews/windowlogin.xaml"
"PvfCode\Views\ViewExtractFiles.cs","11634","0x3D9BFD6B ^ _003CModule_003E_007Be69553f9_002Deb39_002D49cd_002D9d77_002Da4ee304d94f7_007D.m_7b86004a82fb42ee97ea7d5e58574563.m_825859c4ee504b91a6a1d6e7fabf4f01","/pvfUtility;V2026.1.22.2;component/views/viewextractfiles.xaml"
"PvfCode\Views\ViewExtractFilesViewModels.cs","11762","0x7A7ED04E ^ _003CModule_003E_007Be69553f9_002Deb39_002D49cd_002D9d77_002Da4ee304d94f7_007D.m_7b86004a82fb42ee97ea7d5e58574563.m_22c98bd810e84970b541501ace0b424a","mess_Select7zFileSavePath"
"PvfCode\Views\ViewExtractFilesViewModels.cs","11816","0xB8B03B9 ^ _003CModule_003E_007Be69553f9_002Deb39_002D49cd_002D9d77_002Da4ee304d94f7_007D.m_7b86004a82fb42ee97ea7d5e58574563.m_e066a82cd08141c08d4817f20a7d29f3","mess_7zFile"
"PvfCode\Views\ViewExtractFilesViewModels.cs","11842","0xF028652 ^ _003CModule_003E_007Be69553f9_002Deb39_002D49cd_002D9d77_002Da4ee304d94f7_007D.m_7b86004a82fb42ee97ea7d5e58574563.m_e5d5198bec9744b280b22d7dede4d8ad",".7z"
"PvfCode\Views\ViewExtractFilesViewModels.cs","11852","0x3D9BFE55 ^ _003CModule_003E_007Be69553f9_002Deb39_002D49cd_002D9d77_002Da4ee304d94f7_007D.m_7b86004a82fb42ee97ea7d5e58574563.m_825859c4ee504b91a6a1d6e7fabf4f01","Script.7z"
"PvfCode\Views\ViewExtractFilesViewModels.cs","11874","0x2E4B3B19 ^ _003CModule_003E_007Be69553f9_002Deb39_002D49cd_002D9d77_002Da4ee304d94f7_007D.m_7b86004a82fb42ee97ea7d5e58574563.m_3f6f6322abdc4634a39525b5eb1c92fd","Title_SelectFolder"
"PvfCode\Views\ViewExtractFilesViewModels.cs","11914","0x5FF2C72B ^ _003CModule_003E_007Be69553f9_002Deb39_002D49cd_002D9d77_002Da4ee304d94f7_007D.m_7b86004a82fb42ee97ea7d5e58574563.m_558c76f87bdc4d51a68101d12bccb609","mess_InvalidSavePath"
"PvfCode\Views\ViewExtractFilesViewModels.cs","11958","0x7C0F3054 ^ _003CModule_003E_007Be69553f9_002Deb39_002D49cd_002D9d77_002Da4ee304d94f7_007D.m_7b86004a82fb42ee97ea7d5e58574563.m_2bc1918cd21d40e9b73926d6c2cbc512","mess_PleaseSelectFileToExtract"
"PvfCode\Views\ViewExtractFilesViewModels.cs","12022","0x6778A2FF ^ _003CModule_003E_007Be69553f9_002Deb39_002D49cd_002D9d77_002Da4ee304d94f7_007D.m_7b86004a82fb42ee97ea7d5e58574563.m_e0f0c9b53f5f4d0e88dcbb6df9cbe106","mess_NoFileCanBeExtractedAfterFilter"
"PvfCode\Views\ViewExtractFilesViewModels.cs","12098","0x3509265B ^ _003CModule_003E_007Be69553f9_002Deb39_002D49cd_002D9d77_002Da4ee304d94f7_007D.m_7b86004a82fb42ee97ea7d5e58574563.m_c3720eb655124e6e81b317ef170605cd","mess_ErrorWhenCreateFolder"
"PvfCode\Views\ViewOutPut.cs","12154","0x89AA753 ^ _003CModule_003E_007Be69553f9_002Deb39_002D49cd_002D9d77_002Da4ee304d94f7_007D.m_7b86004a82fb42ee97ea7d5e58574563.m_cf19654829b546c5ba704a307b4e0bfa","/pvfUtility;V2026.1.22.2;component/views/viewoutput.xaml"
"PvfCode\Views\ViewPvfRelease.cs","12270","0x3D9BFFF7 ^ _003CModule_003E_007Be69553f9_002Deb39_002D49cd_002D9d77_002Da4ee304d94f7_007D.m_7b86004a82fb42ee97ea7d5e58574563.m_825859c4ee504b91a6a1d6e7fabf4f01","/pvfUtility;V2026.1.22.2;component/views/viewpvfrelease.xaml"
"PvfCode\Views\ViewScriptEditor.cs","12394","0x1018C339 ^ _003CModule_003E_007Be69553f9_002Deb39_002D49cd_002D9d77_002Da4ee304d94f7_007D.m_7b86004a82fb42ee97ea7d5e58574563.m_80f251012e8548e0baf3267defb3d706","/pvfUtility;V2026.1.22.2;component/views/viewscripteditor.xaml"
"PvfCode\Views\WindowAbout.cs","12522","0x662DF1DA ^ _003CModule_003E_007Be69553f9_002Deb39_002D49cd_002D9d77_002Da4ee304d94f7_007D.m_7b86004a82fb42ee97ea7d5e58574563.m_1e27397300b24ef4ba98a645a53798c2","/pvfUtility;V2026.1.22.2;component/views/windowabout.xaml"
"PvfCode\Views\WindowInsertMicrosoftEdgeRuntime.cs","12640","1503723328 ^ 0x25AFD0C2 ^ _003CModule_003E_007Be69553f9_002Deb39_002D49cd_002D9d77_002Da4ee304d94f7_007D.m_7b86004a82fb42ee97ea7d5e58574563.m_2bc1918cd21d40e9b73926d6c2cbc512","/pvfUtility;V2026.1.22.2;component/views/windowinsertmicrosoftedgeruntime.xaml"
"PvfCode\Views\WindowItemCodeSearch.cs","11478","0x4E19064F ^ _003CModule_003E_007Be69553f9_002Deb39_002D49cd_002D9d77_002Da4ee304d94f7_007D.m_7b86004a82fb42ee97ea7d5e58574563.m_24a7cb1bd49e4021b5d8fa5493d816ca","/pvfUtility;V2026.1.22.2;component/views/searchpvf/windowitemcodesearch.xaml"
"PvfCode\Views\WindowPublicSetting.cs","9830","0x4D23FBDD ^ _003CModule_003E_007Be69553f9_002Deb39_002D49cd_002D9d77_002Da4ee304d94f7_007D.m_7b86004a82fb42ee97ea7d5e58574563.m_5924bd2461b7415baa9211b5f1cb71b2","\"
"PvfCode\Views\WindowPublicSetting.cs","12800","0xB8B1F91 ^ _003CModule_003E_007Be69553f9_002Deb39_002D49cd_002D9d77_002Da4ee304d94f7_007D.m_7b86004a82fb42ee97ea7d5e58574563.m_e066a82cd08141c08d4817f20a7d29f3","ViewGlobalOptions_TreeMenu_Common"
"PvfCode\Views\WindowPublicSetting.cs","12870","352137165 ^ 0x5AE43712 ^ _003CModule_003E_007Be69553f9_002Deb39_002D49cd_002D9d77_002Da4ee304d94f7_007D.m_7b86004a82fb42ee97ea7d5e58574563.m_24a7cb1bd49e4021b5d8fa5493d816ca","defaultSetting"
"PvfCode\Views\WindowPublicSetting.cs","12902","0x636C306C ^ _003CModule_003E_007Be69553f9_002Deb39_002D49cd_002D9d77_002Da4ee304d94f7_007D.m_7b86004a82fb42ee97ea7d5e58574563.m_972142dcef4a4cfba572768c2212069f","ViewGlobalOptions_TreeMenu_Setting"
"PvfCode\Views\WindowPublicSetting.cs","12974","0x89ABA87 ^ _003CModule_003E_007Be69553f9_002Deb39_002D49cd_002D9d77_002Da4ee304d94f7_007D.m_7b86004a82fb42ee97ea7d5e58574563.m_cf19654829b546c5ba704a307b4e0bfa","EditorSetting"
"PvfCode\Views\WindowPublicSetting.cs","12974","0x4176302 ^ _003CModule_003E_007Be69553f9_002Deb39_002D49cd_002D9d77_002Da4ee304d94f7_007D.m_7b86004a82fb42ee97ea7d5e58574563.m_8fd2865c456d4936bd87c4a63c3e7ba1","EditorSetting"
"PvfCode\Views\WindowPublicSetting.cs","13004","0x659E6C51 ^ _003CModule_003E_007Be69553f9_002Deb39_002D49cd_002D9d77_002Da4ee304d94f7_007D.m_7b86004a82fb42ee97ea7d5e58574563.m_0cdaa8b4a2df45ea8b368477e0c569ba","ViewGlobalOptions_TreeMenu_Setting_EditorHighlightColor"
"PvfCode\Views\WindowPublicSetting.cs","13118","0x7A7ECE82 ^ _003CModule_003E_007Be69553f9_002Deb39_002D49cd_002D9d77_002Da4ee304d94f7_007D.m_7b86004a82fb42ee97ea7d5e58574563.m_22c98bd810e84970b541501ace0b424a","EditorhighlightedSetting"
"PvfCode\Views\WindowPublicSetting.cs","13170","-1499773451 ^ -394109922 ^ _003CModule_003E_007Be69553f9_002Deb39_002D49cd_002D9d77_002Da4ee304d94f7_007D.m_7b86004a82fb42ee97ea7d5e58574563.m_24a7cb1bd49e4021b5d8fa5493d816ca","ViewGlobalOptions_TreeMenu_Setting_CodeIntelliSense"
"PvfCode\Views\WindowPublicSetting.cs","13170","0x30652578 ^ _003CModule_003E_007Be69553f9_002Deb39_002D49cd_002D9d77_002Da4ee304d94f7_007D.m_7b86004a82fb42ee97ea7d5e58574563.m_add69167a2c54fe0bb2e5f0af2545839","ViewGlobalOptions_TreeMenu_Setting_CodeIntelliSense"
"PvfCode\Views\WindowPublicSetting.cs","13276","0x11B92CF0 ^ _003CModule_003E_007Be69553f9_002Deb39_002D49cd_002D9d77_002Da4ee304d94f7_007D.m_7b86004a82fb42ee97ea7d5e58574563.m_39a59c8c3fda4dbdaaf2213c010b00a8","ItemCodeHoverConfig"
"PvfCode\Views\WindowPublicSetting.cs","13318","0x46DA250F ^ _003CModule_003E_007Be69553f9_002Deb39_002D49cd_002D9d77_002Da4ee304d94f7_007D.m_7b86004a82fb42ee97ea7d5e58574563.m_34a93bd635aa4a0cb45ae24212f58e0f","ViewGlobalOptions_TreeMenu_Setting_TextEditor"
"PvfCode\Views\WindowPublicSetting.cs","13318","0x4E191E9F ^ _003CModule_003E_007Be69553f9_002Deb39_002D49cd_002D9d77_002Da4ee304d94f7_007D.m_7b86004a82fb42ee97ea7d5e58574563.m_24a7cb1bd49e4021b5d8fa5493d816ca","ViewGlobalOptions_TreeMenu_Setting_TextEditor"
"PvfCode\Views\WindowPublicSetting.cs","13412","0x636C366E ^ _003CModule_003E_007Be69553f9_002Deb39_002D49cd_002D9d77_002Da4ee304d94f7_007D.m_7b86004a82fb42ee97ea7d5e58574563.m_972142dcef4a4cfba572768c2212069f","ViewGlobalOptions_TreeMenu_Setting_FileExplorer"
"PvfCode\Views\WindowPublicSetting.cs","13510","0x70CC493A ^ _003CModule_003E_007Be69553f9_002Deb39_002D49cd_002D9d77_002Da4ee304d94f7_007D.m_7b86004a82fb42ee97ea7d5e58574563.m_ee8424bd48bb442e9a823a15df5a62b4","TreeListSettings"
"PvfCode\Views\WindowPublicSetting.cs","13546","0x51F1E126 ^ _003CModule_003E_007Be69553f9_002Deb39_002D49cd_002D9d77_002Da4ee304d94f7_007D.m_7b86004a82fb42ee97ea7d5e58574563.m_e9daf7d92d7e4446976bda811e90502a","ViewGlobalOptions_TreeMenu_Setting_AutoBackup"
"PvfCode\Views\WindowPublicSetting.cs","13640","0x2D971249 ^ _003CModule_003E_007Be69553f9_002Deb39_002D49cd_002D9d77_002Da4ee304d94f7_007D.m_7b86004a82fb42ee97ea7d5e58574563.m_59a7418b35384ddea3432ed6abd3f702","AutoBackupPvfSettings"
"PvfCode\Views\WindowPublicSetting.cs","13686","0x659E6BEB ^ _003CModule_003E_007Be69553f9_002Deb39_002D49cd_002D9d77_002Da4ee304d94f7_007D.m_7b86004a82fb42ee97ea7d5e58574563.m_0cdaa8b4a2df45ea8b368477e0c569ba","ViewGlobalOptions_TreeMenu_Setting_GlobalSearch"
"PvfCode\Views\WindowPublicSetting.cs","13784","0x622FB77A ^ _003CModule_003E_007Be69553f9_002Deb39_002D49cd_002D9d77_002Da4ee304d94f7_007D.m_7b86004a82fb42ee97ea7d5e58574563.m_41a03ba455a9468b9050278ae77448e1","PublicSearchServiceOptions"
"PvfCode\Views\WindowPublicSetting.cs","13840","0x47B92BF5 ^ _003CModule_003E_007Be69553f9_002Deb39_002D49cd_002D9d77_002Da4ee304d94f7_007D.m_7b86004a82fb42ee97ea7d5e58574563.m_0bd286ac068745bfb29b92d10b515130","ViewGlobalOptions_TreeMenu_Setting_Bookmark"
"PvfCode\Views\WindowPublicSetting.cs","13930","0x636C3460 ^ _003CModule_003E_007Be69553f9_002Deb39_002D49cd_002D9d77_002Da4ee304d94f7_007D.m_7b86004a82fb42ee97ea7d5e58574563.m_972142dcef4a4cfba572768c2212069f","StoreOptionsBookMark"
"PvfCode\Views\WindowPublicSetting.cs","13930","0x41767C6 ^ _003CModule_003E_007Be69553f9_002Deb39_002D49cd_002D9d77_002Da4ee304d94f7_007D.m_7b86004a82fb42ee97ea7d5e58574563.m_8fd2865c456d4936bd87c4a63c3e7ba1","StoreOptionsBookMark"
"PvfCode\Views\WindowPublicSetting.cs","13974","0x47B92B73 ^ _003CModule_003E_007Be69553f9_002Deb39_002D49cd_002D9d77_002Da4ee304d94f7_007D.m_7b86004a82fb42ee97ea7d5e58574563.m_0bd286ac068745bfb29b92d10b515130","ViewGlobalOptions_TreeMenu_Setting_FileExplorerComment"
"PvfCode\Views\WindowPublicSetting.cs","14086","0x3D9BE71F ^ _003CModule_003E_007Be69553f9_002Deb39_002D49cd_002D9d77_002Da4ee304d94f7_007D.m_7b86004a82fb42ee97ea7d5e58574563.m_825859c4ee504b91a6a1d6e7fabf4f01","StoreOptionsFileListComment"
"PvfCode\Views\WindowPublicSetting.cs","14144","0x4C16A554 ^ _003CModule_003E_007Be69553f9_002Deb39_002D49cd_002D9d77_002Da4ee304d94f7_007D.m_7b86004a82fb42ee97ea7d5e58574563.m_d7eae1243bb84fa8b3e43c67ebe44716","ViewGlobalOptions_TreeMenu_Setting_TagTranslation"
"PvfCode\Views\WindowPublicSetting.cs","14246","0x47B92A43 ^ _003CModule_003E_007Be69553f9_002Deb39_002D49cd_002D9d77_002Da4ee304d94f7_007D.m_7b86004a82fb42ee97ea7d5e58574563.m_0bd286ac068745bfb29b92d10b515130","StoreOptionsTabComment"
"PvfCode\Views\WindowPublicSetting.cs","14294","0x306521DC ^ _003CModule_003E_007Be69553f9_002Deb39_002D49cd_002D9d77_002Da4ee304d94f7_007D.m_7b86004a82fb42ee97ea7d5e58574563.m_add69167a2c54fe0bb2e5f0af2545839","StoreOptionsItemCodeHoverTooltip"
"PvfCode\Views\WindowPublicSetting.cs","14362","0x25C02D8D ^ _003CModule_003E_007Be69553f9_002Deb39_002D49cd_002D9d77_002Da4ee304d94f7_007D.m_7b86004a82fb42ee97ea7d5e58574563.m_c8944dd9ca4b4079b8678bce0630ff7d","ViewGlobalOptions_TreeMenu_Setting_ShareSetting"
"PvfCode\Views\WindowPublicSetting.cs","14460","0x6778B475 ^ _003CModule_003E_007Be69553f9_002Deb39_002D49cd_002D9d77_002Da4ee304d94f7_007D.m_7b86004a82fb42ee97ea7d5e58574563.m_e0f0c9b53f5f4d0e88dcbb6df9cbe106","ViewGlobalOptions_TreeMenu_Setting_PvfDocumentGroup"
"PvfCode\Views\WindowPublicSetting.cs","14566","352137165 ^ 0x4B0FFE8A ^ _003CModule_003E_007Be69553f9_002Deb39_002D49cd_002D9d77_002Da4ee304d94f7_007D.m_7b86004a82fb42ee97ea7d5e58574563.m_558c76f87bdc4d51a68101d12bccb609","PvfDcoumentOptions"
"PvfCode\Views\WindowPublicSetting.cs","14606","0x5FF2D0AF ^ _003CModule_003E_007Be69553f9_002Deb39_002D49cd_002D9d77_002Da4ee304d94f7_007D.m_7b86004a82fb42ee97ea7d5e58574563.m_558c76f87bdc4d51a68101d12bccb609","ViewGlobalOptions_TreeMenu_ServerConfig"
"PvfCode\Views\WindowPublicSetting.cs","14688","0x4E1913F9 ^ _003CModule_003E_007Be69553f9_002Deb39_002D49cd_002D9d77_002Da4ee304d94f7_007D.m_7b86004a82fb42ee97ea7d5e58574563.m_24a7cb1bd49e4021b5d8fa5493d816ca","GameServerOptions"
"PvfCode\Views\WindowPublicSetting.cs","14688","0x3D9BE979 ^ _003CModule_003E_007Be69553f9_002Deb39_002D49cd_002D9d77_002Da4ee304d94f7_007D.m_7b86004a82fb42ee97ea7d5e58574563.m_825859c4ee504b91a6a1d6e7fabf4f01","GameServerOptions"
"PvfCode\Views\WindowPublicSetting.cs","14726","0x385521F3 ^ _003CModule_003E_007Be69553f9_002Deb39_002D49cd_002D9d77_002Da4ee304d94f7_007D.m_7b86004a82fb42ee97ea7d5e58574563.m_0273572c23d24952bbcc01600fea0084","ViewGlobalOptions_TreeMenu_ClientConfig"
"PvfCode\Views\WindowPublicSetting.cs","14808","0x6778B5D1 ^ _003CModule_003E_007Be69553f9_002Deb39_002D49cd_002D9d77_002Da4ee304d94f7_007D.m_7b86004a82fb42ee97ea7d5e58574563.m_e0f0c9b53f5f4d0e88dcbb6df9cbe106","GameLoginClientOptions"
"PvfCode\Views\WindowPublicSetting.cs","14856","0x527A9CDA ^ _003CModule_003E_007Be69553f9_002Deb39_002D49cd_002D9d77_002Da4ee304d94f7_007D.m_7b86004a82fb42ee97ea7d5e58574563.m_cb81f441a98e4bd493b61df435bbdbdb","ViewGlobalOptions_TreeMenu_LoginAccountConfig"
"PvfCode\Views\WindowPublicSetting.cs","14950","0x42E6CC7A ^ _003CModule_003E_007Be69553f9_002Deb39_002D49cd_002D9d77_002Da4ee304d94f7_007D.m_7b86004a82fb42ee97ea7d5e58574563.m_bbd6700d16934fad8cc9f8d19544f21f","GameLoginAccountOptions"
"PvfCode\Views\WindowPublicSetting.cs","15000","0x5FF2D339 ^ _003CModule_003E_007Be69553f9_002Deb39_002D49cd_002D9d77_002Da4ee304d94f7_007D.m_7b86004a82fb42ee97ea7d5e58574563.m_558c76f87bdc4d51a68101d12bccb609","ViewGlobalOptions_TreeMenu_StartGameConfig"
"PvfCode\Views\WindowPublicSetting.cs","15088","0x2017F28 ^ _003CModule_003E_007Be69553f9_002Deb39_002D49cd_002D9d77_002Da4ee304d94f7_007D.m_7b86004a82fb42ee97ea7d5e58574563.m_582a7f02cd3044949cbbc8d81e970cdb","文件预览"
"PvfCode\Views\WindowPublicSetting.cs","15100","0x265C173E ^ _003CModule_003E_007Be69553f9_002Deb39_002D49cd_002D9d77_002Da4ee304d94f7_007D.m_7b86004a82fb42ee97ea7d5e58574563.m_00f9435ae4b3435e95ad1d31b77e7a6f","PvfFilePreviewOptions"
"PvfCode\Views\WindowPublicSetting.cs","15146","0x7A7EC696 ^ _003CModule_003E_007Be69553f9_002Deb39_002D49cd_002D9d77_002Da4ee304d94f7_007D.m_7b86004a82fb42ee97ea7d5e58574563.m_22c98bd810e84970b541501ace0b424a","mess_PleaseInputBookmarkName"
"PvfCode\Views\WindowPublicSetting.cs","15206","0x5D5F7CD9 ^ _003CModule_003E_007Be69553f9_002Deb39_002D49cd_002D9d77_002Da4ee304d94f7_007D.m_7b86004a82fb42ee97ea7d5e58574563.m_a471290541044d3bb697860b55cc6bc1","mess_PleaseInputBookmarkDescription"
"PvfCode\Views\WindowPublicSetting.cs","15280","0x70D1E614 ^ _003CModule_003E_007Be69553f9_002Deb39_002D49cd_002D9d77_002Da4ee304d94f7_007D.m_7b86004a82fb42ee97ea7d5e58574563.m_541fbf15174a41ce952b7916fd6276fe","mess_PleaseInputBookmarkDetail"
"PvfCode\Views\WindowPublicSetting.cs","15344","0x659E656D ^ _003CModule_003E_007Be69553f9_002Deb39_002D49cd_002D9d77_002Da4ee304d94f7_007D.m_7b86004a82fb42ee97ea7d5e58574563.m_0cdaa8b4a2df45ea8b368477e0c569ba","mess_PleaseInputExplorerAnnotationName"
"PvfCode\Views\WindowPublicSetting.cs","15424","0x2D971B41 ^ _003CModule_003E_007Be69553f9_002Deb39_002D49cd_002D9d77_002Da4ee304d94f7_007D.m_7b86004a82fb42ee97ea7d5e58574563.m_59a7418b35384ddea3432ed6abd3f702","mess_PleaseInputExplorerAnnotationDescription"
"PvfCode\Views\WindowPublicSetting.cs","15518","0x47B9217B ^ _003CModule_003E_007Be69553f9_002Deb39_002D49cd_002D9d77_002Da4ee304d94f7_007D.m_7b86004a82fb42ee97ea7d5e58574563.m_0bd286ac068745bfb29b92d10b515130","mess_PleaseInputExplorerAnnotationDetail"
"PvfCode\Views\WindowPublicSetting.cs","15602","0x3CA98221 ^ _003CModule_003E_007Be69553f9_002Deb39_002D49cd_002D9d77_002Da4ee304d94f7_007D.m_7b86004a82fb42ee97ea7d5e58574563.m_c10a6115b19c4927ae8ffc79f8f16dfb","mess_PleaseInputTagTranslationName"
"PvfCode\Views\WindowPublicSetting.cs","15674","0x5FF2D49B ^ _003CModule_003E_007Be69553f9_002Deb39_002D49cd_002D9d77_002Da4ee304d94f7_007D.m_7b86004a82fb42ee97ea7d5e58574563.m_558c76f87bdc4d51a68101d12bccb609","mess_PleaseInputTagTranslationDescription"
"PvfCode\Views\WindowPublicSetting.cs","15760","0x1B5EA9A6 ^ _003CModule_003E_007Be69553f9_002Deb39_002D49cd_002D9d77_002Da4ee304d94f7_007D.m_7b86004a82fb42ee97ea7d5e58574563.m_995dc3f7a3024d82ba87d77f60d35fca","mess_PleaseInputTagTranslationDetail"
"PvfCode\Views\WindowPublicSetting.cs","15836","0x350934C5 ^ _003CModule_003E_007Be69553f9_002Deb39_002D49cd_002D9d77_002Da4ee304d94f7_007D.m_7b86004a82fb42ee97ea7d5e58574563.m_c3720eb655124e6e81b317ef170605cd","mess_PleaseInputCodeIntelliSenseName"
"PvfCode\Views\WindowPublicSetting.cs","15912","0x4176F84 ^ _003CModule_003E_007Be69553f9_002Deb39_002D49cd_002D9d77_002Da4ee304d94f7_007D.m_7b86004a82fb42ee97ea7d5e58574563.m_8fd2865c456d4936bd87c4a63c3e7ba1","mess_PleaseInputCodeIntelliSenseDescription"
"PvfCode\Views\WindowPublicSetting.cs","16002","-1904881294 ^ -1343064482 ^ _003CModule_003E_007Be69553f9_002Deb39_002D49cd_002D9d77_002Da4ee304d94f7_007D.m_7b86004a82fb42ee97ea7d5e58574563.m_a6871abdbd314ec9bd2de23164bed82c","mess_PleaseInputCodeIntelliSenseDetail"
"PvfCode\Views\WindowPublicSetting.cs","16082","0x4E19144B ^ _003CModule_003E_007Be69553f9_002Deb39_002D49cd_002D9d77_002Da4ee304d94f7_007D.m_7b86004a82fb42ee97ea7d5e58574563.m_24a7cb1bd49e4021b5d8fa5493d816ca","dnf.exe"
"PvfCode\Views\WindowPublicSetting.cs","16082","0x89AB6FB ^ _003CModule_003E_007Be69553f9_002Deb39_002D49cd_002D9d77_002Da4ee304d94f7_007D.m_7b86004a82fb42ee97ea7d5e58574563.m_cf19654829b546c5ba704a307b4e0bfa","dnf.exe"
"PvfCode\Views\WindowPublicSetting.cs","16100","0x51F70925 ^ _003CModule_003E_007Be69553f9_002Deb39_002D49cd_002D9d77_002Da4ee304d94f7_007D.m_7b86004a82fb42ee97ea7d5e58574563.m_c14a170a5a60490084306350f271c7f1","mess_PathNotExistDNF"
"PvfCode\Views\WindowPublicSetting.cs","16100","-1499773451 ^ -994772557 ^ _003CModule_003E_007Be69553f9_002Deb39_002D49cd_002D9d77_002Da4ee304d94f7_007D.m_7b86004a82fb42ee97ea7d5e58574563.m_41a03ba455a9468b9050278ae77448e1","mess_PathNotExistDNF"
"PvfCode\Views\WindowPublicSetting.cs","16144","0x1018CC43 ^ _003CModule_003E_007Be69553f9_002Deb39_002D49cd_002D9d77_002Da4ee304d94f7_007D.m_7b86004a82fb42ee97ea7d5e58574563.m_80f251012e8548e0baf3267defb3d706","路径不存在 dnf.exe"
"PvfCode\Views\WindowPublicSetting.cs","16174","0x2E4B2A55 ^ _003CModule_003E_007Be69553f9_002Deb39_002D49cd_002D9d77_002Da4ee304d94f7_007D.m_7b86004a82fb42ee97ea7d5e58574563.m_3f6f6322abdc4634a39525b5eb1c92fd","/pvfUtility;V2026.1.22.2;component/views/windowpublicsetting.xaml"
"PvfCode\Views\WindowPublicSetting.cs","73516","0x41EC64DE ^ _003CModule_003E_007Be69553f9_002Deb39_002D49cd_002D9d77_002Da4ee304d94f7_007D.m_7b86004a82fb42ee97ea7d5e58574563.m_ba7ada5c647b4fc094df6608a5b444bd","通用"
"PvfCode\Views\WindowPublicSetting.cs","73516","0x41EC64DE ^ _003CModule_003E_007Be69553f9_002Deb39_002D49cd_002D9d77_002Da4ee304d94f7_007D.m_7b86004a82fb42ee97ea7d5e58574563.m_ba7ada5c647b4fc094df6608a5b444bd","通用"
"PvfCode\Views\WindowPvfFileHeaderEdit.cs","16308","0x5DBBCFAD ^ _003CModule_003E_007Be69553f9_002Deb39_002D49cd_002D9d77_002Da4ee304d94f7_007D.m_7b86004a82fb42ee97ea7d5e58574563.m_4dccf8dd3beb468396324e307ead22cc","Guid Error："
"PvfCode\Views\WindowPvfFileHeaderEdit.cs","16334","0x4C16ADDA ^ _003CModule_003E_007Be69553f9_002Deb39_002D49cd_002D9d77_002Da4ee304d94f7_007D.m_7b86004a82fb42ee97ea7d5e58574563.m_d7eae1243bb84fa8b3e43c67ebe44716","Version Error："
"PvfCode\Views\WindowPvfFileHeaderEdit.cs","16366","0x3CA9813D ^ _003CModule_003E_007Be69553f9_002Deb39_002D49cd_002D9d77_002Da4ee304d94f7_007D.m_7b86004a82fb42ee97ea7d5e58574563.m_c10a6115b19c4927ae8ffc79f8f16dfb","/pvfUtility;V2026.1.22.2;component/views/windowpvffileheaderedit.xaml"
"PvfCode\Views\WindowSelectDefaultTheme.cs","16508","0x1018B32F ^ _003CModule_003E_007Be69553f9_002Deb39_002D49cd_002D9d77_002Da4ee304d94f7_007D.m_7b86004a82fb42ee97ea7d5e58574563.m_80f251012e8548e0baf3267defb3d706","/pvfUtility;V2026.1.22.2;component/views/windowselectdefaulttheme.xaml"
"PvfCode\Views\WinErrorPanel.cs","16652","0x4BA0F3C8 ^ _003CModule_003E_007Be69553f9_002Deb39_002D49cd_002D9d77_002Da4ee304d94f7_007D.m_7b86004a82fb42ee97ea7d5e58574563.m_d6a39a5ddb584a4d998858fb4ceeb027","mess_ErrorWhenSave"
"PvfCode\Views\WinErrorPanel.cs","16692","0x2187D89A ^ _003CModule_003E_007Be69553f9_002Deb39_002D49cd_002D9d77_002Da4ee304d94f7_007D.m_7b86004a82fb42ee97ea7d5e58574563.m_a6871abdbd314ec9bd2de23164bed82c","请发送给作者QQ：812143836"
"PvfCode\Views\WinErrorPanel.cs","16732","0x7C0F5FBE ^ _003CModule_003E_007Be69553f9_002Deb39_002D49cd_002D9d77_002Da4ee304d94f7_007D.m_7b86004a82fb42ee97ea7d5e58574563.m_2bc1918cd21d40e9b73926d6c2cbc512","/pvfUtility;V2026.1.22.2;component/views/winerrorpanel.xaml"
"PvfCode\Views\WinFindNpk.cs","16854","0x9334061 ^ _003CModule_003E_007Be69553f9_002Deb39_002D49cd_002D9d77_002Da4ee304d94f7_007D.m_7b86004a82fb42ee97ea7d5e58574563.m_a47e9e4bf3624e7291689f8fb4b10989","/pvfUtility;V2026.1.22.2;component/views/winfindnpk.xaml"
"PvfCode\Web\WebbrowserOnNewWindow.cs","11324","0xF02842C ^ _003CModule_003E_007Be69553f9_002Deb39_002D49cd_002D9d77_002Da4ee304d94f7_007D.m_7b86004a82fb42ee97ea7d5e58574563.m_e5d5198bec9744b280b22d7dede4d8ad","AxIWebBrowser2"
"PvfCode\WebApiServer.cs","3572","0x350904ED ^ _003CModule_003E_007Be69553f9_002Deb39_002D49cd_002D9d77_002Da4ee304d94f7_007D.m_7b86004a82fb42ee97ea7d5e58574563.m_c3720eb655124e6e81b317ef170605cd","
"
"PvfCode\WebApiServer.cs","3572","0x51F1D838 ^ _003CModule_003E_007Be69553f9_002Deb39_002D49cd_002D9d77_002Da4ee304d94f7_007D.m_7b86004a82fb42ee97ea7d5e58574563.m_e9daf7d92d7e4446976bda811e90502a","
"
"PvfCode\WebApiServer.cs","9836","0x265C0BAE ^ _003CModule_003E_007Be69553f9_002Deb39_002D49cd_002D9d77_002Da4ee304d94f7_007D.m_7b86004a82fb42ee97ea7d5e58574563.m_00f9435ae4b3435e95ad1d31b77e7a6f","/"
"PvfCode\WebApiServer.cs","9836","0x4D23FBD7 ^ _003CModule_003E_007Be69553f9_002Deb39_002D49cd_002D9d77_002Da4ee304d94f7_007D.m_7b86004a82fb42ee97ea7d5e58574563.m_5924bd2461b7415baa9211b5f1cb71b2","/"
"PvfCode\WebApiServer.cs","9836","0x13FC6106 ^ _003CModule_003E_007Be69553f9_002Deb39_002D49cd_002D9d77_002Da4ee304d94f7_007D.m_7b86004a82fb42ee97ea7d5e58574563.m_a7cc82b779404332a260d01290ecb801","/"
"PvfCode\WebApiServer.cs","10226","0x19F94333 ^ _003CModule_003E_007Be69553f9_002Deb39_002D49cd_002D9d77_002Da4ee304d94f7_007D.m_7b86004a82fb42ee97ea7d5e58574563.m_afceaa2a86c14a5c9cf1f8f0fdd0f590","http://127.0.0.1:"
"PvfCode\WebApiServer.cs","10264","0x2016DC0 ^ _003CModule_003E_007Be69553f9_002Deb39_002D49cd_002D9d77_002Da4ee304d94f7_007D.m_7b86004a82fb42ee97ea7d5e58574563.m_582a7f02cd3044949cbbc8d81e970cdb","http://localhost:"
"PvfCode\WebApiServer.cs","10302","0x7C0F36DC ^ _003CModule_003E_007Be69553f9_002Deb39_002D49cd_002D9d77_002Da4ee304d94f7_007D.m_7b86004a82fb42ee97ea7d5e58574563.m_2bc1918cd21d40e9b73926d6c2cbc512","mess_HTTPServiceStarted"
"PvfCode\WebApiServer.cs","10352","-1904881294 ^ -1637021103 ^ _003CModule_003E_007Be69553f9_002Deb39_002D49cd_002D9d77_002Da4ee304d94f7_007D.m_7b86004a82fb42ee97ea7d5e58574563.m_80f251012e8548e0baf3267defb3d706","mess_HTTPServiceStartError"
"PvfCode\WebApiServer.cs","10408","0x662DE998 ^ _003CModule_003E_007Be69553f9_002Deb39_002D49cd_002D9d77_002Da4ee304d94f7_007D.m_7b86004a82fb42ee97ea7d5e58574563.m_1e27397300b24ef4ba98a645a53798c2","mess_PleaseLoadPvfPackFirst"
"PvfCode\WebApiServer.cs","10408","0x7A7ED514 ^ _003CModule_003E_007Be69553f9_002Deb39_002D49cd_002D9d77_002Da4ee304d94f7_007D.m_7b86004a82fb42ee97ea7d5e58574563.m_22c98bd810e84970b541501ace0b424a","mess_PleaseLoadPvfPackFirst"
"PvfCode\WebApiServer.cs","10408","0x3CA9967B ^ _003CModule_003E_007Be69553f9_002Deb39_002D49cd_002D9d77_002Da4ee304d94f7_007D.m_7b86004a82fb42ee97ea7d5e58574563.m_c10a6115b19c4927ae8ffc79f8f16dfb","mess_PleaseLoadPvfPackFirst"
"PvfCode\WebApiServer.cs","10408","0x2187B106 ^ _003CModule_003E_007Be69553f9_002Deb39_002D49cd_002D9d77_002Da4ee304d94f7_007D.m_7b86004a82fb42ee97ea7d5e58574563.m_a6871abdbd314ec9bd2de23164bed82c","mess_PleaseLoadPvfPackFirst"
"PvfCode\WebApiServer.cs","10408","0x70D1F50C ^ _003CModule_003E_007Be69553f9_002Deb39_002D49cd_002D9d77_002Da4ee304d94f7_007D.m_7b86004a82fb42ee97ea7d5e58574563.m_541fbf15174a41ce952b7916fd6276fe","mess_PleaseLoadPvfPackFirst"
"PvfCode\WebApiServer.cs","10408","-985766894 ^ -1757091224 ^ _003CModule_003E_007Be69553f9_002Deb39_002D49cd_002D9d77_002Da4ee304d94f7_007D.m_7b86004a82fb42ee97ea7d5e58574563.m_cb81f441a98e4bd493b61df435bbdbdb","mess_PleaseLoadPvfPackFirst"
"PvfCode\WebApiServer.cs","10408","0x622FAA0A ^ _003CModule_003E_007Be69553f9_002Deb39_002D49cd_002D9d77_002Da4ee304d94f7_007D.m_7b86004a82fb42ee97ea7d5e58574563.m_41a03ba455a9468b9050278ae77448e1","mess_PleaseLoadPvfPackFirst"
"PvfCode\WebApiServer.cs","10408","0x41ED535A ^ _003CModule_003E_007Be69553f9_002Deb39_002D49cd_002D9d77_002Da4ee304d94f7_007D.m_7b86004a82fb42ee97ea7d5e58574563.m_ba7ada5c647b4fc094df6608a5b444bd","mess_PleaseLoadPvfPackFirst"
"PvfCode\WebApiServer.cs","10408","0x30653EA2 ^ _003CModule_003E_007Be69553f9_002Deb39_002D49cd_002D9d77_002Da4ee304d94f7_007D.m_7b86004a82fb42ee97ea7d5e58574563.m_add69167a2c54fe0bb2e5f0af2545839","mess_PleaseLoadPvfPackFirst"
"PvfCode\WebApiServer.cs","10408","0x933291F ^ _003CModule_003E_007Be69553f9_002Deb39_002D49cd_002D9d77_002Da4ee304d94f7_007D.m_7b86004a82fb42ee97ea7d5e58574563.m_a47e9e4bf3624e7291689f8fb4b10989","mess_PleaseLoadPvfPackFirst"
"PvfCode\WebApiServer.cs","10408","0x704E1387 ^ _003CModule_003E_007Be69553f9_002Deb39_002D49cd_002D9d77_002Da4ee304d94f7_007D.m_7b86004a82fb42ee97ea7d5e58574563.m_c4f70e4f04fd48b4b9edaf9a9b8fdeae","mess_PleaseLoadPvfPackFirst"
"PvfCode\WebApiServer.cs","10408","0x527A8E7A ^ _003CModule_003E_007Be69553f9_002Deb39_002D49cd_002D9d77_002Da4ee304d94f7_007D.m_7b86004a82fb42ee97ea7d5e58574563.m_cb81f441a98e4bd493b61df435bbdbdb","mess_PleaseLoadPvfPackFirst"
"PvfCode\WebApiServer.cs","10408","0x704E1387 ^ _003CModule_003E_007Be69553f9_002Deb39_002D49cd_002D9d77_002Da4ee304d94f7_007D.m_7b86004a82fb42ee97ea7d5e58574563.m_c4f70e4f04fd48b4b9edaf9a9b8fdeae","mess_PleaseLoadPvfPackFirst"
"PvfCode\WebApiServer.cs","10408","0x4D23F513 ^ _003CModule_003E_007Be69553f9_002Deb39_002D49cd_002D9d77_002Da4ee304d94f7_007D.m_7b86004a82fb42ee97ea7d5e58574563.m_5924bd2461b7415baa9211b5f1cb71b2","mess_PleaseLoadPvfPackFirst"
"PvfCode\WebApiServer.cs","10408","0xD4157 ^ _003CModule_003E_007Be69553f9_002Deb39_002D49cd_002D9d77_002Da4ee304d94f7_007D.m_7b86004a82fb42ee97ea7d5e58574563.m_ffc261d25c834aebbee1da6f61154719","mess_PleaseLoadPvfPackFirst"
"PvfCode\WebApiServer.cs","10408","0x385530DD ^ _003CModule_003E_007Be69553f9_002Deb39_002D49cd_002D9d77_002Da4ee304d94f7_007D.m_7b86004a82fb42ee97ea7d5e58574563.m_0273572c23d24952bbcc01600fea0084","mess_PleaseLoadPvfPackFirst"
"PvfCode\WebApiServer.cs","10408","0xF0280B8 ^ _003CModule_003E_007Be69553f9_002Deb39_002D49cd_002D9d77_002Da4ee304d94f7_007D.m_7b86004a82fb42ee97ea7d5e58574563.m_e5d5198bec9744b280b22d7dede4d8ad","mess_PleaseLoadPvfPackFirst"
"PvfCode\WebApiServer.cs","10408","0x89AA081 ^ _003CModule_003E_007Be69553f9_002Deb39_002D49cd_002D9d77_002Da4ee304d94f7_007D.m_7b86004a82fb42ee97ea7d5e58574563.m_cf19654829b546c5ba704a307b4e0bfa","mess_PleaseLoadPvfPackFirst"
"PvfCode\WebApiServer.cs","10408","0x42E6DEB4 ^ _003CModule_003E_007Be69553f9_002Deb39_002D49cd_002D9d77_002Da4ee304d94f7_007D.m_7b86004a82fb42ee97ea7d5e58574563.m_bbd6700d16934fad8cc9f8d19544f21f","mess_PleaseLoadPvfPackFirst"
"PvfCode\WebApiServer.cs","10408","0x11B93784 ^ _003CModule_003E_007Be69553f9_002Deb39_002D49cd_002D9d77_002Da4ee304d94f7_007D.m_7b86004a82fb42ee97ea7d5e58574563.m_39a59c8c3fda4dbdaaf2213c010b00a8","mess_PleaseLoadPvfPackFirst"
"PvfCode\WebApiServer.cs","10408","1503723328 ^ 0x29EEECC7 ^ _003CModule_003E_007Be69553f9_002Deb39_002D49cd_002D9d77_002Da4ee304d94f7_007D.m_7b86004a82fb42ee97ea7d5e58574563.m_c4f70e4f04fd48b4b9edaf9a9b8fdeae","mess_PleaseLoadPvfPackFirst"
"PvfCode\WebApiServer.cs","10408","0x2E4B3DD3 ^ _003CModule_003E_007Be69553f9_002Deb39_002D49cd_002D9d77_002Da4ee304d94f7_007D.m_7b86004a82fb42ee97ea7d5e58574563.m_3f6f6322abdc4634a39525b5eb1c92fd","mess_PleaseLoadPvfPackFirst"
"PvfCode\WebApiServer.cs","10408","0xB8B0539 ^ _003CModule_003E_007Be69553f9_002Deb39_002D49cd_002D9d77_002Da4ee304d94f7_007D.m_7b86004a82fb42ee97ea7d5e58574563.m_e066a82cd08141c08d4817f20a7d29f3","mess_PleaseLoadPvfPackFirst"
"PvfCode\WebApiServer.cs","10408","0x3CA9967B ^ _003CModule_003E_007Be69553f9_002Deb39_002D49cd_002D9d77_002Da4ee304d94f7_007D.m_7b86004a82fb42ee97ea7d5e58574563.m_c10a6115b19c4927ae8ffc79f8f16dfb","mess_PleaseLoadPvfPackFirst"
"PvfCode\WebApiServer.cs","10408","0x4177904 ^ _003CModule_003E_007Be69553f9_002Deb39_002D49cd_002D9d77_002Da4ee304d94f7_007D.m_7b86004a82fb42ee97ea7d5e58574563.m_8fd2865c456d4936bd87c4a63c3e7ba1","mess_PleaseLoadPvfPackFirst"
"PvfCode\WebApiServer.cs","10466","0x1018DBB1 ^ _003CModule_003E_007Be69553f9_002Deb39_002D49cd_002D9d77_002Da4ee304d94f7_007D.m_7b86004a82fb42ee97ea7d5e58574563.m_80f251012e8548e0baf3267defb3d706","路径不能为空！"
"PvfCode\WebApiServer.cs","10466","0x4C16BAF6 ^ _003CModule_003E_007Be69553f9_002Deb39_002D49cd_002D9d77_002Da4ee304d94f7_007D.m_7b86004a82fb42ee97ea7d5e58574563.m_d7eae1243bb84fa8b3e43c67ebe44716","路径不能为空！"
"PvfCode\WebApiServer.cs","10484","0x11B937D8 ^ _003CModule_003E_007Be69553f9_002Deb39_002D49cd_002D9d77_002Da4ee304d94f7_007D.m_7b86004a82fb42ee97ea7d5e58574563.m_39a59c8c3fda4dbdaaf2213c010b00a8","不存在"
"PvfCode\WebApiServer.cs","10494","0x9332949 ^ _003CModule_003E_007Be69553f9_002Deb39_002D49cd_002D9d77_002Da4ee304d94f7_007D.m_7b86004a82fb42ee97ea7d5e58574563.m_a47e9e4bf3624e7291689f8fb4b10989","mess_FilePathCannotBeEmpty"
"PvfCode\WebApiServer.cs","10494","0x3CA9962D ^ _003CModule_003E_007Be69553f9_002Deb39_002D49cd_002D9d77_002Da4ee304d94f7_007D.m_7b86004a82fb42ee97ea7d5e58574563.m_c10a6115b19c4927ae8ffc79f8f16dfb","mess_FilePathCannotBeEmpty"
"PvfCode\WebApiServer.cs","10494","0x2B2E9688 ^ _003CModule_003E_007Be69553f9_002Deb39_002D49cd_002D9d77_002Da4ee304d94f7_007D.m_7b86004a82fb42ee97ea7d5e58574563.m_5b1a4905efa74bdd971c79e2845c55df","mess_FilePathCannotBeEmpty"
"PvfCode\WebApiServer.cs","10494","0x350921E7 ^ _003CModule_003E_007Be69553f9_002Deb39_002D49cd_002D9d77_002Da4ee304d94f7_007D.m_7b86004a82fb42ee97ea7d5e58574563.m_c3720eb655124e6e81b317ef170605cd","mess_FilePathCannotBeEmpty"
"PvfCode\WebApiServer.cs","10550","0x38553143 ^ _003CModule_003E_007Be69553f9_002Deb39_002D49cd_002D9d77_002Da4ee304d94f7_007D.m_7b86004a82fb42ee97ea7d5e58574563.m_0273572c23d24952bbcc01600fea0084","mess_NotExist"
"PvfCode\WebApiServer.cs","10550","0x41ED52C4 ^ _003CModule_003E_007Be69553f9_002Deb39_002D49cd_002D9d77_002Da4ee304d94f7_007D.m_7b86004a82fb42ee97ea7d5e58574563.m_ba7ada5c647b4fc094df6608a5b444bd","mess_NotExist"
"PvfCode\WebApiServer.cs","10550","0x89AA11F ^ _003CModule_003E_007Be69553f9_002Deb39_002D49cd_002D9d77_002Da4ee304d94f7_007D.m_7b86004a82fb42ee97ea7d5e58574563.m_cf19654829b546c5ba704a307b4e0bfa","mess_NotExist"
"PvfCode\WebApiServer.cs","10580","0x6D261B9A ^ _003CModule_003E_007Be69553f9_002Deb39_002D49cd_002D9d77_002Da4ee304d94f7_007D.m_7b86004a82fb42ee97ea7d5e58574563.m_a1b83f1dd0754677898be265fae789c4","stringtable.bin"
"PvfCode\WebApiServer.cs","10614","0x89AA15F ^ _003CModule_003E_007Be69553f9_002Deb39_002D49cd_002D9d77_002Da4ee304d94f7_007D.m_7b86004a82fb42ee97ea7d5e58574563.m_cf19654829b546c5ba704a307b4e0bfa","mess_FileNotExistTitle"
"PvfCode\WebApiServer.cs","10614","0x4BA09BB2 ^ _003CModule_003E_007Be69553f9_002Deb39_002D49cd_002D9d77_002Da4ee304d94f7_007D.m_7b86004a82fb42ee97ea7d5e58574563.m_d6a39a5ddb584a4d998858fb4ceeb027","mess_FileNotExistTitle"
"PvfCode\WebApiServer.cs","10614","0xF028166 ^ _003CModule_003E_007Be69553f9_002Deb39_002D49cd_002D9d77_002Da4ee304d94f7_007D.m_7b86004a82fb42ee97ea7d5e58574563.m_e5d5198bec9744b280b22d7dede4d8ad","mess_FileNotExistTitle"
"PvfCode\WebApiServer.cs","10614","0x4E1903EF ^ _003CModule_003E_007Be69553f9_002Deb39_002D49cd_002D9d77_002Da4ee304d94f7_007D.m_7b86004a82fb42ee97ea7d5e58574563.m_24a7cb1bd49e4021b5d8fa5493d816ca","mess_FileNotExistTitle"
"PvfCode\WebApiServer.cs","10614","0x2187B0D8 ^ _003CModule_003E_007Be69553f9_002Deb39_002D49cd_002D9d77_002Da4ee304d94f7_007D.m_7b86004a82fb42ee97ea7d5e58574563.m_a6871abdbd314ec9bd2de23164bed82c","mess_FileNotExistTitle"
"PvfCode\WebApiServer.cs","10614","0xB8B04E7 ^ _003CModule_003E_007Be69553f9_002Deb39_002D49cd_002D9d77_002Da4ee304d94f7_007D.m_7b86004a82fb42ee97ea7d5e58574563.m_e066a82cd08141c08d4817f20a7d29f3","mess_FileNotExistTitle"
"PvfCode\WebApiServer.cs","10662","0x6C4CCC06 ^ _003CModule_003E_007Be69553f9_002Deb39_002D49cd_002D9d77_002Da4ee304d94f7_007D.m_7b86004a82fb42ee97ea7d5e58574563.m_c4ac9f35eb704455b489a780e86cf909","mess_LstNameCannotBeEmpty"
"PvfCode\WebApiServer.cs","10716","0x51F1FC10 ^ _003CModule_003E_007Be69553f9_002Deb39_002D49cd_002D9d77_002Da4ee304d94f7_007D.m_7b86004a82fb42ee97ea7d5e58574563.m_e9daf7d92d7e4446976bda811e90502a","mess_ItemCodeCannotBeEmpty"
"PvfCode\WebApiServer.cs","10772","0x2B2E9462 ^ _003CModule_003E_007Be69553f9_002Deb39_002D49cd_002D9d77_002Da4ee304d94f7_007D.m_7b86004a82fb42ee97ea7d5e58574563.m_5b1a4905efa74bdd971c79e2845c55df",","
"PvfCode\WebApiServer.cs","10778","0x659E7487 ^ _003CModule_003E_007Be69553f9_002Deb39_002D49cd_002D9d77_002Da4ee304d94f7_007D.m_7b86004a82fb42ee97ea7d5e58574563.m_0cdaa8b4a2df45ea8b368477e0c569ba","mess_ItemCodeNoFound"
"PvfCode\WebApiServer.cs","10822","0x19F94E87 ^ _003CModule_003E_007Be69553f9_002Deb39_002D49cd_002D9d77_002Da4ee304d94f7_007D.m_7b86004a82fb42ee97ea7d5e58574563.m_afceaa2a86c14a5c9cf1f8f0fdd0f590","mess_LstNameCannotBeEmpty2"
"PvfCode\WebApiServer.cs","10878","0x41ED518C ^ _003CModule_003E_007Be69553f9_002Deb39_002D49cd_002D9d77_002Da4ee304d94f7_007D.m_7b86004a82fb42ee97ea7d5e58574563.m_ba7ada5c647b4fc094df6608a5b444bd","mess_ItemCodesCannotBeEmpty"
"PvfCode\WebApiServer.cs","10936","0x5FF2C319 ^ _003CModule_003E_007Be69553f9_002Deb39_002D49cd_002D9d77_002Da4ee304d94f7_007D.m_7b86004a82fb42ee97ea7d5e58574563.m_558c76f87bdc4d51a68101d12bccb609","null"
"PvfCode\WebApiServer.cs","10948","0x7C0F3426 ^ _003CModule_003E_007Be69553f9_002Deb39_002D49cd_002D9d77_002Da4ee304d94f7_007D.m_7b86004a82fb42ee97ea7d5e58574563.m_2bc1918cd21d40e9b73926d6c2cbc512","mess_EncodingError"
"PvfCode\WebApiServer.cs","10948","0x13FC6DAE ^ _003CModule_003E_007Be69553f9_002Deb39_002D49cd_002D9d77_002Da4ee304d94f7_007D.m_7b86004a82fb42ee97ea7d5e58574563.m_a7cc82b779404332a260d01290ecb801","mess_EncodingError"
"PvfCode\WebApiServer.cs","10988","0x89AA2C5 ^ _003CModule_003E_007Be69553f9_002Deb39_002D49cd_002D9d77_002Da4ee304d94f7_007D.m_7b86004a82fb42ee97ea7d5e58574563.m_cf19654829b546c5ba704a307b4e0bfa","mess_RequestContentCannotBeEmpty"
"PvfCode\WebApiServer.cs","11056","0xB1D0D88 ^ _003CModule_003E_007Be69553f9_002Deb39_002D49cd_002D9d77_002Da4ee304d94f7_007D.m_7b86004a82fb42ee97ea7d5e58574563.m_df89dfc2a96347ad9471b517744dea02","mess_FileListCannotBeEmpty"
"PvfCode\WebApiServer.cs","11112","0x46DA3A61 ^ _003CModule_003E_007Be69553f9_002Deb39_002D49cd_002D9d77_002Da4ee304d94f7_007D.m_7b86004a82fb42ee97ea7d5e58574563.m_34a93bd635aa4a0cb45ae24212f58e0f","path"
"PvfCode\WebApiServer.cs","11124","0x65E6D517 ^ _003CModule_003E_007Be69553f9_002Deb39_002D49cd_002D9d77_002Da4ee304d94f7_007D.m_7b86004a82fb42ee97ea7d5e58574563.m_0a3e5af7839d43a19884f927a9769d0e","application/octet-stream"
"PvfCode\WebApiServer.cs","11176","0x704E1087 ^ _003CModule_003E_007Be69553f9_002Deb39_002D49cd_002D9d77_002Da4ee304d94f7_007D.m_7b86004a82fb42ee97ea7d5e58574563.m_c4f70e4f04fd48b4b9edaf9a9b8fdeae","文件路径不能为空！"
"PvfCode\WebApiServer.cs","11176","0x41ED505A ^ _003CModule_003E_007Be69553f9_002Deb39_002D49cd_002D9d77_002Da4ee304d94f7_007D.m_7b86004a82fb42ee97ea7d5e58574563.m_ba7ada5c647b4fc094df6608a5b444bd","文件路径不能为空！"
"PvfCode\WebApiServer.cs","11176","0x65E6D5CB ^ _003CModule_003E_007Be69553f9_002Deb39_002D49cd_002D9d77_002Da4ee304d94f7_007D.m_7b86004a82fb42ee97ea7d5e58574563.m_0a3e5af7839d43a19884f927a9769d0e","文件路径不能为空！"
"PvfCode\WebApiServer.cs","11176","0x25C03E3F ^ _003CModule_003E_007Be69553f9_002Deb39_002D49cd_002D9d77_002Da4ee304d94f7_007D.m_7b86004a82fb42ee97ea7d5e58574563.m_c8944dd9ca4b4079b8678bce0630ff7d","文件路径不能为空！"
"PvfCode\WebApiServer.cs","11176","0x7A7ED614 ^ _003CModule_003E_007Be69553f9_002Deb39_002D49cd_002D9d77_002Da4ee304d94f7_007D.m_7b86004a82fb42ee97ea7d5e58574563.m_22c98bd810e84970b541501ace0b424a","文件路径不能为空！"
"PvfCode\WebApiServer.cs","11198","0x7C0F355C ^ _003CModule_003E_007Be69553f9_002Deb39_002D49cd_002D9d77_002Da4ee304d94f7_007D.m_7b86004a82fb42ee97ea7d5e58574563.m_2bc1918cd21d40e9b73926d6c2cbc512","Full"
"PvfCode\WebApiServer.cs","11210","0x3D9BFBD3 ^ _003CModule_003E_007Be69553f9_002Deb39_002D49cd_002D9d77_002Da4ee304d94f7_007D.m_7b86004a82fb42ee97ea7d5e58574563.m_825859c4ee504b91a6a1d6e7fabf4f01","文件不存在！"
"PvfCode\WebApiServer.cs","11210","0x3CA99519 ^ _003CModule_003E_007Be69553f9_002Deb39_002D49cd_002D9d77_002Da4ee304d94f7_007D.m_7b86004a82fb42ee97ea7d5e58574563.m_c10a6115b19c4927ae8ffc79f8f16dfb","文件不存在！"
"PvfCode\WebApiServer.cs","69900","0x4C178318 ^ _003CModule_003E_007Be69553f9_002Deb39_002D49cd_002D9d77_002Da4ee304d94f7_007D.m_7b86004a82fb42ee97ea7d5e58574563.m_d7eae1243bb84fa8b3e43c67ebe44716","mess_Interval"
"PvfCode\WebApiServer.cs","69930","0x4D22CC91 ^ _003CModule_003E_007Be69553f9_002Deb39_002D49cd_002D9d77_002Da4ee304d94f7_007D.m_7b86004a82fb42ee97ea7d5e58574563.m_5924bd2461b7415baa9211b5f1cb71b2","mess_UserNotLoadImagePack2ModelDir"
"PvfCode\WebApiServer.cs","70002","0x662CD042 ^ _003CModule_003E_007Be69553f9_002Deb39_002D49cd_002D9d77_002Da4ee304d94f7_007D.m_7b86004a82fb42ee97ea7d5e58574563.m_1e27397300b24ef4ba98a645a53798c2","mess_FileNoIconTag"
"PvfCode\WebApiServer.cs","70042","0x13FD56F0 ^ _003CModule_003E_007Be69553f9_002Deb39_002D49cd_002D9d77_002Da4ee304d94f7_007D.m_7b86004a82fb42ee97ea7d5e58574563.m_a7cc82b779404332a260d01290ecb801","mess_ImagePacks2ModelDirNoIcon"
"PvfCode\WebApiServer.cs","70106","0x704F2AF5 ^ _003CModule_003E_007Be69553f9_002Deb39_002D49cd_002D9d77_002Da4ee304d94f7_007D.m_7b86004a82fb42ee97ea7d5e58574563.m_c4f70e4f04fd48b4b9edaf9a9b8fdeae","mess_FileNotLst"
"PvfCode\WebApiServer.cs","70140","0x306407F6 ^ _003CModule_003E_007Be69553f9_002Deb39_002D49cd_002D9d77_002Da4ee304d94f7_007D.m_7b86004a82fb42ee97ea7d5e58574563.m_add69167a2c54fe0bb2e5f0af2545839","mess_FileNoLst"
"PvfCode\WebApiServer.cs","70172","0x4D22CFA7 ^ _003CModule_003E_007Be69553f9_002Deb39_002D49cd_002D9d77_002Da4ee304d94f7_007D.m_7b86004a82fb42ee97ea7d5e58574563.m_5924bd2461b7415baa9211b5f1cb71b2","Access-Control-Allow-Origin"
"PvfCode\WebApiServer.cs","70230","0x659F4CCB ^ _003CModule_003E_007Be69553f9_002Deb39_002D49cd_002D9d77_002Da4ee304d94f7_007D.m_7b86004a82fb42ee97ea7d5e58574563.m_0cdaa8b4a2df45ea8b368477e0c569ba","*"
"PvfCode\WebApiServer.cs","70236","0x4BA1A098 ^ _003CModule_003E_007Be69553f9_002Deb39_002D49cd_002D9d77_002Da4ee304d94f7_007D.m_7b86004a82fb42ee97ea7d5e58574563.m_d6a39a5ddb584a4d998858fb4ceeb027","POST"
"PvfCode\WebApiServer.cs","70248","0x690FF34A ^ _003CModule_003E_007Be69553f9_002Deb39_002D49cd_002D9d77_002Da4ee304d94f7_007D.m_7b86004a82fb42ee97ea7d5e58574563.m_864fc4c2b93e4f099c2c07aa23d782f6","GET"
"PvfCode\WebApiServer.cs","70258","0x38540A07 ^ _003CModule_003E_007Be69553f9_002Deb39_002D49cd_002D9d77_002Da4ee304d94f7_007D.m_7b86004a82fb42ee97ea7d5e58574563.m_0273572c23d24952bbcc01600fea0084","DELETE"
"PvfCode\WebApiServer.cs","70274","0x690FF3A0 ^ _003CModule_003E_007Be69553f9_002Deb39_002D49cd_002D9d77_002Da4ee304d94f7_007D.m_7b86004a82fb42ee97ea7d5e58574563.m_864fc4c2b93e4f099c2c07aa23d782f6","/file"
"PvfCode\WebApiServer.cs","70274","0x704F29AD ^ _003CModule_003E_007Be69553f9_002Deb39_002D49cd_002D9d77_002Da4ee304d94f7_007D.m_7b86004a82fb42ee97ea7d5e58574563.m_c4f70e4f04fd48b4b9edaf9a9b8fdeae","/file"
"PvfCode\WebApiServer.cs","70274","0x21868B2C ^ _003CModule_003E_007Be69553f9_002Deb39_002D49cd_002D9d77_002Da4ee304d94f7_007D.m_7b86004a82fb42ee97ea7d5e58574563.m_a6871abdbd314ec9bd2de23164bed82c","/file"
"PvfCode\WebApiServer.cs","70288","0x4BA1A054 ^ _003CModule_003E_007Be69553f9_002Deb39_002D49cd_002D9d77_002Da4ee304d94f7_007D.m_7b86004a82fb42ee97ea7d5e58574563.m_d6a39a5ddb584a4d998858fb4ceeb027","/Api/PvfUtiltiy/DeleteFiles"
"PvfCode\WebApiServer.cs","70346","0x7C0E0C28 ^ _003CModule_003E_007Be69553f9_002Deb39_002D49cd_002D9d77_002Da4ee304d94f7_007D.m_7b86004a82fb42ee97ea7d5e58574563.m_2bc1918cd21d40e9b73926d6c2cbc512","/Api/PvfUtiltiy/ImportFiles"
"PvfCode\WebApiServer.cs","70404","0x51F624C5 ^ _003CModule_003E_007Be69553f9_002Deb39_002D49cd_002D9d77_002Da4ee304d94f7_007D.m_7b86004a82fb42ee97ea7d5e58574563.m_c14a170a5a60490084306350f271c7f1","/Api/PvfUtiltiy/ImportFile"
"PvfCode\WebApiServer.cs","70460","0x47B80ED9 ^ _003CModule_003E_007Be69553f9_002Deb39_002D49cd_002D9d77_002Da4ee304d94f7_007D.m_7b86004a82fb42ee97ea7d5e58574563.m_0bd286ac068745bfb29b92d10b515130","/Api/PvfUtiltiy/GetItemInfos"
"PvfCode\WebApiServer.cs","70520","0x70CD6E84 ^ _003CModule_003E_007Be69553f9_002Deb39_002D49cd_002D9d77_002Da4ee304d94f7_007D.m_7b86004a82fb42ee97ea7d5e58574563.m_ee8424bd48bb442e9a823a15df5a62b4","/Api/PvfUtiltiy/FileListToLstRows"
"PvfCode\WebApiServer.cs","70590","0x7A7FEE02 ^ _003CModule_003E_007Be69553f9_002Deb39_002D49cd_002D9d77_002Da4ee304d94f7_007D.m_7b86004a82fb42ee97ea7d5e58574563.m_22c98bd810e84970b541501ace0b424a","/Api/PvfUtiltiy/filesToIconBase64"
"PvfCode\WebApiServer.cs","70660","-1499773451 ^ -876846273 ^ _003CModule_003E_007Be69553f9_002Deb39_002D49cd_002D9d77_002Da4ee304d94f7_007D.m_7b86004a82fb42ee97ea7d5e58574563.m_a1b83f1dd0754677898be265fae789c4","/Api/PvfUtiltiy/GetFileContents"
"PvfCode\WebApiServer.cs","70726","0xB8A39D7 ^ _003CModule_003E_007Be69553f9_002Deb39_002D49cd_002D9d77_002Da4ee304d94f7_007D.m_7b86004a82fb42ee97ea7d5e58574563.m_e066a82cd08141c08d4817f20a7d29f3","/Api/PvfUtiltiy/SearchPvf"
"PvfCode\WebApiServer.cs","70780","0x2D96337D ^ _003CModule_003E_007Be69553f9_002Deb39_002D49cd_002D9d77_002Da4ee304d94f7_007D.m_7b86004a82fb42ee97ea7d5e58574563.m_59a7418b35384ddea3432ed6abd3f702","/Api/PvfUtiltiy/ItemCodesToFileInfos"
"PvfCode\WebApiServer.cs","70856","0x51F0C104 ^ _003CModule_003E_007Be69553f9_002Deb39_002D49cd_002D9d77_002Da4ee304d94f7_007D.m_7b86004a82fb42ee97ea7d5e58574563.m_e9daf7d92d7e4446976bda811e90502a","/Api/PvfUtility/filesToIconBase64New"
"PvfCode\WebApiServer.cs","70932","0x265D38D6 ^ _003CModule_003E_007Be69553f9_002Deb39_002D49cd_002D9d77_002Da4ee304d94f7_007D.m_7b86004a82fb42ee97ea7d5e58574563.m_00f9435ae4b3435e95ad1d31b77e7a6f","name"
"PvfCode\WebApiServer.cs","70932","0x636D171E ^ _003CModule_003E_007Be69553f9_002Deb39_002D49cd_002D9d77_002Da4ee304d94f7_007D.m_7b86004a82fb42ee97ea7d5e58574563.m_972142dcef4a4cfba572768c2212069f","name"
"PvfCode\WebApiServer.cs","70932","0x70D0C8B0 ^ _003CModule_003E_007Be69553f9_002Deb39_002D49cd_002D9d77_002Da4ee304d94f7_007D.m_7b86004a82fb42ee97ea7d5e58574563.m_541fbf15174a41ce952b7916fd6276fe","name"
"PvfCode\WebApiServer.cs","70944","0xB1C3398 ^ _003CModule_003E_007Be69553f9_002Deb39_002D49cd_002D9d77_002Da4ee304d94f7_007D.m_7b86004a82fb42ee97ea7d5e58574563.m_df89dfc2a96347ad9471b517744dea02","filePath"
"PvfCode\WebApiServer.cs","70944","0x13FD524A ^ _003CModule_003E_007Be69553f9_002Deb39_002D49cd_002D9d77_002Da4ee304d94f7_007D.m_7b86004a82fb42ee97ea7d5e58574563.m_a7cc82b779404332a260d01290ecb801","filePath"
"PvfCode\WebApiServer.cs","70944","0x6D2727EE ^ _003CModule_003E_007Be69553f9_002Deb39_002D49cd_002D9d77_002Da4ee304d94f7_007D.m_7b86004a82fb42ee97ea7d5e58574563.m_a1b83f1dd0754677898be265fae789c4","filePath"
"PvfCode\WebApiServer.cs","70944","0x636D172A ^ _003CModule_003E_007Be69553f9_002Deb39_002D49cd_002D9d77_002Da4ee304d94f7_007D.m_7b86004a82fb42ee97ea7d5e58574563.m_972142dcef4a4cfba572768c2212069f","filePath"
"PvfCode\WebApiServer.cs","70944","0x662CD410 ^ _003CModule_003E_007Be69553f9_002Deb39_002D49cd_002D9d77_002Da4ee304d94f7_007D.m_7b86004a82fb42ee97ea7d5e58574563.m_1e27397300b24ef4ba98a645a53798c2","filePath"
"PvfCode\WebApiServer.cs","70944","0x51F0C0EC ^ _003CModule_003E_007Be69553f9_002Deb39_002D49cd_002D9d77_002Da4ee304d94f7_007D.m_7b86004a82fb42ee97ea7d5e58574563.m_e9daf7d92d7e4446976bda811e90502a","filePath"
"PvfCode\WebApiServer.cs","70944","0x5FF3FC81 ^ _003CModule_003E_007Be69553f9_002Deb39_002D49cd_002D9d77_002Da4ee304d94f7_007D.m_7b86004a82fb42ee97ea7d5e58574563.m_558c76f87bdc4d51a68101d12bccb609","filePath"
"PvfCode\WebApiServer.cs","70944","0x265D38E2 ^ _003CModule_003E_007Be69553f9_002Deb39_002D49cd_002D9d77_002Da4ee304d94f7_007D.m_7b86004a82fb42ee97ea7d5e58574563.m_00f9435ae4b3435e95ad1d31b77e7a6f","filePath"
"PvfCode\WebApiServer.cs","70944","0x41EC6ED2 ^ _003CModule_003E_007Be69553f9_002Deb39_002D49cd_002D9d77_002Da4ee304d94f7_007D.m_7b86004a82fb42ee97ea7d5e58574563.m_ba7ada5c647b4fc094df6608a5b444bd","filePath"
"PvfCode\WebApiServer.cs","70944","0x4BA1A7E4 ^ _003CModule_003E_007Be69553f9_002Deb39_002D49cd_002D9d77_002Da4ee304d94f7_007D.m_7b86004a82fb42ee97ea7d5e58574563.m_d6a39a5ddb584a4d998858fb4ceeb027","filePath"
"PvfCode\WebApiServer.cs","70944","0x2E4A005B ^ _003CModule_003E_007Be69553f9_002Deb39_002D49cd_002D9d77_002Da4ee304d94f7_007D.m_7b86004a82fb42ee97ea7d5e58574563.m_3f6f6322abdc4634a39525b5eb1c92fd","filePath"
"PvfCode\WebApiServer.cs","70944","0x89B9D09 ^ _003CModule_003E_007Be69553f9_002Deb39_002D49cd_002D9d77_002Da4ee304d94f7_007D.m_7b86004a82fb42ee97ea7d5e58574563.m_cf19654829b546c5ba704a307b4e0bfa","filePath"
"PvfCode\WebApiServer.cs","70964","0x636D173E ^ _003CModule_003E_007Be69553f9_002Deb39_002D49cd_002D9d77_002Da4ee304d94f7_007D.m_7b86004a82fb42ee97ea7d5e58574563.m_972142dcef4a4cfba572768c2212069f","mess_UnrecognizedCommand"
"PvfCode\WebApiServer.cs","71016","0x93214DF ^ _003CModule_003E_007Be69553f9_002Deb39_002D49cd_002D9d77_002Da4ee304d94f7_007D.m_7b86004a82fb42ee97ea7d5e58574563.m_a47e9e4bf3624e7291689f8fb4b10989","/Api/PvfUtiltiy/GetFileList"
"PvfCode\WebApiServer.cs","71074","0x2E4A00D9 ^ _003CModule_003E_007Be69553f9_002Deb39_002D49cd_002D9d77_002Da4ee304d94f7_007D.m_7b86004a82fb42ee97ea7d5e58574563.m_3f6f6322abdc4634a39525b5eb1c92fd","/Api/PvfUtiltiy/GetItemInfo"
"PvfCode\WebApiServer.cs","71132","0xB8A384D ^ _003CModule_003E_007Be69553f9_002Deb39_002D49cd_002D9d77_002Da4ee304d94f7_007D.m_7b86004a82fb42ee97ea7d5e58574563.m_e066a82cd08141c08d4817f20a7d29f3","/Api/PvfUtiltiy/getFileIcon"
"PvfCode\WebApiServer.cs","71190","0x25C10381 ^ _003CModule_003E_007Be69553f9_002Deb39_002D49cd_002D9d77_002Da4ee304d94f7_007D.m_7b86004a82fb42ee97ea7d5e58574563.m_c8944dd9ca4b4079b8678bce0630ff7d","/Api/PvfUtiltiy/getFileData"
"PvfCode\WebApiServer.cs","71248","0x89B9E79 ^ _003CModule_003E_007Be69553f9_002Deb39_002D49cd_002D9d77_002Da4ee304d94f7_007D.m_7b86004a82fb42ee97ea7d5e58574563.m_cf19654829b546c5ba704a307b4e0bfa","/Api/PvfUtiltiy/GetAllLstFileList"
"PvfCode\WebApiServer.cs","71318","0x51F0C35A ^ _003CModule_003E_007Be69553f9_002Deb39_002D49cd_002D9d77_002Da4ee304d94f7_007D.m_7b86004a82fb42ee97ea7d5e58574563.m_e9daf7d92d7e4446976bda811e90502a","/Api/PvfUtiltiy/GetFileContent"
"PvfCode\WebApiServer.cs","71382","0x7C0E0834 ^ _003CModule_003E_007Be69553f9_002Deb39_002D49cd_002D9d77_002Da4ee304d94f7_007D.m_7b86004a82fb42ee97ea7d5e58574563.m_2bc1918cd21d40e9b73926d6c2cbc512","/Api/PvfUtiltiy/getLstFileInfo"
"PvfCode\WebApiServer.cs","71446","0x4D22CAAD ^ _003CModule_003E_007Be69553f9_002Deb39_002D49cd_002D9d77_002Da4ee304d94f7_007D.m_7b86004a82fb42ee97ea7d5e58574563.m_5924bd2461b7415baa9211b5f1cb71b2","/Api/PvfUtiltiy/getStringTable"
"PvfCode\WebApiServer.cs","71510","0x2B2FA920 ^ _003CModule_003E_007Be69553f9_002Deb39_002D49cd_002D9d77_002Da4ee304d94f7_007D.m_7b86004a82fb42ee97ea7d5e58574563.m_5b1a4905efa74bdd971c79e2845c55df","/Api/PvfUtiltiy/DeleteFile"
"PvfCode\WebApiServer.cs","71566","0x2E4A02F5 ^ _003CModule_003E_007Be69553f9_002Deb39_002D49cd_002D9d77_002Da4ee304d94f7_007D.m_7b86004a82fb42ee97ea7d5e58574563.m_3f6f6322abdc4634a39525b5eb1c92fd","/Api/PvfUtiltiy/getVersion"
"PvfCode\WebApiServer.cs","71622","0x70CD6A3A ^ _003CModule_003E_007Be69553f9_002Deb39_002D49cd_002D9d77_002Da4ee304d94f7_007D.m_7b86004a82fb42ee97ea7d5e58574563.m_ee8424bd48bb442e9a823a15df5a62b4","/Api/PvfUtiltiy/GetTreeListFocusedFilePath"
"PvfCode\WebApiServer.cs","71710","0x47B805FB ^ _003CModule_003E_007Be69553f9_002Deb39_002D49cd_002D9d77_002Da4ee304d94f7_007D.m_7b86004a82fb42ee97ea7d5e58574563.m_0bd286ac068745bfb29b92d10b515130","/Api/PvfUtiltiy/GetSearchPanelTreeListFocusedFilePath"
"PvfCode\WebApiServer.cs","71820","0x659F4611 ^ _003CModule_003E_007Be69553f9_002Deb39_002D49cd_002D9d77_002Da4ee304d94f7_007D.m_7b86004a82fb42ee97ea7d5e58574563.m_0cdaa8b4a2df45ea8b368477e0c569ba","/Api/PvfUtiltiy/GetActiveDocumentFilePath"
"PvfCode\WebApiServer.cs","71906","0x6C4DFD42 ^ _003CModule_003E_007Be69553f9_002Deb39_002D49cd_002D9d77_002Da4ee304d94f7_007D.m_7b86004a82fb42ee97ea7d5e58574563.m_c4ac9f35eb704455b489a780e86cf909","/Api/PvfUtiltiy/SaveAsPvfFile"
"PvfCode\WebApiServer.cs","71968","0x6D272BEE ^ _003CModule_003E_007Be69553f9_002Deb39_002D49cd_002D9d77_002Da4ee304d94f7_007D.m_7b86004a82fb42ee97ea7d5e58574563.m_a1b83f1dd0754677898be265fae789c4","/Api/PvfUtiltiy/GetPvfPackFilePath"
"PvfCode\WebApiServer.cs","72040","0x67799561 ^ _003CModule_003E_007Be69553f9_002Deb39_002D49cd_002D9d77_002Da4ee304d94f7_007D.m_7b86004a82fb42ee97ea7d5e58574563.m_e0f0c9b53f5f4d0e88dcbb6df9cbe106","/Api/PvfUtiltiy/ItemCodeToFileInfo"
"PvfCode\WebApiServer.cs","72112","0x19F87D71 ^ _003CModule_003E_007Be69553f9_002Deb39_002D49cd_002D9d77_002Da4ee304d94f7_007D.m_7b86004a82fb42ee97ea7d5e58574563.m_afceaa2a86c14a5c9cf1f8f0fdd0f590","/Api/PvfUtiltiy/FileIsExists"
"PvfCode\WebApiServer.cs","72172","0x65E7E78F ^ _003CModule_003E_007Be69553f9_002Deb39_002D49cd_002D9d77_002Da4ee304d94f7_007D.m_7b86004a82fb42ee97ea7d5e58574563.m_0a3e5af7839d43a19884f927a9769d0e","/Api/PvfUtility/folderExists"
"PvfCode\WebApiServer.cs","72232","0x67799621 ^ _003CModule_003E_007Be69553f9_002Deb39_002D49cd_002D9d77_002Da4ee304d94f7_007D.m_7b86004a82fb42ee97ea7d5e58574563.m_e0f0c9b53f5f4d0e88dcbb6df9cbe106","/Api/PvfUtiltiy/GetTreeSelectedFiles"
"PvfCode\WebApiServer.cs","72308","0x662CDB44 ^ _003CModule_003E_007Be69553f9_002Deb39_002D49cd_002D9d77_002Da4ee304d94f7_007D.m_7b86004a82fb42ee97ea7d5e58574563.m_1e27397300b24ef4ba98a645a53798c2","/Api/PvfUtiltiy/GetSearchPanelSelectedFiles"
"PvfCode\WebApiServer.cs","72398","0x1B5F8EF8 ^ _003CModule_003E_007Be69553f9_002Deb39_002D49cd_002D9d77_002Da4ee304d94f7_007D.m_7b86004a82fb42ee97ea7d5e58574563.m_995dc3f7a3024d82ba87d77f60d35fca","/Api/PvfUtiltiy/getPvfRootDirectory"
"PvfCode\WebApiServer.cs","72472","0x70CD66E4 ^ _003CModule_003E_007Be69553f9_002Deb39_002D49cd_002D9d77_002Da4ee304d94f7_007D.m_7b86004a82fb42ee97ea7d5e58574563.m_ee8424bd48bb442e9a823a15df5a62b4","/Api/PvfUtility/getFileRootSestionInfo"
"PvfCode\WebApiServer.cs","72552","0x4C17897C ^ _003CModule_003E_007Be69553f9_002Deb39_002D49cd_002D9d77_002Da4ee304d94f7_007D.m_7b86004a82fb42ee97ea7d5e58574563.m_d7eae1243bb84fa8b3e43c67ebe44716","/Api/PvfUtility/goToTreeListNode"
"PvfCode\WebApiServer.cs","72620","0x4E183135 ^ _003CModule_003E_007Be69553f9_002Deb39_002D49cd_002D9d77_002Da4ee304d94f7_007D.m_7b86004a82fb42ee97ea7d5e58574563.m_24a7cb1bd49e4021b5d8fa5493d816ca","/list"
"PvfCode\WebApiServer.cs","72634","0x5DBAEBA3 ^ _003CModule_003E_007Be69553f9_002Deb39_002D49cd_002D9d77_002Da4ee304d94f7_007D.m_7b86004a82fb42ee97ea7d5e58574563.m_4dccf8dd3beb468396324e307ead22cc","/listSearch"
"PvfCode\WebApiServer.cs","72660","0x47B80631 ^ _003CModule_003E_007Be69553f9_002Deb39_002D49cd_002D9d77_002Da4ee304d94f7_007D.m_7b86004a82fb42ee97ea7d5e58574563.m_0bd286ac068745bfb29b92d10b515130","dirName"
"PvfCode\WebApiServer.cs","72678","352137165 ^ 0x58EAA63F ^ _003CModule_003E_007Be69553f9_002Deb39_002D49cd_002D9d77_002Da4ee304d94f7_007D.m_7b86004a82fb42ee97ea7d5e58574563.m_d7eae1243bb84fa8b3e43c67ebe44716","returnType"
"PvfCode\WebApiServer.cs","72702","0x21868250 ^ _003CModule_003E_007Be69553f9_002Deb39_002D49cd_002D9d77_002Da4ee304d94f7_007D.m_7b86004a82fb42ee97ea7d5e58574563.m_a6871abdbd314ec9bd2de23164bed82c","fileType"
"PvfCode\WebApiServer.cs","72722","0x1019EF41 ^ _003CModule_003E_007Be69553f9_002Deb39_002D49cd_002D9d77_002Da4ee304d94f7_007D.m_7b86004a82fb42ee97ea7d5e58574563.m_80f251012e8548e0baf3267defb3d706","useCompatibleDecompiler"
"PvfCode\WebApiServer.cs","72772","0x5FF3F5E5 ^ _003CModule_003E_007Be69553f9_002Deb39_002D49cd_002D9d77_002Da4ee304d94f7_007D.m_7b86004a82fb42ee97ea7d5e58574563.m_558c76f87bdc4d51a68101d12bccb609","encodingType"
"PvfCode\WebApiServer.cs","72800","0x11B8034C ^ _003CModule_003E_007Be69553f9_002Deb39_002D49cd_002D9d77_002Da4ee304d94f7_007D.m_7b86004a82fb42ee97ea7d5e58574563.m_39a59c8c3fda4dbdaaf2213c010b00a8","itemCode"
"PvfCode\WebApiServer.cs","72820","-1904881294 ^ -1033740526 ^ _003CModule_003E_007Be69553f9_002Deb39_002D49cd_002D9d77_002Da4ee304d94f7_007D.m_7b86004a82fb42ee97ea7d5e58574563.m_d7eae1243bb84fa8b3e43c67ebe44716","lstNames"
"PvfCode\WebApiServer.cs","72840","0x6D272E46 ^ _003CModule_003E_007Be69553f9_002Deb39_002D49cd_002D9d77_002Da4ee304d94f7_007D.m_7b86004a82fb42ee97ea7d5e58574563.m_a1b83f1dd0754677898be265fae789c4","openTextDocument"
"PvfCode\WebApiServer.cs","72876","0x4D22C117 ^ _003CModule_003E_007Be69553f9_002Deb39_002D49cd_002D9d77_002Da4ee304d94f7_007D.m_7b86004a82fb42ee97ea7d5e58574563.m_5924bd2461b7415baa9211b5f1cb71b2","application/json;charset=UTF-8"
"PvfCode\WebApiServer.cs","72876","0x70D0C108 ^ _003CModule_003E_007Be69553f9_002Deb39_002D49cd_002D9d77_002Da4ee304d94f7_007D.m_7b86004a82fb42ee97ea7d5e58574563.m_541fbf15174a41ce952b7916fd6276fe","application/json;charset=UTF-8"
"PvfCode\WebApiServer.cs","72940","0x51F62B2D ^ _003CModule_003E_007Be69553f9_002Deb39_002D49cd_002D9d77_002Da4ee304d94f7_007D.m_7b86004a82fb42ee97ea7d5e58574563.m_c14a170a5a60490084306350f271c7f1","Content-Type"
"PvfCode\WebApiServer.cs","72968","0x70D0C0AC ^ _003CModule_003E_007Be69553f9_002Deb39_002D49cd_002D9d77_002Da4ee304d94f7_007D.m_7b86004a82fb42ee97ea7d5e58574563.m_541fbf15174a41ce952b7916fd6276fe","请求类型："
"PvfCode\WebApiServer.cs","72982","0x25C10881 ^ _003CModule_003E_007Be69553f9_002Deb39_002D49cd_002D9d77_002Da4ee304d94f7_007D.m_7b86004a82fb42ee97ea7d5e58574563.m_c8944dd9ca4b4079b8678bce0630ff7d"," Url："
"PvfCode\WebApiServer.cs","72996","0x527BBBF6 ^ _003CModule_003E_007Be69553f9_002Deb39_002D49cd_002D9d77_002Da4ee304d94f7_007D.m_7b86004a82fb42ee97ea7d5e58574563.m_cb81f441a98e4bd493b61df435bbdbdb","Cannot access a disposed object.
Object name: 'System.Threading.ThreadPoolBoundHandle'."
"PvfCode\WebApiServer.cs","73176","0x7A7FE064 ^ _003CModule_003E_007Be69553f9_002Deb39_002D49cd_002D9d77_002Da4ee304d94f7_007D.m_7b86004a82fb42ee97ea7d5e58574563.m_22c98bd810e84970b541501ace0b424a","The IAsyncResult object was not returned from the corresponding asynchronous method on this class. (Parameter 'asyncResult')"
"PvfCode\WebApiServer.cs","73428","0x350817CD ^ _003CModule_003E_007Be69553f9_002Deb39_002D49cd_002D9d77_002Da4ee304d94f7_007D.m_7b86004a82fb42ee97ea7d5e58574563.m_c3720eb655124e6e81b317ef170605cd","mess_ImportFailed"
"PvfCode\WebApiServer.cs","73466","0x7A7FE346 ^ _003CModule_003E_007Be69553f9_002Deb39_002D49cd_002D9d77_002Da4ee304d94f7_007D.m_7b86004a82fb42ee97ea7d5e58574563.m_22c98bd810e84970b541501ace0b424a","mess_FilePathNoFileName"
"PvfCode\Window1.cs","11226","0x9332A6D ^ _003CModule_003E_007Be69553f9_002Deb39_002D49cd_002D9d77_002Da4ee304d94f7_007D.m_7b86004a82fb42ee97ea7d5e58574563.m_a47e9e4bf3624e7291689f8fb4b10989","/pvfUtility;V2026.1.22.2;component/window1.xaml"
"PvfCode\WindowLoading.cs","10104","0x6D2615B6 ^ _003CModule_003E_007Be69553f9_002Deb39_002D49cd_002D9d77_002Da4ee304d94f7_007D.m_7b86004a82fb42ee97ea7d5e58574563.m_a1b83f1dd0754677898be265fae789c4","/pvfUtility;V2026.1.22.2;component/views/windowloading.xaml"
"Recovered\Runtime\DevExpressTrialInitializer.cs","196","0x1B5E94F2 ^ _003CModule_003E_007Be69553f9_002Deb39_002D49cd_002D9d77_002Da4ee304d94f7_007D.m_7b86004a82fb42ee97ea7d5e58574563.m_995dc3f7a3024d82ba87d77f60d35fca","T133943904000000000"
"Recovered\Runtime\DevExpressTrialInitializer.cs","238","0x659E5E73 ^ _003CModule_003E_007Be69553f9_002Deb39_002D49cd_002D9d77_002Da4ee304d94f7_007D.m_7b86004a82fb42ee97ea7d5e58574563.m_0cdaa8b4a2df45ea8b368477e0c569ba","DevExpress.Xpf.Docking.DockLayoutManager, DevExpress.Xpf.Docking.v24.1, Version=24.1.5.0, Culture=neutral, PublicKeyToken=b88d1754d700e49a"
"Recovered\Runtime\DevExpressTrialInitializer.cs","518","0x89A8A2F ^ _003CModule_003E_007Be69553f9_002Deb39_002D49cd_002D9d77_002Da4ee304d94f7_007D.m_7b86004a82fb42ee97ea7d5e58574563.m_cf19654829b546c5ba704a307b4e0bfa","DevExpress.Xpf.Editors.TextEdit, DevExpress.Xpf.Core.v24.1, Version=24.1.5.0, Culture=neutral, PublicKeyToken=b88d1754d700e49a"
"Recovered\Runtime\DevExpressTrialInitializer.cs","774","0x13FC446C ^ _003CModule_003E_007Be69553f9_002Deb39_002D49cd_002D9d77_002Da4ee304d94f7_007D.m_7b86004a82fb42ee97ea7d5e58574563.m_a7cc82b779404332a260d01290ecb801","DevExpress.Xpf.Editors.BaseEdit, DevExpress.Xpf.Core.v24.1, Version=24.1.5.0, Culture=neutral, PublicKeyToken=b88d1754d700e49a"
"Recovered\Runtime\DevExpressTrialInitializer.cs","1030","0x6C4CE1A6 ^ _003CModule_003E_007Be69553f9_002Deb39_002D49cd_002D9d77_002Da4ee304d94f7_007D.m_7b86004a82fb42ee97ea7d5e58574563.m_c4ac9f35eb704455b489a780e86cf909","DevExpress.Xpf.Grid.TreeListControl, DevExpress.Xpf.Grid.v24.1, Version=24.1.5.0, Culture=neutral, PublicKeyToken=b88d1754d700e49a"
"Recovered\Runtime\DevExpressTrialInitializer.cs","1294","0x659E5B93 ^ _003CModule_003E_007Be69553f9_002Deb39_002D49cd_002D9d77_002Da4ee304d94f7_007D.m_7b86004a82fb42ee97ea7d5e58574563.m_0cdaa8b4a2df45ea8b368477e0c569ba","DevExpress.Xpf.Editors.ButtonEdit, DevExpress.Xpf.Core.v24.1, Version=24.1.5.0, Culture=neutral, PublicKeyToken=b88d1754d700e49a"
"Recovered\Runtime\DevExpressTrialInitializer.cs","1554","0x1018F541 ^ _003CModule_003E_007Be69553f9_002Deb39_002D49cd_002D9d77_002Da4ee304d94f7_007D.m_7b86004a82fb42ee97ea7d5e58574563.m_80f251012e8548e0baf3267defb3d706","DevExpress.Xpf.Editors.AutoSuggestEdit, DevExpress.Xpf.Core.v24.1, Version=24.1.5.0, Culture=neutral, PublicKeyToken=b88d1754d700e49a"
"Recovered\Runtime\DevExpressTrialInitializer.cs","1824","0x265C2AE2 ^ _003CModule_003E_007Be69553f9_002Deb39_002D49cd_002D9d77_002Da4ee304d94f7_007D.m_7b86004a82fb42ee97ea7d5e58574563.m_00f9435ae4b3435e95ad1d31b77e7a6f","DevExpress.Xpf.Editors.ColorEdit, DevExpress.Xpf.Core.v24.1, Version=24.1.5.0, Culture=neutral, PublicKeyToken=b88d1754d700e49a"
"Recovered\Runtime\DevExpressTrialInitializer.cs","2082","0x4D23D599 ^ _003CModule_003E_007Be69553f9_002Deb39_002D49cd_002D9d77_002Da4ee304d94f7_007D.m_7b86004a82fb42ee97ea7d5e58574563.m_5924bd2461b7415baa9211b5f1cb71b2","DevExpress.Xpf.Editors.ComboBoxEdit, DevExpress.Xpf.Core.v24.1, Version=24.1.5.0, Culture=neutral, PublicKeyToken=b88d1754d700e49a"
"Recovered\Runtime\DevExpressTrialInitializer.cs","2346","0x2014CF2 ^ _003CModule_003E_007Be69553f9_002Deb39_002D49cd_002D9d77_002Da4ee304d94f7_007D.m_7b86004a82fb42ee97ea7d5e58574563.m_582a7f02cd3044949cbbc8d81e970cdb","DevExpress.Xpf.LayoutControl.GroupBox, DevExpress.Xpf.LayoutControl.v24.1, Version=24.1.5.0, Culture=neutral, PublicKeyToken=b88d1754d700e49a"
"Recovered\Runtime\DevExpressTrialInitializer.cs","2632","0x13FC4D22 ^ _003CModule_003E_007Be69553f9_002Deb39_002D49cd_002D9d77_002Da4ee304d94f7_007D.m_7b86004a82fb42ee97ea7d5e58574563.m_a7cc82b779404332a260d01290ecb801","DevExpress.Xpf.Grid.GridControl, DevExpress.Xpf.Grid.v24.1, Version=24.1.5.0, Culture=neutral, PublicKeyToken=b88d1754d700e49a"
"Recovered\Runtime\DevExpressTrialInitializer.cs","2888","0x6D263986 ^ _003CModule_003E_007Be69553f9_002Deb39_002D49cd_002D9d77_002Da4ee304d94f7_007D.m_7b86004a82fb42ee97ea7d5e58574563.m_a1b83f1dd0754677898be265fae789c4","DevExpress.Xpf.Editors.PopupColorEdit, DevExpress.Xpf.Core.v24.1, Version=24.1.5.0, Culture=neutral, PublicKeyToken=b88d1754d700e49a"
"viewmodels\documentfolder\editorhovertooltip\ToolTipViewModel_ItemCodeHoverTooltip.cs","3572","0x65E6F397 ^ _003CModule_003E_007Be69553f9_002Deb39_002D49cd_002D9d77_002Da4ee304d94f7_007D.m_7b86004a82fb42ee97ea7d5e58574563.m_0a3e5af7839d43a19884f927a9769d0e","
"
"viewmodels\documentfolder\editorhovertooltip\ToolTipViewModel_ItemCodeHoverTooltip.cs","3790","0x2E4B1BB5 ^ _003CModule_003E_007Be69553f9_002Deb39_002D49cd_002D9d77_002Da4ee304d94f7_007D.m_7b86004a82fb42ee97ea7d5e58574563.m_3f6f6322abdc4634a39525b5eb1c92fd","ToolTipViewModel_ItemCodeHoverTooltip_NotFoundItemCode"
"viewmodels\documentfolder\editorhovertooltip\ToolTipViewModel_ItemCodeHoverTooltip.cs","3902","0x67788337 ^ _003CModule_003E_007Be69553f9_002Deb39_002D49cd_002D9d77_002Da4ee304d94f7_007D.m_7b86004a82fb42ee97ea7d5e58574563.m_e0f0c9b53f5f4d0e88dcbb6df9cbe106","`"
"viewmodels\documentfolder\editorhovertooltip\ToolTipViewModel_ItemCodeHoverTooltip.cs","3908","0x5DBBFF5D ^ _003CModule_003E_007Be69553f9_002Deb39_002D49cd_002D9d77_002Da4ee304d94f7_007D.m_7b86004a82fb42ee97ea7d5e58574563.m_4dccf8dd3beb468396324e307ead22cc","`	"
"viewmodels\documentfolder\editorhovertooltip\ToolTipViewModel_ItemCodeHoverTooltip.cs","3916","0x690EEE6E ^ _003CModule_003E_007Be69553f9_002Deb39_002D49cd_002D9d77_002Da4ee304d94f7_007D.m_7b86004a82fb42ee97ea7d5e58574563.m_864fc4c2b93e4f099c2c07aa23d782f6","IemCodeToItemNamePopupViewModel.IemCodeToItemNamePopupViewModel"
"viewmodels\documentfolder\OffsetColorizers\LinkHoverStyle.cs","3772","0x41ED754E ^ _003CModule_003E_007Be69553f9_002Deb39_002D49cd_002D9d77_002Da4ee304d94f7_007D.m_7b86004a82fb42ee97ea7d5e58574563.m_ba7ada5c647b4fc094df6608a5b444bd","#5191c5"
"viewmodels\independent_drop\Dungeon_drop_rate_balance.cs","3580","0x265C203E ^ _003CModule_003E_007Be69553f9_002Deb39_002D49cd_002D9d77_002Da4ee304d94f7_007D.m_7b86004a82fb42ee97ea7d5e58574563.m_00f9435ae4b3435e95ad1d31b77e7a6f","	"
"viewmodels\Tools\ConvertChinaPvfFiles\ViewConvertChinaPvfFilesViewModel.cs","68058","0x21869074 ^ _003CModule_003E_007Be69553f9_002Deb39_002D49cd_002D9d77_002Da4ee304d94f7_007D.m_7b86004a82fb42ee97ea7d5e58574563.m_a6871abdbd314ec9bd2de23164bed82c","mess_ConvertComplete"
"views\store\ViewStoreList.cs","3388","0x19F969FD ^ _003CModule_003E_007Be69553f9_002Deb39_002D49cd_002D9d77_002Da4ee304d94f7_007D.m_7b86004a82fb42ee97ea7d5e58574563.m_afceaa2a86c14a5c9cf1f8f0fdd0f590","/pvfUtility;V2026.1.22.2;component/views/store/viewstorelist.xaml"
"views\tools\convertchinapvffiles\ViewConvertChinaPvfFiles.cs","3190","0xF02A466 ^ _003CModule_003E_007Be69553f9_002Deb39_002D49cd_002D9d77_002Da4ee304d94f7_007D.m_7b86004a82fb42ee97ea7d5e58574563.m_e5d5198bec9744b280b22d7dede4d8ad","/pvfUtility;V2026.1.22.2;component/views/tools/convertchinapvffiles/viewconvertchinapvffiles.xaml"
